"Systematik der Einnahmen und Ausgaben der privaten Haushalte, Ausgabe 2021";""
"Dateiinhalt: Stichwörter";""
"Sprache: Systematik der Einnahmen und Ausgaben der privaten Haushalte, Ausgabe 2021";""
"Letzte Aktualisierung der Stichwörter: 18.09.2024 08:00:38 (GMT+0200)";""
"Weitere Informationen: klassifikationsserver.de";""
"Copyright:";""
"Eigentümer:";""
"Stichwort";"Schlüssel SEA 2021"
"Aal, frisch (auch lebend), gekühlt";"0113 101"
"Aal, gefroren";"0113 102"
"Aal, geräuchert";"0113 200"
"Abbuchungen von Geschäftskonten im Gewerbebetrieb, für private Zwecke";"0013 900"
"Abbuchungen von Geschäftskonten im land- und forstwirtschaftlichen Betrieb, für private Zwecke";"0013 900"
"Abbuchungen von Postsparbüchern";"0071 100"
"Abbuchungen von Sparbüchern";"0071 100"
"Abbuchungen von Termingeldkonten";"0071 200"
"Abdeckfolien, universell einsetzbar";"0540 329"
"Abdeckplanen, universell verwendbar";"0540 329"
"Abdeckungen für Fahrräder";"0721 308"
"Abdeckungen für Kraftfahrzeuge";"0721 305"
"Abendgymnasien, postsekundarer, nicht-tertiärer Bildungsbereich, Dienstleistungen";"1030 000"
"Abendhauptschulen, Sekundarbereich I, Dienstleistungen";"1020 010"
"Abendkleider";"0312 22"
"Abendrealschulen, Sekundarbereich I, Dienstleistungen";"1020 010"
"Abfalleimer aus anderem Material";"0540 325"
"Abfalleimer aus Kunststoff";"0540 325"
"Abfallkübel aus anderem Material";"0540 325"
"Abfallkübel aus Kunststoff";"0540 325"
"Abfalltonnen aus anderem Material";"0540 325"
"Abfalltonnen aus Kunststoff";"0540 325"
"Abfindungen an den geschiedenen Ehepartner, Ausgaben, gesetzlich und vertraglich";"1643 100"
"Abfindungen aus der gesetzlichen Rentenversicherung";"0031 580"
"Abfindungen aus der gesetzlichen Unfallversicherung";"0031 580"
"Abfindungen aus der Kraftfahrzeugversicherung";"0033 220"
"Abfindungen aus der Kriegsopferversorgung";"0031 639"
"Abfindungen aus der Zusatzversorgung für Angehörige des öffentlichen Dienstes";"0031 580"
"Abfindungen aus privater Schaden- und Unfallversicherung";"0033 220"
"Abfindungen beim Ausscheiden aus einem Arbeits- oder Dienstverhältnis, brutto, Einnahmen";"0011 140"
"Abfindungen vom geschiedenen Ehepartner, Einnahmen";"0033 420"
"Abführmittel, apothekenpflichtig (ohne solche für Tiere), nicht pflanzlich oder homöopathisch";"0611 120"
"Abführmittel, apothekenpflichtig (ohne solche für Tiere), pflanzlich oder homöopathisch";"0611 220"
"Abgasuntersuchungen an Kraftfahrzeugen, Bestandteil der Hauptuntersuchung (HU)";"0724 328"
"Abgeltungssteuer, Ausgaben";"1611 150"
"Abhebungen von Festgeldkonten";"0071 200"
"Abhebungen von Postsparbüchern";"0071 100"
"Abhebungen von Sparbüchern";"0071 100"
"Abhebungen von Termingeldkonten";"0071 200"
"Abmeldegebühren für Kraftfahrzeuge";"0724 321"
"Abonnements für Fachbücher";"0971 906"
"Abonnements für Lehr- und Schulbücher";"0971 100"
"Abonnements für Sonntagszeitungen (Internetabonnement)";"0972 107"
"Abonnements für Sonntagszeitungen (ohne Internetabonnement)";"0972 104"
"Abonnements für Tageszeitungen (ohne Fachzeitungen) (Internetabonnement)";"0972 107"
"Abonnements für Tageszeitungen (ohne Fachzeitungen) (ohne Internetabonnement)";"0972 104"
"Abonnements für Wochenzeitungen (ohne Fachzeitungen)";"0972 105"
"Abonnements für Zeitschriften und periodische Druckschriften";"0972 2"
"Abplättmuster";"0561 909"
"Abreißkalender";"0973 002"
"Abriss eines Hauses, werterhöhende Maßnahme für das Grundstück";"1663 000"
"Absätze für Damenschuhe";"0321 290"
"Absätze für Herrenschuhe";"0321 190"
"Absätze für Kinderschuhe";"0321 390"
"Abschlagszahlungen aus einem Arbeits- oder Dienstverhältnis, brutto";"0011"
"Abschleifen  von Parkettfußböden";"0432 009"
"Abschleppdienst für Kraftfahrzeuge (ohne Reparatur)";"0724 200"
"Abschleppseil";"0721 305"
"Abschlussgebühren für Bausparverträge";"1229 900"
"Abschlussgebühren für Versicherungsverträge für Lebensversicherungen";"1211 001"
"Abschlussgebühren für Versicherungsverträge ohne Lebensversicherungen";"1219 000"
"Absperrband";"0561 909"
"Abstellplatzmieten für Pkw, Wohnanhänger (ohne Mieten für Garagen und Stellplätze, die zur Wohnung gehören)";"0724 102"
"Abtropfgestelle für Haushaltsgeschirr";"0561 909"
"Abtropfplatten für Haushaltsgeschirr";"0561 909"
"Abwasserbeseitigungsgebühren, Ausgaben der Eigentümerinnen und Eigentümer für Nebenkosten, für vermietetes/verpachtetes Grundvermögen";"1679 400"
"Abwasserbeseitigungsgebühren für die Abwasserentsorgung über die Kanalisation, Ausgaben der Wohnungsinhaberinnen und Wohnungsinhaber (ohne Umlagen)";"0443 100"
"Abwasserbeseitigungsgebühren für die Abwasserentsorgung über hauseigene Abwassersysteme, Ausgaben der Wohnungsinhaberinnen und Wohnungsinhaber (ohne Umlagen)";"0443 200"
"Abwrackprämie für Kraftfahrtzeuge";"0031 639"
"Abzeichen, Plaketten";"0973 004"
"Abziehbilder";"0973 004"
"Abzieher für Fenster, Duschkabinen, Badfliesen u.Ä.";"0561 123"
"Abzüge für die Arbeitslosenversicherung, Pflichtbeiträge und freiwillige Beiträge";"1621 600"
"Abzüge für die gesetzliche Krankenversicherung, Pflicht- und Zusatzbeiträge";"1621 590"
"Abzüge für die Knappschaft-Bahn-See-Versicherung, Pflicht- und Zusatzbeiträge";"1621 590"
"Abzüge für die Rentenversicherung Pflichtbeiträge";"1621 800"
"Abzweigdosen, elektrische Installationsgeräte";"0431 108"
"ACE-Getränke";"0121 003"
"Achsaggregate für Kraftwagen, komplett";"0721 205"
"Achsöl für Fahrräder";"0722 409"
"Achsöl für Kraftfahrzeuge";"0722 409"
"Achsteile für Kraftfahrzeuge";"0721 202"
"Ackerbohnen, frisch oder gekühlt";"0117 300"
"Ackerschlepper";"0551 001"
"Acryl für die Instandhaltung der Wohnung";"0431 108"
"Action-Camcorder";"0911 105"
"Action-Kamera";"0911 105"
"Adapter, Elektroinstallationsmaterial";"0552 204"
"Adoptionsdienstleistungen sozialer Einrichtungen und karitativer Verbände";"1330 900"
"Adressbücher";"0973 004"
"Adventsgestecke, künstlich und natürlich";"1322 000"
"Adventskalender aus Papier, mit Schokolade gefüllt";"0118 509"
"Adventskalender aus Papier, nicht gefüllt";"0973 002"
"Adventskalender mit Tierfutter für Heimtiere";"0932 201"
"Adventskerzen";"0561 903"
"Adventskränze, künstlich";"1322 000"
"Adventskränze aus frischen Tannenzweigen";"1322 000"
"After Shave Rasierwasser";"1312 234"
"Ahornsirup";"0118 202"
"Airbrushstifte, Blopens";"0974 008"
"Akkordeonkoffer";"0951 005"
"Akkordeons, elektronisch";"0951 002"
"Akkordeons, nichtelektronisch";"0951 003"
"Akkordlohn aus einem Arbeits- oder Dienstverhältnis, brutto";"0011 110"
"Akkuladegeräte für Handys";"0819 209"
"Akkuladegeräte für Kameras";"0911 207"
"Akkuladegeräte für spezielle Haushaltsakkus";"0552 204"
"Akku-Lampen für Fahrräder";"0721 308"
"Akkumulatoren/Batterien für allgemeine Zwecke, z.B. Rundfunkempfangsgeräte, Foto- und Filmaufnahmegeräte, Spielwaren, Taschenlampen, Tonbandgeräte, Uhren";"0552 203"
"Akkumulatoren/Batterien für Informations- und Kommunikationstechnik";"0819 209"
"Akkumulatoren für Kraftfahrzeuge";"0721 201"
"Akku-Schrauber";"0551 002"
"Akkus für allgemeine Zwecke";"0552 203"
"Akkus für Informations- und Kommunikationstechnik";"0819 209"
"Aktenkoffer";"1329 113"
"Aktenmappen";"1329 113"
"Aktenordner";"0974 006"
"Aktenschränke (ohne Geldschränke)";"0511 160"
"Aktentaschen";"1329 113"
"Aktenvernichter";"0974 006"
"Aktien, Kauf";"1685 300"
"Aktien, Verkauf";"0071 410"
"Aktienfonds, Anteile, Kauf";"1685 500"
"Aktienfonds, Anteile, Verkauf";"0071 410"
"Akupunkturen, Ambulante Heilbehandlung und medizinische Rehabilitation";"0623 105"
"Alarmanlage auf Kosten der Eigentümerinnen und Eigentümer, werterhöhend";"1663 000"
"Alarmanlagen auf Kosten der Eigentümerinnen oder Eigentümer, Reparaturen an";"1675 100"
"Alarmanlagen auf Kosten der Mieterinnen oder Mieter, Reparaturen an";"0432 002"
"Alarmanlagenreparaturen, Ausgaben der Eigentümerinnen oder Eigentümer";"1675 100"
"Alarmanlagen und -systeme";"0431 200"
"Alarmsysteme, medizinisch, für den Hausgebrauch, Miete für";"0614 000"
"Ale";"0213 001"
"Alimentenzahlungen, Ausgaben, freiwillig";"1643 200"
"Alimentenzahlungen, Ausgaben, gesetzlich und vertraglich";"1643 100"
"Alkohol, für medizinische Zwecke";"0611 120"
"Alkohol, Kraftstoff (auch für Freizeitfahrzeuge)";"0722 308"
"Alkoholfreier Apfelwein, Verzehr in Kantinen, Mensen, a.n.g.";"1112 900"
"Alkoholfreier Apfelwein, Verzehr in Kantinen, Mensen von Hochschulen und Schulen";"1112 100"
"Alkoholfreier Apfelwein, Verzehr Restaurants, Cafés, Bars, mit umfassender Bedienungsleistung";"1111 143"
"Alkoholfreier Apfelwein";"0212 162"
"Alkoholfreier Beerenwein, Verzehr in Kantinen, Mensen, a.n.g";"1112 900"
"Alkoholfreier Beerenwein, Verzehr in Kantinen, Mensen von Hochschulen und Schulen";"1112 100"
"Alkoholfreier Beerenwein, Verzehr in Restaurants, Cafés, Bars, mit umfassender Bedienungsleistung";"1111 143"
"Alkoholfreier Beerenwein";"0212 162"
"Alkoholfreier Branntwein";"0211 030"
"Alkoholfreier Sekt";"0212 142"
"Alkoholfreier Wein, Verzehr in Kantinen, Mensen, a.n.g.";"1112 900"
"Alkoholfreier Wein, Verzehr in Kantinen, Mensen von Hochschulen";"1112 100"
"Alkoholfreier Wein, Verzehr in Restaurants, Cafés, Bars, mit umfassender Bedienungsleistung";"1111 143"
"Alkoholfreier Wein";"0212 162"
"Alkoholfreies Bier, Verzehr in Kantinen, Mensen, a.n.g.";"1112 900"
"Alkoholfreies Bier, Verzehr in Kantinen, Mensen von Hochschulen";"1112 100"
"Alkoholfreies Bier, Verzehr in Restaurants, Cafés, Bars, mit umfassender Bedienungsleistung";"1111 144"
"Alkoholfreies Bier";"0213 003"
"Alkoholtester";"0612 102"
"Alkopops, Erfrischungsmixgetränke mit einem Alkoholgehalt < 6 % (ohne Spirituosenmischgetränke)";"0219 020"
"Alleskleber";"0561 909"
"Allesschneider, elektrisch, Küchenmaschinen";"0532 102"
"Allesschneider, nichtelektrisch, Küchenmaschinen";"0532 102"
"Alligatorenfleisch";"0112 250"
"Allzweckklebstoffe";"0561 909"
"Allzweckreiniger";"0561 115"
"Allzwecktücher, Reinigungstücher";"0561 122"
"Almosen, Ausgaben";"1643 200"
"Aloe Vera Saft";"0129 009"
"Altbier, Verzehr in Kantinen, Mensen nicht von Hochschulen, Schulen und Kindergärten";"1112 900"
"Altbier, Verzehr in Kantinen, Mensen  von Hochschulen";"1112 100"
"Altbier, Verzehr in Restaurants, Cafés, Bars, mit umfassender Bedienungsleistung";"1111 144"
"Altbier";"0213 001"
"Altenheime, Aufwendungen für medizinische  Betreuung und Pflege, Zuzahlungen und Eigenanteile der gesetzlich Versicherten zu langfristigen stationären Gesundheitsdienstleistungen";"0632 001"
"Altenheime, nicht aufteilbare Leistungen für langfristige  Aufenthalte";"1330 200"
"Altenhilfe, Sozialhilfe, laufende Einnahmen";"0031 615"
"Altenpflegeheime, Aufwendungen für Verpflegung";"1330 200"
"Altenpflege in der Wohnung";"1330 300"
"Altenwohnheime, nicht aufteilbare Leistungen für langfristige  Aufenthalte ()";"1330 200"
"Altersgeld aus eigener früherer Erwerbstätigkeit";"0031 110"
"Altersgeld für Witwen und Witwer";"0031 120"
"Altershilfe für Landwirte, freiwillige Beiträge";"1622 800"
"Altershilfe für Landwirte, Pflichtbeiträge";"1621 800"
"Alterskassen, einmalige und unregelmäßige Einnahmen";"0033 500"
"Alterskassen, freiwillige Beiträge, Prämien";"1631 200"
"Altersteilzeitgeld";"0011 800"
"Altersversicherung, Beiträge für private Rentenversicherung sowie für Lebens-, Ausbildungs-, Aussteuer- und Sterbegeldversicherung";"1687"
"Altersversicherung, Kapitalauszahlung, Beitragserstattung, Gewinnbeteiligung";"0077 200"
"Altersversicherungen, Entgelte für Dienstleistungen der Lebensversicherungen (ohne Versicherungsbeiträge)";"1211 001"
"Altreifenentsorgung";"0442 000"
"Alufolien für den Haushalt";"0561 902"
"Amarenakirschen, kandiert";"0118 901"
"Amateurfunkgeräte, stationär";"0814 013"
"Amazon Pantry, nationaler Lieferservice von Nahrungsmitteln";"0741 200"
"Amazon Prime";"0839 202"
"Ambulante Heilbehandlung und medizinische Rehabilitation auf der Straße";"0623 105"
"Ameisenköder";"0561 906"
"Amerikaner, Verzehr in Kantinen, Mensen nicht von Hochschulen, Schulen und Kindergärten";"1112 900"
"Amerikaner, Verzehr in Kantinen, Mensen von Hochschulen, Schulen und Kindergärten";"1112 100"
"Amerikaner, Verzehr in Restaurants, Cafés, Bars, mit umfassender Bedienungsleistung, mit umfassender Bedienungsleistung";"1111 121"
"Ammen";"1330 101"
"Amortisation von Baudarlehen";"1651 200"
"Amortisation von Teilzahlungs-, Klein- u.ä. Krediten";"1652 300"
"Amulette";"1322 000"
"Ananas, frisch oder gekühlt";"0116 109"
"Ananaskonserven";"0116 906"
"Ananassaft, Verzehr in Kantinen, Mensen nicht von Hochschulen, Schulen und Kindergärten";"1112 900"
"Ananassaft, Verzehr in Kantinen, Mensen von Hochschulen, Schulen und Kindergärten";"1112 100"
"Ananassaft, Verzehr in Restaurants, Cafés, Bars, mit umfassender Bedienungsleistung";"1111 153"
"Ananassaft";"0121 003"
"Anbauschränke, Küchenschränke";"0511 133"
"Anbringen von Gardinen";"0522 000"
"Anbringen von Vorhängen";"0522 000"
"Anchovis";"0113 200"
"Andere einmalige und unregelmäßige Zahlungen der gesetzlichen Krankenversicherung";"0031 420"
"Andere einmalige und unregelmäßige Zahlungen der Sozialversicherung und Arbeitsförderung";"0031 580"
"Andere Einnahmen (nicht zuordenbar)";"0097 000"
"Andere Einnahmen aus selbständiger Arbeit";"0013 900"
"Andere Erstattungen";"0095 000"
"Andere Kulturdienstleistungen, z.B. Bilderrahmungen";"0969 005"
"Andere laufende Übertragungen (Zahlungen) der Arbeitsförderung";"0031 570"
"Andere Steuern und Abgaben a.n.g., z.B. Fischerei-, Jagd-, Börsenumsatzsteuer";"1612 800"
"Andere Zahlungen der Gebietskörperschaften (ohne Altersteilzeitentgelt), (ohne Leistungen nach dem Asylbewerberleistungsgesetz)";"0031 639"
"Änderungen an Damenoberbekleidung, beim Kauf";"0314 200"
"Änderungen an Damenwäsche, beim Kauf";"0314 200"
"Änderungen an Herrenoberbekleidung, beim Kauf";"0314 200"
"Änderungen an Herrenwäsche, beim Kauf";"0314 200"
"Änderungen an Jungenoberbekleidung, beim Kauf";"0314 200"
"Änderungen an Kinderwäsche, beim Kauf";"0314 200"
"Änderungen an Mädchenoberbekleidung, beim Kauf";"0314 200"
"Änderungen an Schuhen";"0322 000"
"Änderungen an Sportbekleidung, beim Kauf";"0314 200"
"Änderung von Bekleidung (nicht beim Kauf)";"0314 200"
"Anemometer, Windmesser, zur lokalen Messung der Windgeschwindigkeit";"1329 137"
"Anfertigungen von Fotoabzügen, Dienstleistungen von Fotolabors";"0963 000"
"Anfertigungen von Gardinen";"0522 000"
"Anfertigungen von Haushaltswäsche";"0522 000"
"Anfertigungen von Heimtextilien";"0522 000"
"Anfertigungen von Passbildern, Dienstleistungen von Fotografen";"0963 000"
"Anfertigungen von Porträtaufnahmen, Dienstleistungen von Fotografen";"0963 000"
"Anfertigungen von Wäsche und anderer Unterbekleidung (ohne Material)";"031"
"Anfertigungen von Zahnersatz (einschl. Zahnlaborleistungen; ohne Materialkosten)";"0622 9"
"Anfertigungen von Zahnersatz (Materialkosten)";"0622 903"
"Anfertigungen von Zahnspangen u.ä. (Materialkosten)";"0622 903"
"Anfertigung von Zahnprothesen (Materialkosten)";"0622 903"
"Angelausrüstungen für die Sportfischerei";"0922 115"
"Angelgeräte für die Sportfischerei";"0922 115"
"Angelhaken für die Sportfischerei";"0922 115"
"Angelkarten";"0946 207"
"Angelköder für die Sportfischerei (Kunst- und Lebendköder wie Würmer, Maden)";"0922 115"
"Angelruten für die Sportfischerei";"0922 115"
"Angestelltenrenten aus der gesetzlichen Rentenversicherung";"0031 110"
"Angestelltenversicherung, freiwillige Beiträge";"1622 800"
"Angestelltenversicherung, Pflichtbeiträge";"1621 800"
"Anhänger aus Edelmetall, echten Perlen, Edel- oder Schmucksteinen, Schmuck";"1321 112"
"Anhänger aus unedlem Metall, Kunststoff, Glas u.ä., Schmuck";"1321 111"
"Anhänger für Fahrräder";"0721 308"
"Anhänger für Kraftfahrzeuge (ohne Mobilheime, Campinganhänger und Seitenwagen für Krafträder)";"0912 103"
"Anhängerkupplungen, Einbau an Kraftfahrzeugen";"0723 021"
"Anis, Gewürze";"0119 402"
"Anisplätzchen";"0111 352"
"Anlagegüter des eigenen Unternehmens, Verkauf für private Zwecke";"0062 000"
"Anlegen von Gärten";"0444 106"
"Anleihen, öffentlich, Kauf";"1685 100"
"Anleihen, öffentlich, Verkauf";"0071 410"
"Anliegerbeiträge, Hausbau";"1661 000"
"Anliegerbeiträge";"1661 000"
"Anmachholz";"0454 200"
"Anmeldegebühren für Kraftfahrzeuge";"0724 321"
"Annoncen";"1390 906"
"Anoraks für Damen";"0312 216"
"Anoraks für Herren";"0312 117"
"Anoraks für Jungen (ohne Strickjacken, Skijacken und Spezialsportbekleidung)";"0312 182"
"Anoraks für Mädchen (ohne Strickjacken, Skijacken und Spezialsportbekleidung)";"0312 292"
"Anoraks für Säuglinge";"0312 308"
"Anrichten, Wohnzimmerschränke";"0511 114"
"Anrufbeantworter, Kauf";"0811 009"
"Anrufbeantwortern, Reparaturen an";"0835 001"
"Anrufbeantwortungseinrichtungen, die in einen PC eingebaut werden";"0819 201"
"Anschaffungskredite, Aufnahme";"0085"
"Anschaffungskredite, Tilgung (ohne Tilgung von zinslosen Raten- und Konsumentenkrediten";"1652 200"
"Anschaffungskredite, Tilgung von zinslosen Raten- und Konsumentenkrediten";"1652 300"
"Anschaffungskredite, Verzinsung im Rahmen eines Dispositionskredites";"1653 510"
"Anschaffungskredite, Verzinsung von Raten- und Konsumentenkrediten";"1652 500"
"Anschlussgebühren für Telefaxgeräte im Festnetz";"0831 001"
"Anschlussgebühren für Telefone im Festnetz";"0831 001"
"Anschlussgebühren und monatliche Grundgebühren (einschl. der Miete von entsprechenden Geräten), nationale Gespräche (drahtgebunden)";"0831 001"
"Anschreibungen beim Lieferanten für private Warenlieferungen, Einnahmen aus Krediten für die allgemeine Lebensführung";"0085 600"
"Anschreibungen beim Lieferanten für private Warenlieferungen, Tilgung (ohne Tilgung von zinslosen Raten- und Konsumentenkrediten)";"1652 200"
"Anschreibungen beim Lieferanten für private Warenlieferungen, Tilgung von zinslosen Raten- und Konsumentenkrediten";"1652 300"
"Anschreibungen beim Lieferanten für private Warenlieferungen, Verzinsung";"1652 500"
"Ansichtskarten";"0973 001"
"Ansteckblumen, Kunstblumen (ohne Papierblumen)";"0313 209"
"Ansteckplaketten";"0973 004"
"Ansteckschmuck aus Edelmetall, echten Perlen, Edel- oder Schmucksteinen";"1321 112"
"Ansteckschmuck aus unedlem Metall, Kunststoff, Glas u.ä.";"1321 111"
"Anstrichfarben für Schönheitsreparaturen, auf Kosten der Wohnungsinhaberinnen und Wohnungsinhaber";"0431 101"
"Anteile an Windkraftanlagen, Kauf von";"1685 700"
"Anteile einer Baugenossenschaft, Kauf (ohne vermögenswirksame Leistungen)";"1683 100"
"Anteile einer Baugenossenschaft, Kauf von vermögenswirksame Leistungen";"1683 900"
"Anteile einer Baugenossenschaft, Verkauf";"0071 300"
"Anteile einer GmbH oder Genossenschaft (nicht Baugenossenschaft), Kauf";"1685 700"
"Anteile einer GmbH oder Genossenschaft (nicht Baugenossenschaft), Verkauf";"0071 420"
"Antennenanlagen für Fernsehempfangsgeräte";"0814 025"
"Antennenanlagen für Rundfunkempfangsgeräte (ohne kombinierte Rundfunk-Fernsehempfangsantennen)";"0814 017"
"Antennen für Fernsehempfangsgeräte (einschl. SAT-Anlagen und kombinierte TV-/Rundfunkempfangsantennen)";"0814 025"
"Antennen für Funkgeräte";"0814 017"
"Antennen für Rundfunkempfangs- und Funkgeräte (ohne kombinierte Rundfunk-Fernsehempfangsantennen)";"0814 017"
"Anthraziteierkohle";"0454 100"
"Antibabypille";"0611 120"
"Antibeschlagmittel für Kraftfahrzeuge";"0721 307"
"Antibiotika";"0611 120"
"Antipasti, auf Gemüsebasis";"0117 929"
"Antirutschmatte aus textilem Material";"0511 406"
"Anti-Transpirationsmittel";"1312 240"
"Anwohnerparken, Gebühren für";"0724 105"
"Anzeigen, Zeitungsinserate";"1390 906"
"Anziehhilfen für Strümpfe";"0613 306"
"Anzüge für Herren (ohne Sportbekleidung)";"0312 122"
"Anzüge für Jungen (ohne Sportbekleidung), Faschingskostüme";"0921 207"
"Anzüge für Jungen (ohne Sportbekleidung)";"0312 187"
"Anzüge für Säuglinge";"0312 308"
"Anzugstoffe für Herren und Jungen, Meterware";"0311 000"
"Anzünder für Kohlen- und/oder Ölöfen";"0561 909"
"Aperitife, auf der Grundlage von Wein, Verzehr in Kantinen, Mensen (ohne von Hochschulen, Schulen und Kindergärten)";"1112 900"
"Aperitife, auf der Grundlage von Wein, Verzehr in Kantinen, Mensen von Hochschulen, Schulen und Kindergärten";"1112 100"
"Aperitife, auf der Grundlage von Wein, Verzehr in Restaurants, Cafés, Bars, mit umfassender Bedienungsleistung";"1111 143"
"Aperitife, auf der Grundlage von Wein";"0212 165"
"Aperitife, nicht auf Wein basierend, Verzehr in Kantinen, Mensen (ohne von Hochschulen, Schulen und Kindergärten)";"1112 900"
"Aperitife, nicht auf Wein basierend, Verzehr in Kantinen, Mensen von Hochschulen, Schulen und Kindergärten";"1112 100"
"Aperitife, nicht auf Wein basierend, Verzehr in Restaurants, Cafés, Bars, mit umfassender Bedienungsleistung";"1111 141"
"Aperitifweine, Likörweine, Verzehr in Kantinen, Mensen (ohne von Hochschulen, Schulen und Kindergärten)";"1112 900"
"Aperitifweine, Likörweine, Verzehr in Kantinen, Mensen von Hochschulen, Schulen und Kindergärten";"1112 100"
"Aperitifweine, Likörweine, Verzehr in Restaurants, Cafés, Bars, mit umfassender Bedienungsleistung";"1111 143"
"Aperol, weinhaltiges Mischgetränk";"0212 165"
"Äpfel, frisch oder gekühlt";"0116 301"
"Äpfel, getrocknet";"0116 700"
"Apfelgehölze";"0931 215"
"Apfelkonserven";"0116 904"
"Apfelmost, vergoren";"0212 210"
"Apfelmost, Verzehr in Kantinen, Mensen (ohne von Hochschulen, Schulen und Kindergärten";"1112 900"
"Apfelmost, Verzehr in Kantinen, Mensen von Hochschulen, Schulen und Kindergärten";"1112 100"
"Apfelmost, Verzehr in Restaurants, Cafés, Bars, mit umfassender Bedienungsleistung";"1111 153"
"Apfelmus, Konserven";"0116 904"
"Apfelnektar";"0121 001"
"Apfelsaft, Verzehr in Kantinen, Mensen (ohne von Hochschulen, Schulen und Kindergärten)";"1112 900"
"Apfelsaft, Verzehr in Kantinen, Mensen von Hochschulen, Schulen und Kindergärten";"1112 100"
"Apfelsaft, Verzehr in Restaurants, Cafés, Bars, mit umfassender Bedienungsleistung";"1111 153"
"Apfelsaft";"0121 001"
"Apfelsinen, frisch oder gekühlt";"0116 201"
"Apfeltee";"0123 003"
"Apfelweine, Verzehr in Kantinen, Mensen (ohne von Hochschulen, Schulen und Kindergärten)";"1112 900"
"Apfelweine, Verzehr in Kantinen, Mensen von Hochschulen, Schulen und Kindergärten";"1112 100"
"Apfelweine, Verzehr in Restaurants, Cafés, Bars, mit umfassender Bedienungsleistung";"1111 143"
"Apfelweine";"0212 210"
"Applikationen für Bekleidung, Haushaltswäsche und Heimtextilien";"0313 209"
"Appreturen für Leder und Schuhe";"0561 117"
"Apps (Software), z.B. für Smartphones, Tablet-PCs";"0820 000"
"Aprikosen, frisch oder gekühlt";"0116 309"
"Aprikosen, getrocknet";"0116 700"
"Aprikosenkonserven";"0116 905"
"Aprikosenmarmelade";"0118 302"
"APS-Kleinbild-Sucherkameras";"0911 105"
"APS-Spiegelreflexkameras";"0911 101"
"Aquarelle, Originale";"0511 407"
"Aquarelle, Reproduktionen u.ä.";"0511 407"
"Aquarellfarben, Unterrichts- und Künstlerfarben";"0974 008"
"Aquarien";"0932 202"
"Aquarienpflanzen, (ohne Samen und Vermehrungsgut)";"0931 226"
"Aquarien - Zubehör";"0932 202"
"Arbeiterrenten aus der gesetzlichen Rentenversicherung";"0031 110"
"Arbeiterschutzartikel für Damen und Herren (ohne Oberbekleidung, Wäsche, Kopfbedeckung, Handschuhe)";"0313 109"
"Arbeitgeberbeiträge zur Sozialversicherung, für anderes Hauspersonal";"0562 100"
"Arbeitgeberbeiträge zur Sozialversicherung, für Hauspersonal, zur Betreuung von älteren Personen";"0562 100"
"Arbeitgeberbeiträge zur Sozialversicherung, für Hauspersonal zur Kinderbetreuung";"0562 100"
"Arbeitgeberdarlehen, Baudarlehen, Aufnahme";"0081 900"
"Arbeitgeberdarlehen, Baudarlehen, Tilgung";"1651 200"
"Arbeitgeberdarlehen, Baudarlehen, Verzinsung";"1651 400"
"Arbeitgeberdarlehen, nicht Baudarlehen, Aufnahme";"0085"
"Arbeitgeberdarlehen, nicht Baudarlehen, ohne Tilgung von zinslosen Raten- und Konsumentenkrediten";"1652 200"
"Arbeitgeberdarlehen, nicht Baudarlehen, Tilgung von zinslosen Raten- und Konsumentenkrediten";"1652 300"
"Arbeitgeberdarlehen, nicht Baudarlehen, Verzinsung von zinslosen Raten- und Konsumentenkrediten";"1652 500"
"Arbeitgeberzuschüsse zur freiwilligen oder privaten Krankenversicherung";"0011 180"
"Arbeitgeberzuschüsse zur Krankenversicherung";"0011"
"Arbeitgeberzuschüsse zur Pflegeversicherung bei freiwilliger oder privater Krankenversicherung";"0011 190"
"Arbeitnehmerorganisationen, laufende Beiträge";"1641 500"
"Arbeitnehmerorganisationen, Mitgliedsbeiträge";"1641 500"
"Arbeitnehmerorganisationen, Spenden und unregelmäßige Beiträge";"1642 500"
"Arbeitnehmersparzulage als Einnahme vom Staat";"0031 639"
"Arbeitsanzüge für Herren";"0312 12"
"Arbeitsbekleidung für Damen (ohne Wäsche und Bekleidungszubehör)";"0312 2"
"Arbeitsbekleidung für Herren";"0312 1"
"Arbeitsförderung, Konkursausfallgeld, Unterhaltsgeld, Ausbildungsbeihilfe";"0031 570"
"Arbeitsförderung, Kurzarbeitergeld, Winterbauförderung nach dem Sozialgesetzbuch III";"0031 520"
"Arbeitsförderung, Übergangsgeld, einmalig und unregelmäßig";"0031 580"
"Arbeitshandschuhe für Damen";"0313 105"
"Arbeitshandschuhe für Herren";"0313 104"
"Arbeitshemden für Herren";"0312 131"
"Arbeitshosen für Damen";"0312 22"
"Arbeitshosen für Herren";"0312 12"
"Arbeitsjacken für Damen";"0312 22"
"Arbeitsjacken für Herren";"0312 11"
"Arbeitskittel für Damen";"0313 109"
"Arbeitskittel für Herren";"0313 109"
"Arbeitskleider für Damen";"0312 22"
"Arbeitskopfbedeckungen";"0313 103"
"Arbeitslosengeld II (Hartz IV) und Sozialgeld nach dem SGB II (Grundsicherung für Arbeitssuchende), hier Zuschuss für Wohnkosten (Unterkunft und Heizkosten (KdU)";"0031 532"
"Arbeitslosengeld II (Hartz IV) und Sozialgeld nach dem SGB II (Grundsicherung für Arbeitssuchende), ohne Zuschuss für Wohnkosten (Unterkunft und Heizkosten (KdU)";"0031 530"
"Arbeitslosengeld I nach § 3 Sozialgesetzbuch III (Arbeitsförderung)";"0031 510"
"Arbeitslosenversicherung, Arbeitslosengeld I";"0031 510"
"Arbeitslosenversicherung, freiwillig, Entgelt Versicherungsdienstleistungen";"1219 000"
"Arbeitslosenversicherung, freiwillige Beiträge";"1621 600"
"Arbeitslosenversicherung, Konkursausfallgeld, Unterhaltsgeld, Ausbildungsbeihilfe";"0031 570"
"Arbeitslosenversicherung, Kurzarbeitergeld, Schlechtwettergeld, Wintergeld";"0031 520"
"Arbeitslosenversicherung, Pflichtbeiträge und freiwillige Beiträge";"1621 600"
"Arbeitslosenversicherung, Übergangsgeld, einmalig und unregelmäßig";"0031 580"
"Arbeitsplatzleuchten, elektrisch";"0511 302"
"Arbeitsschuhe für Damen";"0321 210"
"Arbeitsschuhe für Herren";"0321 110"
"Arbeitsschürzen für Damen";"0313 109"
"Arbeitsschürzen für Herren";"0313 109"
"Arbeitsstiefel für Damen";"0321 220"
"Arbeitsstiefel für Herren";"0321 120"
"Architektengebühren, Hausbau";"1661 000"
"ARD-ZDF-Deutschlandradio-Beitragsservice (früher GEZ)";"0839 100"
"Armagnac, Verzehr in Kantinen, Mensen  (ohne von Hochschulen, Schulen und Kindergärten)";"1112 900"
"Armagnac, Verzehr in Kantinen, Mensen von Hochschulen";"1112 100"
"Armagnac, Verzehr in Restaurants, Cafés, Bars, mit umfassender Bedienungsleistung";"1111 141"
"Armagnac";"0211 030"
"Armaturenbrettuhren für Kraftfahrzeuge";"0721 201"
"Armbänder aus unedlem Metall, Kunststoff, Glas u.ä., Schmuck";"1321 111"
"Armbanduhren, Reparaturen an";"1321 202"
"Armbanduhren mit einem Gehäuse aus anderem Material (auch mit Weckeinrichtung)";"1321 122"
"Armbanduhren mit einem Gehäuse aus Edelmetall (auch mit Weckeinrichtung)";"1321 121"
"Armblätter für Bekleidung";"0313 209"
"Ärmelbretter";"0532 902"
"Ärmelhalter";"0313 109"
"Armprothesen, orthopädisch";"0613 304"
"Armreifen aus Edelmetall, echten Perlen, Edel- oder Schmucksteinen, Schmuck";"1321 112"
"Armreifen aus unedlem Metall, Kunststoff, Glas u.ä., Schmuck";"1321 111"
"Aromafluids für Elektrozigaretten";"0230 904"
"Aromalampen, nicht elektrisch";"0511 409"
"Aromapads für Elektrozigaretten";"0230 904"
"Aromen zum Backen";"0119 905"
"Arrak, Verzehr in Kantinen, Mensen  (ohne von Hochschulen, Schulen und Kindergärten)";"1112 900"
"Arrak, Verzehr in Kantinen, Mensen von Hochschulen";"1112 100"
"Arrak, Verzehr in Restaurants, Cafés, Bars, mit umfassender Bedienungsleistung";"1111 141"
"Arrak";"0211 040"
"Artischocken, frisch oder gekühlt";"0117 102"
"Arzneien, nicht apothekenpflichtig, aus Drogeriemärkten, Supermärkten";"0611 220"
"Arzneimittel, apothekenpflichtig (ohne solche für Tiere), (ohne pflanzliche Arzneimittel und homöopathische Produkte)";"0611 120"
"Arzneimittel, pflanzliche Arzneimittel und homöopathische Produkte (ohne solche für Tiere), z.B. Globuli, Arzneitees, Melissengeist, Lebertran, Gesundheitsbäder";"0611 220"
"Arzneimittel für Haustiere, z.B. Hühner, Tauben, Kaninchen, Schafe, Nutzfische, Bienen";"0932 204"
"Arzneimittel für Hunde";"0932 204"
"Arzneimittel für Katzen";"0932 204"
"Arzneimittel für Zierfische";"0932 204"
"Arzneimittel für Ziervögel";"0932 204"
"Arzneimittelkosten, Eigenanteil zu pflanzlichen Arzneimitteln und homöopathischen Produkten, für gesetzlich Krankenversicherte";"0611 210"
"Arzneimittelkosten, Eigenanteil zu pharmazeutischen Erzeugnissen, für gesetzlich Krankenversicherte";"0611 110"
"Arzneimittelkosten, Erstattungen aus der gesetzlichen Krankenversicherung";"0031 420"
"Arzneimittelkosten, Erstattungen aus privater Krankenversicherung";"0033 210"
"Arzthonorare für ambulante Heilbehandlung und medizinische Rehabilitation";"0623 105"
"Arzthonorare für Behandlung durch den Zahnarzt, konservierende Leistungen";"0622 906"
"Arzthonorare für Impfungen (einschließlich Schutzimpfungen), ambulant";"0621 103"
"Arzthonorare für langfristige ambulante Gesundheitsdienstleistungen";"0623 203"
"Arzthonorare für Vorsorgedienstleistungen, a.n.g., ambulant";"0621 905"
"Arzthonorare für zahnärztliche Dienstleistungen, z.B. konservierende Behandlungen (Kunststoff- oder Amalgamfüllungen, Gold-Inlays u.Ä.), zahnärztliche Gutachten, professionelle Zahnreinigung (PZR), Kieferorthopädie";"0622 906"
"Arzthonorare für zahnärztlichen Vorsorgedienstleistungen, z.B. regelmäßige Zahnkontrollen";"0622 102"
"Arztkosten, Erstattungen aus der gesetzlichen Krankenversicherung";"0031 420"
"Arztkosten, Erstattungen aus privater Krankenversicherung";"0033 210"
"Arztkosten für ambulante Geburten (ohne Tierarztkosten)";"0623 105"
"Arztkosten für ambulante Heilbehandlung und medizinische Rehabilitation (ohne Zahn- und Tierarztkosten) von Fachmedizinerinnen oder Fachmedizinern";"0623 105"
"Arztkosten für ambulante Heilbehandlung und medizinische Rehabilitation";"0623 105"
"Arztkosten für langfristige ambulante Behandlung in der Praxis (ohne Zahn- und Tierarztkosten) von Fachmedizinerinnen oder Fachmedizinern";"0623 203"
"Arztkosten für langfristige ambulante Gesundheitsdienstleistungen";"0623 203"
"Arztkosten für langfristige stationäre Gesundheitsdienstleistungen";"0632 002"
"Arztkosten für Patientenbesuch in der Wohnung (ohne Tierarztkosten) für ambulante Heilbehandlung und medizinische Rehabilitation";"0623 105"
"Arztkosten für Patientenbesuch in der Wohnung (ohne Tierarztkosten) für Impfungen";"0621 103"
"Arztkosten für Patientenbesuch in der Wohnung (ohne Tierarztkosten) für langfristige ambulante Gesundheitsdienstleistungen";"0623 203"
"Arztkosten für Patientenbesuch in der Wohnung (ohne Tierarztkosten) für Vorsorgedienstleistungen, ambulant";"0621 905"
"Arztkosten für Patientenbesuch in der Wohnung (ohne Tierarztkosten) für zahnärztliche Dienstleistungen,  z.B. konservierende Behandlungen (Kunststoff- oder Amalgamfüllungen, Gold-Inlays u.Ä.), zahnärztliche Gutachten, professionelle Zahnreinigung (PZR),";"0622 906"
"Arztkosten für Patientenbesuch in der Wohnung (ohne Tierarztkosten) von Allgemeinmedizinerinnen oder Allgemeinmedizinern für langfristige ambulante Gesundheitsdienstleistungen";"0623 203"
"Arztkosten für stationäre Heilbehandlung u. medizinische Rehabilitation, z.B. medizinische Dienstleistungen der Chirurgie u. Zahnmedizin";"0631 002"
"Arztkosten für  zahnärztliche Dienstleistungen, z.B. konservierende Behandlungen (Kunststoff- oder Amalgamfüllungen, Gold-Inlays u.Ä.), zahnärztliche Gutachten, professionelle Zahnreinigung (PZR), Kieferorthopädie";"0622 906"
"Arztleistungen, ambulante Heilbehandlung und medizinische Rehabilitation";"0623 105"
"Arztleistungen, Impfungen, ambulant";"0621 103"
"Arztleistungen, langfristige ambulante Gesundheitsdienstleistungen";"0623 203"
"Arztleistungen, Vorsorgedienstleistungen, ambulant";"0621 905"
"Aschenbecher";"1329 133"
"Aschenbecher aus Edelmetall oder Schmucksteinen";"1329 136"
"Asiatische Kost, z.B. Frühlingsrolle";"0119 112"
"Aspik, Fisch";"0113 304"
"Aspik, Geflügel";"0112 503"
"Astrobriefen, Kauf von";"1390 909"
"Astronomische Karten, im Buchformat";"0973 003"
"Atemschutzmasken aus Kunststoff, Papier, Vlies oder Gewebe";"0612 209"
"Atemtherapie";"0623 105"
"Ätherische Öle";"1312 240"
"Atlanten auf CD-ROMs (ohne System- und Anwendungssoftware)";"0971 100"
"Atlanten im Buchformat";"0971 906"
"Atteste, zahnärztlich";"0622 102"
"Atteste von Medizinerinnen oder Medizinern (ohne Zahnärzte)";"0623 105"
"Auberginen, frisch oder gekühlt";"0117 209"
"Audio Guide, Gebühren für";"0946 104"
"Audiologische Therapie";"0623 105"
"Audiosysteme für Kraftfahrzeuge";"0814 018"
"Aufblasbare Boote";"0922 209"
"Aufblasbare Schwimmbecken";"0922 209"
"Aufbügelmuster";"0561 909"
"Auf der Straße, ambulante Heilbehandlung und medizinische Rehabilitation";"0623 105"
"Aufkleber";"0973 004"
"Aufladen von Kraftfahrzeugbatterien";"0723 021"
"Auflaufformen aus Glas";"0540 105"
"Auflaufformen aus Ton u.a. feinkeramischen Stoffen";"0540 105"
"Auflösung von Geldvermögen, Einnahmen";"0071"
"Aufnäher für Bekleidung, Haushaltswäsche und Heimtextilien";"0313 209"
"Aufnahmegeräte, digital (nicht für Kraftfahrzeuge)";"0814 099"
"Aufnahme von Teilzahlungs-, Klein- und anderen Krediten (ohne Kredite zur Finanzierung von Haus- und Grundbesitz)";"0085"
"Aufnehmer, Putzlappen, für den Haushalt";"0561 122"
"Aufschnitt, Bratenaufschnitt (ohne Konserven)";"0112 507"
"Aufschnitt, Dauerwurstaufschnitt";"0112 310"
"Aufschnitt, Frischwurstaufschnitt";"0112 502"
"Aufschnitt, Käseaufschnitt";"0114 502"
"Aufsichtsratstantiemen";"0013 900"
"Aufsteckbürsten für elektrische Zahnbürsten";"1311 103"
"Aufsteckbürsten für Handzahnbürsten";"1312 105"
"Aufstellen von Möbeln (ohne Kühl- und Gefriergeräte)";"0512 000"
"Aufstellen von Öfen und Herden, falls separat berechnet";"0533 003"
"Aufwandsentschädigungen für ehrenamtliche Tätigkeit als Bürgermeister u.ä.";"0011 200"
"Aufwandsentschädigungen für ehrenamtliche Tätigkeit in Vereinen u.ä.";"0013 900"
"Aufwandsentschädigungen für geschäftliche und dienstliche Zwecke";"0095 000"
"Aufwandsentschädigungen für Teilnahme an EVS (Einnahme)";"0097 000"
"Aufwendungen für medizinische Betreuung und Pflege in Altenheimen, für langfristige Aufenthalte, Zuzahlungen und Eigenanteile der gesetzlich Versicherten zu langfristigen stationären Gesundheitsdienstleistungen";"0632 001"
"Aufwendungen für medizinische Betreuung und Pflege in Behindertenheimen, für langfristige Aufenthalte, Zuzahlungen und Eigenanteile der gesetzlich Versicherten zu langfristigen stationären Gesundheitsdienstleistungen";"0632 001"
"Aufwendungen für medizinische Betreuung und Pflege in Hospizen, für langfristige Aufenthalte, Zuzahlungen und Eigenanteile der gesetzlich Versicherten zu langfristigen stationären Gesundheitsdienstleistungen";"0632 001"
"Aufwendungen für medizinische Betreuung und Pflege in Pflegeheimen, für langfristige Aufenthalte, Zuzahlungen und Eigenanteile der gesetzlich Versicherten zu langfristigen stationären Gesundheitsdienstleistungen";"0632 001"
"Aufwendungen für medizinische Betreuung und Pflege in Rehabilitationseinrichtungen, für langfristige Aufenthalte, Zuzahlungen und Eigenanteile der gesetzlich Versicherten zu langfristigen stationären Gesundheitsdienstleistungen";"0632 001"
"Aufwendungen für Verpflegung in Altenheimen";"1330 200"
"Aufwendungen für Verpflegung in Behindertenheimen, für langfristige Aufenthalte";"1330 200"
"Aufwendungen für Verpflegung in Hospizen, für langfristige Aufenthalte";"1330 200"
"Aufwendungen für Verpflegung in Pflegeheimen, für langfristige Aufenthalte";"1330 200"
"Aufwendungen für Verpflegung in Rehabilitationseinrichtungen, für langfristige Aufenthalte";"1330 200"
"Aufwendungen für Wohnen und Unterbringung in Altenheimen";"1330 200"
"Aufwendungen für Wohnen und Unterbringung in Altenwohnheimen";"1330 200"
"Aufwendungen für Wohnen und Unterbringung in Behindertenheimen, für langfristige Aufenthalte";"1330 200"
"Aufwendungen für Wohnen und Unterbringung in Pflegeheimen, für langfristige Aufenthalte";"1330 200"
"Aufwendungen für Wohnen und Unterbringung in Rehabilitationseinrichtungen, für langfristige Aufenthalte";"1330 200"
"Aufwendungsdarlehen, Tilgung";"1651 200"
"Aufwendungsdarlehen, Verzinsung";"1651 400"
"Aufzugkosten, Ausgaben der Eigentümerinnen und Eigentümer für vermietete Wohnungen";"1679 400"
"Augenbrauenstifte";"1312 232"
"Augengläser (ohne optisch nicht bearbeitete Gläser)";"0613 102"
"Augen Make-up Entferner";"1312 240"
"Augenmasken";"0612 209"
"Augenprothesen";"0613 102"
"Augenschablonen (Kalt und Heiß verwendbar)";"0612 305"
"Augenschönheitspflegemittel";"1312 232"
"Auktionatoren";"1390 909"
"Ausbeulen von Kraftwagenkarosserien";"0723 021"
"Ausbilden von anderen Haustieren";"0945 009"
"Ausbilden von Heimtieren";"0945 009"
"Ausbildungsbeihilfen, an andere private Haushalte, Ausgaben";"1643 200"
"Ausbildungsbeihilfen, Förderung nach dem Arbeitsförderungsgesetz, Einnahmen";"0031 570"
"Ausbildungsbeihilfen, von anderen privaten Haushalten, Einnahmen";"0033 420"
"Ausbildungsbeihilfen von Organisationen ohne Erwerbszweck, Einnahmen";"0033 410"
"Ausbildungsförderungen nach dem Bundesausbildungsförderungsgesetz (Aufstiegs-BAföG AFBG, sog. Meister-BAFÖG), nicht zinslos, Tilgung";"1652 200"
"Ausbildungsförderungen nach dem Bundesausbildungsförderungsgesetz (Aufstiegs-BAföG AFBG, sog. Meister-BAFÖG), nicht zinslos, Tilgung";"1652 500"
"Ausbildungsförderungen nach dem Bundesausbildungsförderungsgesetz (BAföG), laufende Einnahmen";"0031 618"
"Ausbildungsförderungen nach dem Bundesausbildungsförderungsgesetz (BAföG), zinslos, Tilgung";"1652 300"
"Ausbildungspflegeheime, Dienstleistungen von";"0632 002"
"Ausbildungsvergütungen für Auszubildende durch den Arbeitgeber";"0011 110"
"Ausbildungsversicherungen, Dienstleistungen der Lebensversicherungen (ohne Versicherungsbeiträge)";"1211 001"
"Ausbildungsversicherungen, Einnahmen";"0077"
"Ausbildungsversicherungen, Kapitalauszahlung, Beitragserstattung, Gewinnbeteiligung";"0077 200"
"Ausbildungsversicherungen, Leistungsentgelte der";"1211 001"
"Ausbildungsversicherungen, Prämien";"1687 300"
"Ausfertigungsgebühren für Versicherungspolicen, a.n.g.";"1219 000"
"Ausfertigungsgebühren für Versicherungspolicen der Lebensversicherungen";"1211 001"
"Ausflugsfahrten, Fahrkarten für den Nahverkehr, mit Omnibussen";"0732 101"
"Ausflugsfahrten, Fahrkarten zu Sonderkonditionen für den Schienennahverkehr der Eisenbahnunternehmen";"0731 119"
"Ausflugsfahrten, Fahrkarten zu Sonderkonditionen für den Schienennahverkehr der Hoch-, Schwebe-, Straßen-, U-Bahnen";"0731 209"
"Ausflugsfahrten, kombinierte Fahrausweise zu Sonderkonditionen außerhalb von Verkehrsverbünden, Verkehrs- und Tarifgemeinschaften";"0735 099"
"Ausflugsfahrten, kombinierte Fahrausweise zu Sonderkonditionen in Verkehrsverbünden, Verkehrs- und Tarifgemeinschaften";"0735 019"
"Ausgaben, für geschäftliche und dienstliche Zwecke, Erstattung";"0095 000"
"Ausgaben für Alarmanlagen, werterhöhend";"1663 000"
"Ausgaben für geschäftliche und dienstliche Zwecke";"1691 000"
"Ausgaben für Taxifahrten";"0732 201"
"Ausgeliehene Gelder, Wiedereingang, Einnahmen";"0078 000"
"Ausgleichsrenten der Kriegsopferversorgung für Beschädigte und Hinterbliebene";"0031 680"
"Aushilfstätigkeit, Einkommen aus unselbständiger nebenberuflicher Arbeit, brutto";"0011 200"
"Ausklopfer, Teppichklopfer";"0561 909"
"Auskunfteien, Entgelte für Dienstleistungen";"1390 909"
"Auskünfte von Detekteien, Entgelte für Dienstleistungen";"1390 909"
"Auslagenersatz vom Arbeitgeber";"0095 000"
"Auslagen für geschäftliche und dienstliche Zwecke";"1691 000"
"Auslandsanleihen, Kauf";"1685 100"
"Auslandsanleihen, Verkauf";"0071 410"
"Auslandspensionen";"0031 680"
"Auslandsrenten";"0031 680"
"Auslegeware aus nichttextilem Material";"0431 106"
"Auslegeware aus textilem Material";"0431 105"
"Ausleihgebühren für Schneeketten";"0724 400"
"Ausleihung von Geldern an Dritte, Ausgaben";"1688 000"
"Auslösungen, Erstattung von Ausgaben, für geschäftliche und dienstliche Zwecke";"0095 000"
"Ausputzmittel für Leder und Schuhe";"0561 117"
"Ausrüstungen für Fallschirmspringer";"0922 119"
"Ausrüstungen für Feuerstellen";"0552 208"
"Ausrüstungen für Wohnmobile, Campinganhänger u.a. Anhänger";"0912 104"
"Ausrüstungsgegenstände für die Sportfischerei";"0922 115"
"Ausschüttungen auf Geschäfts- und Genossenschaftsanteile, ausgezahlt und gutgeschrieben";"0025 300"
"Ausschüttungen auf GmbH-Anteile, ausgezahlt und gutgeschrieben";"0025 300"
"Ausschüttungen auf Investmentzertifikate, ausgezahlt und gutgeschrieben";"0025 300"
"Außenbeleuchtungskosten, Ausgaben für vermietetes/verpachtetes (nicht selbst genutztes) Grundvermögen";"1679 500"
"Außenbordmotoren für Wasserfahrzeuge";"0912 303"
"Außenleuchten, elektrisch";"0511 309"
"Ausstechformen, Küchengeräte";"0540 321"
"Ausstellungen, Besuch von Kunstausstellungen (einschl. Eintritt, Garderobe, Programm)";"0962 001"
"Ausstellung von Attesten u.ä., durch Augenärztinnen und Augenärzte";"0623 105"
"Ausstellung von Attesten u.ä., durch Chirurginnen und Chirurgen";"0623 105"
"Ausstellung von Attesten u.ä., durch Zahnärztinnen und Zahnärzte";"0622 906"
"Aussteuer in Bargeld, Ausgaben";"1643 200"
"Aussteuerversicherungen, Einnahmen";"0077 200"
"Aussteuerversicherungen, Kapitalauszahlung, Beitragserstattung, Gewinnbeteiligung";"0077 200"
"Aussteuerversicherungen, Prämien";"1687 300"
"Austauschgetriebe für Krafträder";"0721 208"
"Austauschgetriebe für Kraftwagen";"0721 205"
"Austauschmotoren für Krafträder";"0721 208"
"Austauschmotoren für Kraftwagen";"0721 205"
"Austauschmotoren für Mofas und Mopeds";"0721 208"
"Austern, frisch oder gekühlt  (ohne Konserven)";"0113 401"
"Austern, tiefgefroren (ohne Konserven)";"0113 402"
"Ausweisgebühren (ohne Führerscheine, Jagd- und Angelkarten)";"1390 902"
"Ausweistaschen aus Leder, Kunststoff oder anderem Material";"1329 116"
"Auszahlungen der Pensions-, Alters- und Sterbekassen, einmalig und unregelmäßig";"0033 500"
"Auszahlungen der Pensions- und Unterstützungskassen, laufend (ohne Sachbezüge)";"0033 110"
"Auszahlungen der privaten Alters-, Pensions- und Sterbekassen";"0033 500"
"Auszahlungen der Zusatzversorgungskasse des Baugewerbes, laufend (ohne Sachbezüge)";"0033 110"
"Auszahlungen von Guthaben bei Bausparkassen";"0071 300"
"Ausziehtische, Esszimmertische";"0511 111"
"Ausziehtische, Wohnzimmertische";"0511 111"
"Auszugsmehl, Weizenmehl";"0111 201"
"Autoantennen";"0814 099"
"Autobahngebühren";"0724 200"
"Autobahnvignetten";"0724 200"
"Autodachgepäckträger";"0721 305"
"Autofeuerlöscher";"0721 305"
"Autofocus-Kameras (einschl. APS-Kameras)";"0911 105"
"Autogas (auch für Freizeitfahrzeuge)";"0722 301"
"Auto-Kapuze";"0721 305"
"Automatten";"0721 305"
"Autopflegemittel";"0721 307"
"Autoreifenreparaturen";"0723 021"
"Autorenlesung, Gebühr für";"0961 005"
"Autoreparatur, fremde Reparatur an Kraftwagen und Kraftwagenanhängern";"0723 02"
"Autos, funkferngesteuert, Spielwaren, als Bausatz";"0921 205"
"Autoschlüssel";"0721 305"
"Autositzbezüge";"0721 305"
"Autositze für Kinder";"0721 302"
"Auto- und Fahrradrikschas, Beförderung mit";"0732 900"
"Autowäsche als Dienstleistung";"0723 011"
"Autowaschmittel";"0721 307"
"Avocados";"0116 109"
"Äxte";"0552 105"
"Ayurvedakuren im Ausland";"0980 011"
"Azaleen, Topfpflanzen (einschl. Hydrokulturen)";"0931 222"
"Babyflaschen aus Glas";"0540 326"
"Babyflaschen aus Kunststoff";"0540 326"
"Babyfon";"0819 100"
"Babyöle";"1312 234"
"Babysauger";"0540 326"
"Babyschnuller";"0540 326"
"Babysitten, Kinderbetreuung durch Privatpersonen";"0562 100"
"Babywaagen, nicht elektrisch";"0612 102"
"Babywalker";"1329 122"
"Bachblüten, apothekenüblich";"0611 220"
"Bachforellen, frisch (auch lebend), gekühlt";"0113 101"
"Bachforellen, gefroren";"0113 102"
"Backaromen";"0119 905"
"Backbleche aus Metall";"0540 313"
"Backen von Brot, Dienstleistungen";"0562 909"
"Backen von Kuchen, Dienstleistungen";"0562 909"
"Backerbsen";"0111 319"
"Backfette, pflanzlich (ohne Margarine und Öle)";"0115 300"
"Backformen,  aus Metall und Silikon";"0540 313"
"Backformen aus Papier oder Alufolien";"0561 902"
"Backgeld, Dienstleistungen";"0562 909"
"Backgeräte, elektrisch (ohne Herde und Backöfen)";"0532 102"
"Backgeräte mit Gasbeheizung";"0531 106"
"Backgeschirr,  aus Metall und Silikon";"0540 313"
"Backhauben, elektrisch";"0532 102"
"Backhefe";"0119 905"
"Backmischungen für Marmorkuchen";"0111 901"
"Backmischungen für Zitronenkuchen";"0111 901"
"Backmittel (ohne Mehl)";"0119 905"
"Backobst";"0116 700"
"Backöfen mit elektrischer Beheizung";"0531 106"
"Backöfen mit Gasbeheizung";"0531 106"
"Backöfen mit Holz- und/oder Kohlenbeheizung";"0531 106"
"Backöfen mit Ölbeheizung";"0531 106"
"Backöfen ohne Kochfeld, z.B. Heißluftbacköfen";"0531 106"
"Backofenreiniger";"0561 115"
"Backofenspray";"0561 115"
"Backpapier";"0561 902"
"Backpflaumen";"0116 700"
"Backpinsel";"0540 321"
"Backpulver";"0119 905"
"Backwaren, fein, Verzehr in Kantinen, Mensen, a.n.g.";"1112 900"
"Backwaren, fein, Verzehr in Kantinen, Mensen von Hochschulen, Schulen und Kindergärten";"1112 100"
"Backwaren, fein, Verzehr in Restaurants, Cafés, Bars, mit umfassender Bedienungsleistung";"1111 121"
"Badeanstalten, Eintrittsgelder (ohne Thermalbäder)";"0946 201"
"Badeanstalten für medizinische Thermalbäder";"0623 105"
"Badeanzüge für Damen";"0312 265"
"Badeanzüge für Jungen";"0312 181"
"Badeanzüge für Mädchen";"0312 291"
"Badebürsten";"1312 105"
"Badeessenzen";"1312 217"
"Badehauben";"0313 103"
"Badehosen für Herren";"0312 155"
"Badehosen für Jungen";"0312 181"
"Badekarten für Schwimmbäder (ohne Thermalbäder)";"0946 201"
"Badekarten für Thermalbäder";"0623 105"
"Bademäntel für Damen";"0312 265"
"Bademäntel für Herren";"0312 155"
"Bademäntel für Jungen";"0312 181"
"Bademäntel für Mädchen";"0312 291"
"Badematten, Badezimmergarnituren";"0521 901"
"Badeöfen mit elektrischer Beheizung";"0531 305"
"Badeöfen mit Gasbeheizung";"0531 305"
"Badeöfen mit Holz- und/oder Kohlenbeheizung";"0531 305"
"Badeöfen mit Ölbeheizung";"0531 305"
"Bäder, Wannenbäder, medizinisch";"0623 105"
"Bäder, Wannenbäder, nichtmedizinisch";"1313 204"
"Badesalze";"1312 217"
"Badeschaum";"1312 217"
"Badeschuhe für Damen";"0321 250"
"Badeschuhe für Herren";"0321 150"
"Badeschuhe für Kinder";"0321 350"
"Badeschwämme";"1312 105"
"Badeseifen, Feinseifen";"1312 216"
"Badetaschen aus Leder, Kunststoff oder anderem Material";"1329 119"
"Badethermometer";"1312 105"
"Badetücher, Miete für";"0522 000"
"Badetücher";"0521 302"
"Badetuchstoffe, Meterware";"0521 909"
"Badeurlaub außerhalb Europas";"0980 006"
"Badeurlaub in Europa";"0980 005"
"Badevorleger aus textilem Material";"0521 901"
"Badewannen, Einbaubadewannen, für die Wohnungsinstandsetzung, auf Kosten der Eigentümerinnen und Eigentümer";"1675 100"
"Badewannen, Einbaubadewannen, für die Wohnungsinstandsetzung, auf Kosten der Mieterinnen und der Mieter";"0431 108"
"Badewannensitz für Babys";"1329 122"
"Badewannensitz für Pflegebedürftige";"0613 306"
"Badezimmergarnituren aus textilem Material";"0521 901"
"Badezimmermöbel (ohne Handtuchhalter)";"0511 140"
"Badezimmerspiegel";"0511 140"
"Badezimmerstrahler, elektrisch, Raumheizgeräte";"0531 306"
"Badezusatzmittel";"1312 217"
"Badmintonbälle";"0922 123"
"Badmintonnetze";"0922 123"
"Badmintonschläger";"0922 123"
"Badmintonsportartikel";"0922 123"
"BAFÖG, laufende Einnahmen nach dem Bundesausbildungsförderungsgesetz";"0031 618"
"BAFÖG, nicht zinslos, Tilgung nach dem Bundesausbildungsförderungsgesetz";"1652 200"
"BAFÖG, zinslos, Tilgung nach dem Bundesausbildungsförderungsgesetz";"1652 300"
"Baguette, belegt";"0119 150"
"Bahncard";"0731 123"
"Bahnkarte";"0731 123"
"Balance Scooter, elektrische Zweiräder mit Geschwindigkeitsbegrenzung bis 20 km/h";"0912 901"
"Balkonmöbel";"0511 200"
"Balkonpflanzen, Zierpflanzen (ohne Ziergehölze ohne Samen und Vermehrungsgut)";"0931 226"
"Balkonüberdachungen auf Kosten der Eigentümerinnen und Eigentümer, werterhöhend";"1663 000"
"Balkonüberdachungen auf Kosten der Mieterinnen und der Mieter";"0431 108"
"Ballbesuche, Eintrittsgelder";"0946 101"
"Bälle, Sportartikel (ohne Tennis-, Tischtennisbälle u.ä.), für Sport im Freien";"0922 111"
"Bälle, Sportartikel (ohne Tennis-, Tischtennisbälle u.ä.), für Sport in Räumen";"0922 121"
"Ballerinas für Damen";"0321 210"
"Balletaufführungen, Besuch von";"0961 002"
"Ballettunterricht";"0969 003"
"Ballmaschinen, Tennisportgeräte";"0922 113"
"Ballmaschinen, Tischtennissportgeräte";"0922 123"
"Ballonfahrten";"0946 207"
"Bambussprossen, Konserve";"0117 919"
"Bambusstäbe";"0931 105"
"Bami Goreng";"0119 112"
"Bananen, frisch oder gekühlt";"0116 102"
"Bananenmilch, Milchmischgetränke, Verzehr in Kantinen, Mensen, a.n.g.";"1112 900"
"Bananenmilch, Milchmischgetränke, Verzehr in Kantinen, Mensen von Hochschulen, Schulen und Kindergärten";"1112 100"
"Bananenmilch, Milchmischgetränke, Verzehr in Restaurants, Cafés, Bars, mit umfassender Bedienungsleistung";"1111 152"
"Bananenmilch, Milchmischgetränke";"0114 707"
"Bananenpulver, gezuckert, für Instantgetränke";"0121 008"
"Bandagen, orthopädisch";"0613 304"
"Bandagen für Pferde";"0922 116"
"Bänder, z.B. Geschenkbänder";"0561 909"
"Bänder für Bekleidung, Haushaltswäsche und Heimtextilien";"0313 209"
"Bandmaße";"0552 105"
"Bandnudeln";"0111 500"
"Bandoneons";"0951 003"
"Bankautomatengebühren, ohne Überweisungsgebühren, a.n.g.";"1222 000"
"Bankautomatengebühren, Überweisungsgebühren";"1229 100"
"Bankgebühren, ohne Überweisungsgebühren, a.n.g.";"1222 000"
"Bankgebühren, Überweisungsgebühren";"1229 100"
"Bankkonten, Abhebungen von privaten Termingeldkonten";"0071 200"
"Bankkonten, Abhebungen von Sparkonten";"0071 100"
"Bankkonten, Einzahlungen auf private Termingeldkonten";"1682 000"
"Bankkonten, Einzahlungen auf Sparkonten, Beiträge vermögenswirksamer Leistungen";"1681 900"
"Bankkonten, Einzahlungen auf Sparkonten";"1681 100"
"Bankkredite, Aufnahme von Teilzahlungs-, Klein- u.ä. Krediten bei Kreditinstituten";"0085"
"Bankkredite, Tilgung von verzinsten Teilzahlungs-, Klein- u.ä. Krediten von Kreditinstituten";"1652 200"
"Bankkredite, Tilgung von zinslosen Teilzahlungs-, Klein- u.ä. Krediten von Kreditinstituten";"1652 300"
"Bankkredite, Verzinsung durch Sollzinsen im Rahmen eines Dispositionskredites";"1653 510"
"Bankkredite, Verzinsung von Raten- und Konsumentenkrediten";"1652 500"
"Bankschuldverschreibungen, Kauf";"1685 100"
"Bankschuldverschreibungen, Verkauf";"0071 410"
"Bankzinsen auf Baudarlehen, Ausgaben";"1651 400"
"Bankzinsen auf Raten- und Konsumentenkredite, Ausgaben";"1652 500"
"Bankzinsen Ausgaben für Sollzinsen im Rahmen eines Dispositionskredites";"1653 510"
"Barentlohnungen für anderes Hauspersonal (ohne Nachhilfeunterricht, einschließlich Hauslehrer/-innen)";"0562 100"
"Barentlohnungen für anderes Hauspersonal zur Betreuung von älteren Personen";"0562 100"
"Barentlohnungen für Hauspersonal zur Kinderbetreuung (ohne Nachhilfeunterricht, einschließlich Hauslehrer/-innen)";"0562 100"
"Barentlohnungen für Nachhilfeunterricht, einschließlich Hauslehrer/-innen";"1050 100"
"Barleistungen (Bruttoeinkommen aus haupt- und nebenberuflicher Tätigkeit)";"0011"
"Barometer";"1329 137"
"Bartschneiden, Friseurleistungen";"1313 111"
"Baskenmützen";"0313 103"
"Basketbälle";"0922 121"
"Bastelbedarf";"0921 209"
"Bastelsätze zum Emaillieren";"0921 209"
"Bast für kunstgewerbliche Zwecke";"0921 209"
"Basttaschen";"1329 119"
"Batikfarben";"0974 008"
"Batterieladegeräte für Kraftfahrzeuge";"0721 201"
"Batterieladegeräte für spezielle Haushaltsbatterien";"0552 204"
"Batterieleuchten (ohne Warnblinkleuchten)";"0552 204"
"Batterien, Zubehör der Informations- und Kommunikationstechnik";"0819 209"
"Batterien für allgemeine Zwecke (ohne solche für Kraftfahrzeuge, für Informations- und Kommunikationstechnik)";"0552 203"
"Batterien für Foto- und Filmaufnahmegeräte";"0911 207"
"Batterien für Hörgeräte";"0552 203"
"Batterien für Kraftfahrzeuge";"0721 201"
"Batterien für Rundfunkempfangsgeräte";"0819 209"
"Batterien für Spielwaren";"0552 203"
"Batterien für Taschenlampen";"0552 203"
"Batterien für Uhren";"0552 203"
"Bauausgaben für Wohngebäude";"1661 000"
"Bauchlappen, frisch oder gefroren, Schweinebauchlappen";"0112 220"
"Bauchspeck, frisch oder gefroren";"0112 220"
"Bauchspeck, geräuchert oder getrocknet (ohne Schinkenspeck)";"0112 310"
"Baudarlehen, Aufnahme, nicht bei Kreditinstituten";"0081 900"
"Baudarlehen, Aufnahme bei Bausparkassen";"0081 200"
"Baudarlehen, Aufnahme bei Kreditinstituten ohne Bausparkassen";"0081 100"
"Baudarlehen, Tilgung";"1651 200"
"Baudarlehen, Verzinsung";"1651 400"
"Bauernbrot (ohne Schrot- und Vollkornbrot)";"0111 312"
"Bauernhandkäse";"0114 504"
"Baugenehmigungsgebühren, Hausbau";"1661 000"
"Baugenossenschaftsanteile, Kauf, ohne vermögenswirksame Leistungen";"1683 100"
"Baugenossenschaftsanteile, Kauf, vermögenswirksame Leistungen";"1683 900"
"Baugenossenschaftsanteile, Verkauf";"0071 300"
"Baukästen, Konstruktionsbaukästen";"0921 205"
"Bauliche Maßnahmen an Grundstücken, Gebäuden und Eigentumswohnungen, werterhöhend";"1663 000"
"Baumbehang, Schokoladenerzeugnisse";"0118 509"
"Baumbehang, Zuckerwaren";"0118 909"
"Bäume fällen, Dienstleistungen für die Gartenpflege";"0444 106"
"Baumkuchen, frisch";"0111 344"
"Baumkuchen, gefroren";"0111 343"
"Baumpfähle";"0931 105"
"Baumpflege";"0444 106"
"Baumsägen, motorisch angetrieben";"0551 001"
"Baumsägen, nichtmotorisch angetrieben";"0552 104"
"Baumwachs";"0931 102"
"Baumwollgarne, Handarbeitsgarne";"0313 201"
"Baumwollsamenöl für Speisezwecke";"0115 109"
"Bausätze für Flugzeuge, Spielwaren";"0921 205"
"Bausätze für Häuser, Spielwaren";"0921 205"
"Bausätze für Schiffe, Spielwaren";"0921 205"
"Bausparen, Auszahlung von Guthaben";"0071 300"
"Bausparen, Einzahlung auf Bausparverträge, ohne vermögenswirksame Leistungen";"1683 100"
"Bausparen, Einzahlung auf Bausparverträge, vermögenswirksame Leistungen";"1683 900"
"Bausparverträge, Kauf, ohne vermögenswirksame Leistungen";"1683 100"
"Bausparverträge, Kauf, vermögenswirksame Leistungen";"1683 900"
"Bausparverträge, Verkauf";"0071 300"
"Baustoffe u.ä. für die Wohnungsinstandsetzung, auf Kosten der Eigentümerinnen und Eigentümer";"1675 100"
"Bautenschutzmittel für die Wohnungsinstandsetzung, auf Kosten der Eigentümerinnen und Eigentümer";"1675 100"
"Bautenzüge für Fahrräder";"0721 208"
"Beamer";"0911 108"
"Beamern, Miete von";"0835 005"
"Beaufsichtigen von Kindern in Schulkindergärten";"1010 105"
"Beaufsichtigung von Kindern in Kindergärten (ohne Schulkindergärten), ab 3 Jahren";"1010 102"
"Becher, aus Holz";"0540 328"
"Becher, aus Porzellan";"0540 102"
"Becher, aus Steingut u.a. feinkeramischen Stoffen";"0540 102"
"Becher, aus unedlem Metall";"0540 328"
"Becher, Einweggeschirr";"0561 901"
"Becher aus Kunststoff (ohne Einwegbecher)";"0540 328"
"Bed and Breakfast";"1120 102"
"Bedienungsgelder aus unselbständiger Arbeit im Gastgewerbe, brutto";"0011 110"
"Bedürfnisanstalten, Entgelte für Benutzung";"1390 909"
"Beefsteak, frisch oder gefroren";"0112 217"
"Beerdigungsartikel";"1329 131"
"Beerdigungskosten, Dienstleistungen";"1390 905"
"Beerenobst, gefroren";"0116 600"
"Beerenobst, getrocknet";"0116 700"
"Beerenobstkonserven";"0116 907"
"Beerensträucher";"0931 215"
"Beerenweine, Verzehr in Kantinen, Mensen nicht in Hochschulen und Schulen";"1112 900"
"Beerenweine, Verzehr in Kantinen, Mensen von Hochschulen, Schulen";"1112 100"
"Beerenweine, Verzehr in Restaurants, Cafés, Bars, mit umfassender Bedienungsleistung";"1111 143"
"Beerenweine";"0212 220"
"Beetpflanzen, Zierpflanzen (ohne Ziergehölze ohne Samen und Vermehrungsgut)";"0931 226"
"Befestigungsmaterial für Haushaltszwecke, nicht für Gardinen";"0561 905"
"Befestigungswinkel";"0561 905"
"Befristete häusliche Krankenpflege und Betreuung";"0623 203"
"Befüllung von Gasflaschen";"0452 200"
"Beglaubigungen, Gebühren (ohne ärztliche Atteste, Bescheinigungen)";"1390 909"
"Begonien, Topfpflanzen (einschl. Hydrokulturen)";"0931 222"
"Begräbnisartikel";"1329 131"
"Behandlungen, zahnärztliche Dienstleistungen";"0622 906"
"Behandlungen durch Allgemeinmedizinerinnen oder Allgemeinmedizinern, ambulant";"0623 105"
"Behandlungen durch Allgemeinmedizinerinnen oder Allgemeinmedizinern, langfristig, ambulant";"0623 203"
"Behandlungen durch Augenärztinnen und Augenärzte, ambulant";"0623 105"
"Behandlungen durch Augenärztinnen und Augenärzte, in Krankenhäusern, ambulant";"0623 105"
"Behandlungen durch Augenärztinnen und Augenärzte, in Krankenhäusern, langfristig, ambulant";"0623 203"
"Behandlungen durch Augenärztinnen und Augenärzte, langfristig, ambulant";"0623 203"
"Behandlungen durch Augenärztinnen und Augenärzte, Vorsorgedienstleistungen, ambulant";"0621 905"
"Behandlungen durch Chirurginnen und Chirurgen, Impfungen, ambulant";"0621 103"
"Behandlungen durch Chirurginnen und Chirurgen, in Krankenhäusern, ambulant";"0623 105"
"Behandlungen durch Chirurginnen und Chirurgen, in Krankenhäusern, langfristig ambulant";"0623 203"
"Behandlungen durch Chirurginnen und Chirurgen, langfristig, ambulant";"0623 203"
"Behandlungen durch Chirurginnen und Chirurgen, Vorsorgedienstleistungen, ambulant";"0621 905"
"Behandlungen durch Chirurginnen und Chirurgen, Vorsorgedienstleistungen, in Krankenhäusern, ambulant";"0621 905"
"Behandlungen durch den Zahnarzt, Anfertigung von Zahnersatz, -spangen u.ä. (einschl. Zahnlaborleistungen ohne Materialkosten)";"0622 904"
"Behandlungen durch den Zahnarzt, konservierende Leistungen";"0622 906"
"Behandlungen durch den Zahnarzt, Vorsorgedienstleistungen";"0622 102"
"Behandlungen durch  Fachmedizinerinnen oder Fachmediziner, langfristig ambulant";"0623 203"
"Behandlungen durch  Fachmedizinerinnen oder Fachmediziner ambulant";"0623 105"
"Behandlungen durch  Medizinerinnen oder Mediziner ambulant, Impfungen";"0621 103"
"Behandlungen durch Medizinerinnen oder Medizinern, Vorsorgedienstleistungen, ambulant";"0621 905"
"Beherbergungsdienstleistungen in Internaten";"1120 300"
"Beherbergungsdienstleistungen in Studenten- und Schülerwohnheimen";"1120 300"
"Behinderteneinrichtungen mir ärztlicher Betreuung";"0632 002"
"Behindertenheime, Aufwendungen für medizinische Betreuung und Pflege, Zuzahlungen und Eigenanteile der gesetzlich Versicherten zu langfristigen stationären Gesundheitsdienstleistungen";"0632 001"
"Behindertenheime, nicht aufteilbare Leistungen für langfristige  Aufenthalte,";"1330 200"
"Behindertenpflegeheime, Aufwendungen für Verpflegung,";"1330 200"
"Behindertenpflege in der Wohnung";"1330 300"
"Behindertenschulung zum Erlernen des Alltags";"1330 900"
"Beihilfen, an andere private Haushalte, gesetzliche und vertragliche";"1643 100"
"Beihilfen, an Beschäftigte im öffentlichen Dienst";"0031 625"
"Beihilfen, an Bezieher von Versorgungsbezügen in der Beamtenversorgung";"0031 625"
"Beihilfen, aus dem Härtefonds aus dem Lastenausgleich, laufende Einnahmen";"0031 680"
"Beihilfen, aus dem Lastenausgleich";"0031 639"
"Beihilfen, aus der Kriegsopferversorgung";"0031 639"
"Beihilfen, aus der Sozialhilfe, einmalige und unregelmäßige Einnahmen";"0031 616"
"Beihilfen, im öffentlichen Dienst";"0031 625"
"Beihilfen, Unterhaltszahlungen, Unterstützungen von Kirchen, Gewerkschaften u.a. Organisationen und aus anderen Quellen, Einnahmen";"0033 410"
"Beihilfen, von anderen privaten Haushalten";"0033 420"
"Beihilfen, von Kirchen, Gewerkschaften u.a. Organisationen, Einnahmen";"0033 410"
"Beihilfen, von privaten Arbeitgebern";"0033 410"
"Beihilfen von Organisationen ohne Erwerbszweck, Einnahmen";"0033 410"
"Beile";"0552 105"
"Beileidskarten";"0973 001"
"Beinprothesen, orthopädisch";"0613 304"
"Beißringe";"0540 326"
"Beißzangen";"0552 105"
"Beitel";"0552 105"
"Beiträge, freiwillig,  an andere private Haushalte, Ausgaben";"1643 200"
"Beiträge, gesetzliche und vertragliche, an andere private Haushalte, Ausgaben";"1643 100"
"Beiträge, Tierschutzverein";"1641 900"
"Beiträge an Arbeitnehmerorganisationen, unregelmäßig";"1642 500"
"Beiträge an Frauenverbände, unregelmäßig";"1642 900"
"Beiträge an Gewerkschaften, unregelmäßig";"1642 500"
"Beiträge an Heimatvereine u.ä., unregelmäßig";"1642 200"
"Beiträge an Kirchen und karitative Einrichtungen, unregelmäßig";"1642 100"
"Beiträge an Landsmannschaften, unregelmäßig";"1642 900"
"Beiträge an Mietervereine, unregelmäßig";"1642 900"
"Beiträge an Organisationen der Bildung, Wissenschaft, Forschung und Kultur, unregelmäßig";"1642 200"
"Beiträge an Organisationen der freien Jugendhilfe, unregelmäßig";"1642 100"
"Beiträge an Organisationen der freien Wohlfahrtspflege, unregelmäßig";"1642 100"
"Beiträge an Organisationen des Gesundheitswesens, unregelmäßig";"1642 200"
"Beiträge an politische Parteien, unregelmäßig";"1642 700"
"Beiträge an religiöse und weltanschauliche Vereinigungen, unregelmäßig";"1642 100"
"Beiträge an Schulvereine, laufende Beiträge";"1641 900"
"Beiträge an Schulvereine, unregelmäßig";"1642 900"
"Beiträge an Soldatenbünde, unregelmäßig";"1642 900"
"Beiträge an Studentenvereinigungen, unregelmäßig";"1642 900"
"Beiträge an Verbraucherverbände, unregelmäßig";"1642 900"
"Beiträge an Vereinigungen von Kriegs- und Zivilbeschädigten, unregelmäßig";"1642 900"
"Beiträge für Automobil- und Aeroclub";"1641 300"
"Beiträge für Brandversicherung mit und ohne Elementarschutz";"1673 000"
"Beiträge für den ADAC e.V.";"1641 300"
"Beiträge für Einbruchdiebstahlversicherung";"1639 300"
"Beiträge für Erbschaftsteuer u.ä. Versicherungen";"1687 300"
"Beiträge für Fahrradversicherung";"1639 300"
"Beiträge für Feuerversicherung mit Elementarschutz";"1673 000"
"Beiträge für Feuerversicherung ohne Elementarschutz";"1673 000"
"Beiträge für Gebäudeversicherung mit Elementarschutz";"1673 000"
"Beiträge für Gebäudeversicherung ohne Elementarschutz";"1673 000"
"Beiträge für Glasversicherung mit Elementarschutz";"1673 000"
"Beiträge für Glasversicherung ohne Elementarschutz";"1673 000"
"Beiträge für Grundbesitzer-Haftpflichtversicherung";"1673 000"
"Beiträge für Hausratversicherung";"1639 300"
"Beiträge für Heirats-, Aussteuer-, Ausbildungs- u.ä. Versicherungen";"1687 300"
"Beiträge für Kraftfahrzeug-Haftpflichtversicherung";"1633 100"
"Beiträge für Kraftfahrzeug-Insassenversicherung";"1633 500"
"Beiträge für Kraftfahrzeug-Kaskoversicherung";"1633 200"
"Beiträge für Kraftfahrzeugversicherung (ohne Haftpflicht-, Kasko-, Insassenversicherung)";"1633 700"
"Beiträge für Lebens-, Alters-, Sterbegeld- u.ä. Versicherungen";"1687 300"
"Beiträge für Pensions- und Alterskassen für die betriebliche Altersversorgung (ohne Zusatzversorgung des öffentlichen Dienstes), freiwillig";"1631 200"
"Beiträge für Pensions- und Alterskassen für private Rentenversicherung, freiwillig";"1687 100"
"Beiträge für Personen-Haftpflichtversicherung";"1639 100"
"Beiträge für private Berufsunfähigkeitsversicherung";"1639 400"
"Beiträge für private Krankenversicherung (Vollversicherung)";"1632 100"
"Beiträge für private Krankenversicherung (Zusatzversicherung)";"1632 200"
"Beiträge für private Unfallversicherung";"1639 500"
"Beiträge für Rechtsschutzversicherung";"1639 700"
"Beiträge für Risikolebensversicherung ohne Kapitalbildung";"1639 600"
"Beiträge für Schadenversicherung (ohne Haftpflicht-, Gebäude-, Hausrat-, Unfall-, Rechtsschutzversicherung)";"1639 800"
"Beiträge für Sturmversicherung mit Elementarschutz";"1673 000"
"Beiträge für Versicherungen, z.B. für Alters-, Lebens-, Heiratsversicherungen";"1687 300"
"Beiträge für Versorgungskassen, freiwillig (ohne Zusatzversorgung des öffentlichen Dienstes)";"1631 200"
"Beiträge für Wasserschadenversicherung, Gebäudeversicherung (mit Elementarschutz)";"1673 000"
"Beiträge für Wasserschadenversicherung, Gebäudeversicherung (ohne Elementarschutz)";"1673 000"
"Beiträge für Weight Watchers";"1390 909"
"Beiträge und Entgelte für Fitness-Studios u.ä. Einrichtungen";"0946 202"
"Beiträge von Freiberuflern an Versorgungskassen";"1687 100"
"Beiträge zu Direktversicherungen im Rahmen der Entgeltumwandlung";"1631 200"
"Beiträge zur Altershilfe für Landwirte, freiwillige Beiträge";"1622 800"
"Beiträge zur Altershilfe für Landwirte, Pflichtbeiträge";"1621 800"
"Beiträge zur Arbeitslosenversicherung, Pflichtbeiträge";"1621 600"
"Beiträge zur gesetzlichen Krankenversicherung, freiwillige Beiträge";"1622 500"
"Beiträge zur gesetzlichen Krankenversicherung, Pflichtbeiträge";"1621 590"
"Beiträge zur Knappschaft-Bahn-See-Versicherung, Pflichtbeiträge";"1621 590"
"Beiträge zur Rentenversicherung der Arbeitnehmerinnen und Arbeitnehmer, freiwillige Beiträge";"1622 800"
"Beiträge zur Rentenversicherung der Arbeitnehmerinnen und Arbeitnehmer, Pflichtbeiträge";"1621 800"
"Beiträge zur Zusatzversorgung für Angehörige des öffentlichen Dienstes, freiwillige Beiträge und oder Zusatzbeiträge";"1631 100"
"Beitragserstattungen aus der gesetzlichen Rentenversicherung";"0031 580"
"Beitragserstattungen aus der Zusatzversorgung für Angehörige des öffentlichen Dienstes";"0031 580"
"Beitragserstattungen aus Erbschaftsteuer- u.ä. Versicherungen";"0077 200"
"Beitragserstattungen aus Heirats-, Aussteuer-, Ausbildungs- u.ä. Versicherungen";"0077 200"
"Beitragserstattungen aus Lebens-, Alters-, Sterbegeld- u.ä. Versicherungen";"0077 200"
"Beizen, flüssig, für Schönheitsreparaturen, auf Kosten der Wohnungsinhaberinnen und Wohnungsinhaber";"0431 103"
"Bekanntmachungen, Verwaltungsgebühren";"1390 909"
"Bekleidung (ohne Schuhe), Miete für";"0314 200"
"Belegkirschen, kandiert";"0118 901"
"Belegte Brötchen, Verzehr im Straßenverkauf, mit Getränken, mit eingeschränkten Bedienungsleistungen";"1111 204"
"Belegte Brötchen, Verzehr im Straßenverkauf, ohne Getränke";"1111 205"
"Belegte Brötchen vom Bäcker, mit Getränken, mit eingeschränkten Bedienungsleistungen";"1111 204"
"Belegte Brötchen vom Bäcker, ohne Getränke";"1111 205"
"Beleuchtungen für Fahrräder";"0721 308"
"Beleuchtungen für Fotozwecke";"0911 202"
"Beleuchtungen für Kraftfahrzeuge";"0721 201"
"Beleuchtungskosten für Treppenhaus- und Außenbeleuchtung, Ausgaben der Eigentümerinnen und Eigentümer für vermietete Wohnungen";"1679 500"
"Belichtungsmesser für Foto- und Filmgeräte";"0911 202"
"Benzin, bleifrei, Superbenzin, auch für Freizeitfahrzeuge";"0722 201"
"Benzin, bleifrei, Super E 10, auch für Freizeitfahrzeuge";"0722 202"
"Benzin, bleifrei, Super PLUS, auch für Freizeitfahrzeuge";"0722 204"
"Benzin für Feuerzeuge";"1329 133"
"Benzin für Reinigungszwecke";"0561 119"
"Benzinkanister für Kraftfahrzeuge";"0721 305"
"Bepflanzte Schalen, z.B. für Gräber";"0931 226"
"Bepflanzungsschalen";"0931 103"
"Bepflanzung von Gräbern, Dienstleistungen";"0931 228"
"Bepflanzung von Gräbern";"0931 228"
"Beratungen, Dienstleistungen sozialer Einrichtungen und karitativer Verbände";"1330 900"
"Berberteppiche, handgeknüpft oder handgewebt (ohne Wandteppiche)";"0511 405"
"Beregnungsgeräte, nichtmotorisch angetrieben";"0552 104"
"Bereifungen für Fahrräder";"0721 129"
"Bereitschaftsetuis für Foto- und Filmgeräte";"0911 202"
"Bergamotten, frisch oder gekühlt";"0116 207"
"Bergbahnfahrten (ohne Personenbeförderung mit Skiliften, Seilbahnen in Skigebieten oder Ferienzentren)";"0736 001"
"Bergbahnfahrten in Skigebieten oder Ferienzentren";"0946 205"
"Bergführer, Dienstleistungen";"0946 104"
"Berghüttenübernachtungen, mit oder ohne Verpflegung";"1120 204"
"Bergkäse";"0114 501"
"Bergschuhe, Spezialsportschuhe für Herren, Damen und Kinder";"0922 117"
"Bergseile";"0922 119"
"Bermudashorts für Damen (ohne Sporthosen)";"0312 227"
"Bermudashorts für Herren (ohne Sporthosen)";"0312 129"
"Bermudashorts für Mädchen (ohne Sporthosen)";"0312 294"
"Berufsaufbauschulen, Sekundarbereich I, Dienstleistungen";"1020 010"
"Berufsausbildungsbeihilfen nach dem Arbeitsförderungsgesetz";"0031 570"
"Berufsbekleidung, Erstattung von Aufwendungen durch den Arbeitgeber";"0095 000"
"Berufsbekleidung für Damen (ohne Wäsche und Bekleidungszubehör)";"0312 22"
"Berufsfachschulen, Sekundarbereich II, Dienstleistungen";"1020 030"
"Berufsgrundbildungsjahr, Dienstleistungen der Bildungseinrichtungen des Sekundarbereichs II";"1020 030"
"Berufshaftpflichtversicherung, Prämien";"1639 800"
"Berufskopfbedeckungen";"0313 103"
"Berufsoberschulen, postsekundarer, nicht-tertiärer Bildungsbereich, Dienstleistungen";"1030 000"
"Berufsschulen (Duales System), Sekundarbereich II, Dienstleistungen";"1020 030"
"Berufstätigenfahrkarten in Verkehrsverbünden, Tarif- und Verkehrsgemeinschaften";"0735 015"
"Berufstätigenfahrkarten zu Sonderkonditionen im internationalen Schienenfernverkehr";"0731 130"
"Berufstätigenfahrkarten zu Sonderkonditionen im nationalen Schienenfernverkehr";"0731 123"
"Berufsunfähigkeitsrenten aus der gesetzlichen Rentenversicherung";"0031 110"
"Berufsunfähigkeitsrenten aus der gesetzlichen Unfallversicherung";"0031 300"
"Berufsunfähigkeitsversicherung, Einnahme aus einer privaten";"0077 100"
"Berufsunfähigkeitversicherung, Prämien";"1639 400"
"Berufsvorbereitungsjahr, Sekundarbereich I, Dienstleistungen";"1020 010"
"Berufszeitschriften, täglich erscheinend";"0972 206"
"Beruhigungssauger";"0540 326"
"Besatzmaterial für Bekleidung, Haushaltswäsche und Heimtextilien";"0313 209"
"Beschädigtenrenten aus der gesetzlichen Unfallversicherung";"0031 300"
"Beschädigtenrenten der Kriegsopferversorgung (aus eigenen Ansprüchen und Hinterbliebenenrenten)";"0031 680"
"Beschläge (ohne solche für Kraftfahrzeuge und Fahrräder)";"0431 108"
"Beschlagen von Pferden";"0945 001"
"Beschneiden von Obstgehölzen";"0444 106"
"Beschneiden von Ziergehölzen";"0444 106"
"Besen";"0561 121"
"Besenschränke, Küchenschränke";"0511 133"
"Besenstiele";"0561 121"
"Besichtigungen von Museen, Kunstausstellungen u.ä.";"0962 001"
"Besohlen von Schuhen";"0322 000"
"Bestattungsgebühren";"1390 905"
"Bestattungsvorsorgeverträge";"1390 905"
"Bestecke, Einweggeschirr";"0561 901"
"Bestecke, Miete für";"0540 400"
"Bestecke, mit Griffen aus Edelmetall";"0540 201"
"Besteckkästen";"0540 322"
"Besteckmesser";"0540 201"
"Bestrahlungsgeräte für die Gesundheitspflege";"0612 305"
"Bestrahlungsgeräten, Reparaturen an";"0614 000"
"Besuch von Ballettaufführungen (einschl. Eintritt, Garderobe, Programm)";"0961 002"
"Besuch von Faschingssitzungen";"0961 005"
"Besuch von Fitness-Studios";"0946 202"
"Besuch von Freibädern, Eintrittsgelder (ohne Thermalbäder)";"0946 201"
"Besuch von Freizeitparks";"0946 101"
"Besuch von Gesangskonzerten (einschl. Eintritt, Garderobe, Programm)";"0961 004"
"Besuch von Hallenbädern, Eintrittsgelder (ohne Thermalbäder)";"0946 201"
"Besuch von Jahrmärkten";"0946 101"
"Besuch von Kabarettaufführungen";"0961 003"
"Besuch von Kinofilmaufführungen (einschl. Eintritt, Garderobe, Programm)";"0961 001"
"Besuch von Konzerten (einschl. Eintritt, Garderobe, Programm)";"0961 004"
"Besuch von Licht- und Tonshows (einschl. Eintritt, Garderobe, Programm)";"0961 005"
"Besuch von medizinischen Thermalbädern";"0623 105"
"Besuch von Museen, Kunstausstellungen u.ä. (einschl. Eintritt, Garderobe, Programm)";"0962 001"
"Besuch von Musicalaufführungen (einschl. Eintritt, Garderobe, Programm)";"0961 002"
"Besuch von Operettenaufführungen (einschl. Eintritt, Garderobe, Programm)";"0961 002"
"Besuch von Opernaufführungen (einschl. Eintritt, Garderobe, Programm)";"0961 002"
"Besuch von Rockkonzerten (einschl. Eintritt, Garderobe, Programm)";"0961 004"
"Besuch von Schauspielaufführungen (einschl. Eintritt, Garderobe, Programm)";"0961 003"
"Besuch von Sinfoniekonzerten (einschl. Eintritt, Garderobe, Programm)";"0961 004"
"Besuch von Sportveranstaltungen (einschl. Eintritt, Garderobe, Programm)";"0946 300"
"Besuch von Tanzabenden (einschl. Eintritt, Garderobe, Programm)";"0946 101"
"Besuch von Vergnügungsparks (einschl. Eintritt, Garderobe, Programm)";"0946 101"
"Besuch von Volksfesten (einschl. Eintritt, Garderobe, Programm)";"0946 101"
"Besuch von Zirkusveranstaltungen (einschl. Eintritt, Garderobe, Programm)";"0961 005"
"Besuch von zoologischen und botanischen Gärten (einschl. Tierausstellungen)";"0962 003"
"Betablocker";"0611 120"
"Betonmischer";"0551 002"
"Betonmischmaschinen";"0551 002"
"Betreuungen, Dienstleistungen sozialer Einrichtungen und karitativer Verbände";"1330 900"
"Betreuungsgeld sowie Elterngeld nach dem Bundeselterngeld- und Elternzeitgesetz nach § 16 SGB VIII";"0031 617"
"Betreuung von unterrichtsfreien Zeiten in der Schule";"1330 102"
"Betriebsausrüstungen, elektrisch, für Kraftfahrzeuge";"0721 201"
"Betriebsausrüstungen, feinmechanisch, für Kraftfahrzeuge";"0721 201"
"Betriebskrankenkassen, freiwillige Beiträge";"1622 500"
"Betriebskrankenkassen, Pflichtbeiträge";"1621 590"
"Betriebspensionen (ohne Sachbezüge)";"0033 110"
"Betriebsrenten (ohne Sachbezüge)";"0033 110"
"Betriebsunterstützungen, laufende Einnahmen (ohne Sachbezüge)";"0033 110"
"Betriebsvermögen, Veräußerung";"0062 000"
"Betriebsvermögen, Vergrößerung";"1665 000"
"Bettbezüge";"0521 204"
"Bettcouches, Polstermöbel";"0511 113"
"Bettdecken, Federbetten";"0521 202"
"Bettdecken, Tagesdecken";"0521 205"
"Bettfedern, lose";"0521 909"
"Bettfedernreinigung";"0562 901"
"Bettflaschen, Wärmflaschen";"0612 305"
"Bettjacken für Damen";"0312 273"
"Bettlaken";"0521 204"
"Bettler, Geldgeschenke";"1643 200"
"Bettpfannen";"0613 306"
"Bettstellen (ohne Matratzen und Kinderbettstellen)";"0511 121"
"Betttücher";"0521 204"
"Bettumrandungen aus textilem Material (ohne handgeknüpfte oder handgewebte)";"0511 406"
"Bettwaren, Reparaturen an";"0522 000"
"Bettwäsche, Miete für";"0522 000"
"Bettwäschestoffe, Meterware";"0521 909"
"Beurkundungsgebühren, Notargebühren (nicht für den Kauf von Grundstücken, Gebäuden und Eigentumswohnungen)";"1390 903"
"Beurkundungsgebühren, Verwaltungsgebühren (ohne Notargebühren) Standesamtsurkunden";"1390 901"
"Beurkundungsgebühren, Verwaltungsgebühren (ohne Notargebühren und Standesamtsurkunden)";"1390 909"
"Beurkundungsgebühren für den Kauf von Grundstücken, Gebäuden und Eigentumswohnungen";"1661 000"
"Beutel aus Kunststoff";"0561 904"
"Beutel aus Papier oder Alufolien";"0561 902"
"Bewässerungskugeln";"0561 909"
"Bewegungsmelder";"0431 200"
"Bewerbungsmappen";"0974 006"
"Bezüge für Autositze";"0721 305"
"Bezüge für Kopfkissen";"0521 204"
"Bezüge für Oberbetten";"0521 204"
"Bezüge für Sofakissen";"0521 909"
"Bezugsrechte, Kauf";"1685 300"
"Bezugsrechte, Verkauf";"0071 410"
"Bibeln";"0971 907"
"Bibliotheken, Besuch von";"0962 002"
"Bibliotheksgebühren, Miete für Bücher";"0962 002"
"Bickbeeren, frisch oder gekühlt";"0116 409"
"Bickbeeren, gefroren";"0116 600"
"Bickbeerkonserven";"0116 907"
"Bienen, lebend";"0932 103"
"Bienenhonig";"0118 306"
"Bienenkörbe";"0932 202"
"Bienenzuchtgeräte";"0932 202"
"Bier, alkoholfrei, Radler";"0213 003"
"Bier, alkoholfrei, Verzehr in Kantinen, Mensen in Hochschulen";"1112 100"
"Bier, alkoholfrei, Verzehr in Kantinen, Mensen nicht in Hochschulen";"1112 900"
"Bier, alkoholfrei, Verzehr in Restaurants, Cafés, Bars, mit umfassender Bedienungsleistung";"1111 144"
"Bier, alkoholfrei";"0213 003"
"Bier, alkoholfrei oder mit wenig Alkohol,";"0213 003"
"Bier, alkoholhaltig, nicht untergärig,";"0213 001"
"Bier, alkoholhaltig, Verzehr in Kantinen, Mensen, a.n.g.";"1112 900"
"Bier, alkoholhaltig, Verzehr in Kantinen, Mensen von Hochschulen";"1112 100"
"Bier, alkoholhaltig, Verzehr in Restaurants, Cafés, Bars, mit umfassender Bedienungsleistung";"1111 144"
"Bier, untergärig, alkoholhaltig";"0213 001"
"Bierdeckel aus Pappe";"0561 902"
"Biergarnituren, Miete von, für Gartenpartys";"0512 000"
"Biergläser";"0540 103"
"Biermischgetränke, alkoholfrei";"0213 003"
"Biermischgetränke, Alkoholgehalt >= 0,5 %";"0219 010"
"Biermischgetränke, Verzehr in Kantinen, Mensen, a.n.g.";"1112 900"
"Biermischgetränke, Verzehr in Kantinen, Mensen von Hochschulen";"1112 100"
"Biermischgetränke, Verzehr in Restaurants, Cafés, Bars, mit umfassender Bedienungsleistung";"1111 144"
"Bierschinken, Brühwurst (ohne Konserven)";"0112 502"
"Biertische und Bierbänke,  Miete von, für Gartenpartys";"0512 000"
"Bierwurst, Brühwurst (ohne Konserven)";"0112 502"
"Bikinis für Damen";"0312 265"
"Bikinis für Mädchen";"0312 291"
"Bildbetrachter";"0911 108"
"Bilder, Originale";"0511 407"
"Bilder, Reproduktionen von Gemälden u.ä.";"0511 407"
"Bilderbücher für Kinder";"0971 902"
"Bildereinrahmungen, Dienstleistungen";"0963 000"
"Bilder für religiöse und rituelle Feierlichkeiten";"1322 000"
"Bilderhaken";"0561 905"
"Bilderrahmen, digital";"0911 202"
"Bilderrahmen";"0911 207"
"Bildkalender";"0973 002"
"Bildpostkarten";"0973 001"
"Bildschirme für Informationsverarbeitungsgeräte";"0813 203"
"Bildstickereien";"0511 407"
"Bildtapeten für Schönheitsreparaturen, auf Kosten der Wohnungsinhaberinnen und Wohnungsinhaber";"0431 102"
"Bildtelegrammgebühren";"0839 909"
"Bild- und Tonplayer, tragbar";"0814 030"
"Bildung, Mitgliedsbeiträge an Organisationen";"1641 200"
"Bildung, Spenden und unregelmäßige Beiträge an Organisationen";"1642 200"
"Bildungsgutschein vom Arbeitgeber";"0012 291"
"Billardtische";"0912 905"
"Bindemittel, zementähnlich, für die Wohnungsinstandsetzung, auf Kosten der Eigentümerinnen und Eigentümer";"1675 100"
"Bindemittel, zementähnlich, für die Wohnungsinstandsetzung, auf Kosten der Mieterinnen und der Mieter";"0431 103"
"Binden, gummielastisch";"0613 304"
"Binden, hygienisch";"1312 229"
"Binden, medizinisch (ohne gummielastische und hygienische Binden u.ä.)";"0612 303"
"Bindfäden";"0561 909"
"Biographien, Bücher";"0971 903"
"Biographien auf CD-ROMs (ohne System- und Anwendungssoftware)";"0971 909"
"Biojoghurt";"0114 601"
"Biotreibstoffe, auch für Freizeitfahrzeuge";"0722 308"
"Birkensaft und -wasser";"0129 009"
"Birkhühner, erlegt, frisch oder gefroren (ohne Innereien)";"0112 250"
"Birkhühner, lebend";"0112 100"
"Birnen, frisch oder gekühlt";"0116 302"
"Birnengehölze";"0931 215"
"Birnenkonserven";"0116 904"
"Birnenmost, vergoren";"0212 220"
"Birnennektar, Verzehr in Kantinen, Mensen, a.n.g.";"1112 900"
"Birnennektar, Verzehr in Kantinen, Mensen von Hochschulen, Schulen und Kindergärten";"1112 100"
"Birnennektar, Verzehr in Restaurants, Cafés, Bars, mit umfassender Bedienungsleistung";"1111 153"
"Birnennektar";"0121 001"
"Birnensaft, Verzehr in Kantinen, Mensen, a.n.g.";"1112 900"
"Birnensaft, Verzehr in Kantinen, Mensen von Hochschulen, Schulen und Kindergärten";"1112 100"
"Birnensaft, Verzehr in Restaurants, Cafés, Bars, mit umfassender Bedienungsleistung";"1111 153"
"Birnensaft";"0121 001"
"Birnenweine, Verzehr in Kantinen, Mensen, a.n.g.";"1112 900"
"Birnenweine, Verzehr in Kantinen, Mensen von Hochschulen";"1112 100"
"Birnenweine, Verzehr in Restaurants, Cafés, Bars, mit umfassender Bedienungsleistung";"1111 143"
"Birnenweine";"0212 220"
"Biskuits";"0111 352"
"Bismarckheringe, Marinaden";"0113 302"
"Bissanzeiger für die Sportfischerei";"0922 115"
"Bitterliköre, Verzehr in Kantinen, Mensen, a.n.g.";"1112 900"
"Bitterliköre, Verzehr in Kantinen, Mensen von Hochschulen";"1112 100"
"Bitterliköre, Verzehr in Restaurants, Cafés, Bars, mit umfassender Bedienungsleistung";"1111 142"
"Bitterliköre";"0211 010"
"Bitterschokoladen, Tafelschokoladen";"0118 503"
"Blasebalg";"0922 205"
"Blasinstrumente";"0951 003"
"Blätter, künstlich";"0931 213"
"Blätterteig, gefroren";"0111 901"
"Blätterteiggebäck, Verzehr in Kantinen, Mensen, a.n.g.";"1112 900"
"Blätterteiggebäck, Verzehr in Kantinen, Mensen von Hochschulen, Schulen und Kindergärten";"1112 100"
"Blätterteiggebäck, Verzehr in Restaurants, Cafés, Bars, mit umfassender Bedienungsleistung";"1111 121"
"Blätterteiggebäck";"0111 330"
"Blattgemüse, frisch oder gekühlt";"0117 102"
"Blattpetersilie, frisch, gekühlt oder gefroren";"0119 401"
"Blaubeeren, frisch oder gekühlt";"0116 409"
"Blaubeeren, gefroren";"0116 600"
"Blaubeerkonserven";"0116 907"
"Blaufelchen, frisch, gekühlt";"0113 101"
"Blaufelchen, gefroren";"0113 102"
"Blazer für Damen";"0312 216"
"Blazer für Herren";"0312 116"
"Blazer für Jungen";"0312 182"
"Blazer für Mädchen";"0312 292"
"Blechblasinstrumente, tragbar";"0951 003"
"Blechdosen, Vorrats- und Frischhaltebehälter";"0540 322"
"Blechscheren, nichtelektrisch";"0552 105"
"Blei, Süßwasserfisch, frisch oder gekühlt";"0113 101"
"Blei, Süßwasserfisch, gefroren";"0113 102"
"Bleiband für Gardinen";"0521 101"
"Bleichsellerie, frisch oder gekühlt";"0117 102"
"Bleichsoda";"0561 111"
"Bleistifte";"0974 005"
"Bleistifthalter";"0974 009"
"Bleistiftkästen, Büroartikel";"0974 007"
"Bleistiftminen";"0974 005"
"Bleistiftspitzer";"0974 006"
"Bleistiftspitzmaschinen";"0974 006"
"Blindengeld";"0031 639"
"Blindenhilfe, Sozialhilfe";"0031 615"
"Blindenschriftschreibmaschinen";"0813 205"
"Blindenstöcke";"0613 102"
"Blinker für die Sportfischerei";"0922 115"
"Blinker für Kraftfahrzeuge";"0721 201"
"Blitzlichtgeräte für Fotogeräte";"0911 202"
"Blitzlichtlampen";"0911 202"
"Blocker, Bohnerbesen";"0561 121"
"Blockflöten";"0951 004"
"Blocksahne";"0114 302"
"Block- und Ferienhütten, Miete für";"1120 202"
"Blondieren (Friseurleistungen für Damen)";"1313 129"
"Blopens, Airbrush-Stifte";"0974 008"
"Blousons für Damen, (ohne Strickjacken und Sportbekleidung)";"0312 216"
"Blousons für Herren";"0312 117"
"Blousons für Jungen";"0312 182"
"Blousons für Mädchen";"0312 292"
"Blousons für Säuglinge";"0312 308"
"Bluetooth-Headsets, drahtlos";"0814 091"
"Blumen, künstlich";"0931 213"
"Blumenampeln";"0931 103"
"Blumenbänke";"0511 409"
"Blumendünger";"0931 101"
"Blumenerde";"0931 102"
"Blumenkästen";"0931 103"
"Blumenknollen, Vermehrungsgut";"0931 227"
"Blumenkohl, frisch oder gekühlt";"0117 105"
"Blumenkränze, natürlich (ohne Grabkränze)";"0931 221"
"Blumenpflanzen, Vermehrungsgut";"0931 227"
"Blumenpflege";"0444 106"
"Blumensamen, Vermehrungsgut";"0931 227"
"Blumenscheren";"0552 104"
"Blumenspray";"0931 102"
"Blumenständer";"0511 409"
"Blumenstrauß, Schnittblumen zum Strauß gebunden";"0931 221"
"Blumentöpfe (ohne Blumenübertöpfe )";"0931 103"
"Blumentopfuntersetzer";"0931 103"
"Blumenübertöpfe";"0931 103"
"Blumenzwiebeln, Vermehrungsgut";"0931 227"
"Blu-ray Discs (BD-Rs, BD-REs), unbespielt";"0815 002"
"Blu-Ray-Player";"0814 022"
"Blusen für Damen (ohne Sportbekleidung)";"0312 232"
"Blusen für Mädchen (ohne Sportbekleidung)";"0312 295"
"Blusenstoffe, Meterware";"0311 000"
"Blutdruckmessgeräte";"0612 102"
"Blutmehl für Futterzwecke, Futtermittel für Nutztiere";"0932 201"
"Blutspenden, Einnahmen";"0097 000"
"Blutwurst, Kochwurst (ohne Konserven)";"0112 503"
"Blutwurst, Konserven";"0112 504"
"Blutzuckermessgeräte";"0612 102"
"Bobby-Cars";"0921 203"
"Bobinetgewebe für Gardinen, Meterware";"0521 101"
"Bockbier, Verzehr in Kantinen, Mensen, a.n.g.";"1112 900"
"Bockbier, Verzehr in Kantinen, Mensen von Hochschulen";"1112 100"
"Bockbier, Verzehr in Restaurants, Cafés, Bars, mit umfassender Bedienungsleistung";"1111 144"
"Bockbier";"0213 001"
"Bockwurst, Brühwurst (ohne Konserven)";"0112 502"
"Bockwurst, Konserven";"0112 504"
"Bockwurst, Verzehr im Straßenverkauf, mit Getränken, mit eingeschränkten Bedienungsleistungen";"1111 204"
"Bockwurst, Verzehr im Straßenverkauf, ohne Getränke";"1111 205"
"Bodenanalysen, Wasser- und Bodenproben, die beim Kauf von Grundstücken, Gebäuden, Eigentumswohnungen und Hausbau anfallen";"1661 000"
"Bodenanalysen ohne Hauskauf";"1390 909"
"Bodenbearbeitung, Dienstleistungen für die Gartenpflege";"0444 106"
"Bodenbearbeitungsgeräte, motorisch angetrieben, Gartengeräte";"0551 001"
"Bodenbearbeitungsgeräte, nichtmotorisch angetrieben, Gartengeräte";"0552 104"
"Bodenbeläge aus Gummi (ohne Flecht- und Türmatten)";"0431 106"
"Bodenbeläge aus Kunststoff (ohne Flecht- und Türmatten)";"0431 106"
"Bodenbeläge aus Linoleum (ohne Flecht- und Türmatten)";"0431 106"
"Bodenbeläge aus textilem Material, in Bahnen oder Fliesen";"0431 105"
"Bodenbelägen, Reparaturen an";"0432 006"
"Bodenbelagverlegung";"0432 006"
"Bodenfarben für Schönheitsreparaturen, auf Kosten der Wohnungsinhaberinnen und Wohnungsinhaber";"0431 101"
"Bodenfräsen, motorisch angetrieben";"0551 001"
"Bodenhülsen";"0552 208"
"Bodenlacke für Schönheitsreparaturen, auf Kosten der Wohnungsinhaberinnen und Wohnungsinhaber";"0431 101"
"Bodenleuchten, elektrisch, für Wohnräume";"0511 309"
"Bodenöle";"0561 116"
"Bodenpflegegeräte, elektrisch, Haushaltsgeräte";"0531 400"
"Bodentreppen auf Kosten der Eigentümerinnen und Eigentümer, Reparaturen an";"1675 100"
"Bodentreppen auf Kosten der Eigentümerinnen und Eigentümer, werterhöhend";"1663 000"
"Bodentreppen auf Kosten der Mieterinnen und der Mieter, Reparaturen von";"0432 009"
"Bodentreppen auf Kosten der Mieterinnen und der Mieter";"0431 108"
"Bodenwachse";"0561 116"
"Bodies, Wäsche für Herren";"0312 161"
"Bodies für Säuglinge";"0312 303"
"Bodies mit Formkraft für Damen";"0312 271"
"Bodies ohne Formkraft, Wäsche für Damen";"0312 279"
"Bodybuildinggeräte";"0922 124"
"Bodyguards, Leibwächter";"1390 909"
"Bogen für Geigen";"0951 005"
"Bohnen, frisch oder gekühlt";"0117 300"
"Bohnen, getrocknet, ausgelöst (auch zerkleinert oder geschält)";"0117 600"
"Bohneneintopf, Konservenfertiggericht";"0119 132"
"Bohneneintopf, Verzehr in Kantinen, Mensen, a.n.g.";"1112 900"
"Bohneneintopf, Verzehr in Kantinen, Mensen von Hochschulen, Schulen und Kindergärten";"1112 100"
"Bohneneintopf, Verzehr in Restaurants, Cafés, Bars, mit umfassender Bedienungsleistung";"1111 112"
"Bohnenkaffee, gemahlen und ungemahlen";"0122 001"
"Bohnenkonserven (ohne Dicke Bohnen)";"0117 916"
"Bohnenkraut, frisch, gekühlt oder gefroren";"0119 401"
"Bohnenkraut, getrocknet";"0119 402"
"Bohnenmehl";"0117 922"
"Bohnenstangen";"0931 105"
"Bohnerbesen, nichtelektrisch";"0561 121"
"Bohnerlappen für den Haushalt";"0561 122"
"Bohnermaschinen, elektrisch";"0531 400"
"Bohnertücher für den Haushalt";"0561 122"
"Bohnerwachs";"0561 116"
"Bohrer für Elektrowerkzeuge";"0552 105"
"Bohrknarren";"0552 105"
"Bohrmaschinen, elektrisch";"0551 002"
"Bohrmaschinen u.Ä., Reparatur, Miete und Leasing";"0553 012"
"Bohrständer";"0552 105"
"Bohrwinden";"0552 105"
"Boiler mit elektrischer Beheizung, Warmwasserbereiter";"0531 305"
"Bolzen";"0561 905"
"Bonbons";"0118 903"
"Boote, aufblasbar";"0922 209"
"Bootsfahrten, Fahrten mit Binnenschiffen (einschl. Fährschiffen)";"0734 002"
"Bootsfahrten, Fahrten mit Hochsee- und Küstenschiffen (einschl. Fährschiffen)";"0734 001"
"Bootshaftpflichtversicherung, Prämien";"1639 800"
"Bootsliegeplätze, Miete für  (ohne Mieten für Liegeplätze, die zur Wohnung gehören)";"0942 206"
"Bootsliegeplatzmieten (ohne Ferienliegeplatzmiete)";"0942 206"
"Bootsmiete für Urlaub";"0942 204"
"Bootsschuhe für Damen (ohne Spezialsportschuhe)";"0321 250"
"Bootsschuhe für Herren (ohne Spezialsportschuhe)";"0321 150"
"Bordcomputer für Kraftfahrzeuge";"0814 018"
"Bord für Stehpaddeln";"0912 302"
"Borretsch, frisch oder gekühlt";"0119 402"
"Borretsch, getrocknet";"0119 402"
"Borsalbe, apothekenpflichtig (ohne solche für Tiere)";"0611 120"
"Borten für Bekleidung, Haushaltswäsche und Heimtextilien";"0313 209"
"Botanische Gärten, Eintrittsgelder";"0962 003"
"Botanische Sammlungen und Sammlungsstücke";"0921 208"
"Botendienste (ohne Beförderung durch die Deutsche Post und private Zustelldienste)";"0736 009"
"Bottiche aus anderem Material";"0540 325"
"Bottiche aus Kunststoff";"0540 325"
"Bouillon, Verzehr in Kantinen, Mensen, a.n.g";"1112 900"
"Bouillon, Verzehr in Kantinen, Mensen von Hochschulen, Schulen und Kindergärten";"1112 100"
"Bouillon, Verzehr in Restaurants, Cafés, Bars, mit umfassender Bedienungsleistung";"1111 112"
"Bouillonwürfel";"0119 906"
"Bowlengefäße aus Glas";"0540 105"
"Bowlengefäße aus Porzellan";"0540 105"
"Bowlengefäße aus Steingut u.a. feinkeramischen Stoffen";"0540 105"
"Bowlenservices aus Porzellan";"0540 105"
"Bowlenservices aus Steingut u.a. feinkeramischen Stoffen";"0540 105"
"Bowlingbahnen, Entgelte für Benutzung";"0946 204"
"Bowlingbahnen, Miete für";"0946 204"
"Bowling-Schuhe, Miete für";"0946 208"
"Bowlingschuhe, Spezialsportschuhe für Herren, Damen und Kinder";"0922 117"
"Boxen aus Kunststoff, Haushaltsbehälter";"0540 322"
"Boxhandschuhe";"0922 129"
"Boxspringbetten";"0511 121"
"Brandbinden";"0612 303"
"Branntwein, alkoholfrei";"0211 030"
"Branntweine,";"0211 030"
"Branntweine, Verzehr in Kantinen, Mensen, a.n.g.";"1112 900"
"Branntweine, Verzehr in Kantinen, Mensen von Hochschulen";"1112 100"
"Branntweine, Verzehr in Restaurants, Cafés, Bars, mit umfassender Bedienungsleistung";"1111 141"
"Branntweinhaltige Mischgetränke, mit einem Alkoholgehalt unter 6%";"0219 020"
"Bratenaufschnitt";"0112 507"
"Bratenwender, Küchengeräte";"0540 321"
"Bräter aus Metall ohne Bratpfannen";"0540 312"
"Bräter mit Deckel";"0540 312"
"Bratfette, pflanzlich (ohne Margarine und Öle)";"0115 300"
"Bratfolien, Kunststoff- und Alufolien";"0561 902"
"Bratgeräte, elektrisch (ohne Herde und Backöfen)";"0532 102"
"Bratgeschirr aus Glas";"0540 105"
"Bratgeschirr aus Metall (ohne Dampfdrucktöpfe und Bratpfannen)";"0540 312"
"Bratgeschirr aus Ton u.a. feinkeramischen Stoffen";"0540 105"
"Brathähnchen, frisch (ohne Innereien u.a. Schlachtnebenprodukte)";"0112 241"
"Brathähnchen, gefroren (ohne Innereien u.a. Schlachtnebenprodukte)";"0112 241"
"Brathähnchen, Verzehr in Kantinen, Mensen, a.n.g.";"1112 900"
"Brathähnchen, Verzehr in Kantinen, Mensen von Hochschulen, Schulen und Kindergärten";"1112 100"
"Brathähnchen, Verzehr in Restaurants, Cafés, Bars, mit umfassender Bedienungsleistung";"1111 115"
"Bratheringe, Konserven";"0113 301"
"Bratkartoffeln, vorgefertigt, nicht tiefgefroren";"0117 927"
"Brätlinge, vegetarisch, auf Getreidebasis";"0119 123"
"Bratpfannen, nichtelektrische Küchengeräte";"0540 311"
"Bratwurst, roh und gebrüht (ohne Konserven)";"0112 502"
"Bratwurst, Verzehr im Straßenverkauf, mit Getränken";"1111 204"
"Bratwurst, Verzehr im Straßenverkauf, ohne Getränke";"1111 205"
"Bratwurst mit Pommes Frites, Verzehr in Kantinen, Mensen, a.n.g.";"1112 900"
"Bratwurst mit Pommes Frites, Verzehr in Kantinen, Mensen von Hochschulen, Schulen und Kindergärten";"1112 100"
"Bratwurst mit Pommes Frites, Verzehr in Restaurants, Cafés, Bars, mit umfassender Bedienungsleistung";"1111 115"
"Braunkohle (ohne Koks)";"0454 100"
"Braunkohlenbriketts";"0454 100"
"Braunkohlenkoks, Ausgaben der Wohnungsinhaberinnen und Wohnungsinhaber";"0454 900"
"Braunschweiger Rohwurst";"0112 310"
"Bräunungslotionen";"1312 234"
"Brausen, koffeinhaltig, Erfrischungsgetränke mit Kohlensäure (auch diätetische; ohne Kantinen- und Gaststättenverzehr)";"0126 001"
"Brausen, nicht koffeinhaltig, Erfrischungsgetränke mit Kohlensäure (auch diätetische; ohne Kantinen- und Gaststättenverzehr)";"0126 002"
"Brausepulver";"0126 009"
"Brautkleider";"0312 22"
"Brechbohnen, Konserven";"0117 916"
"Brecheisen";"0552 105"
"Brechstangen";"0552 105"
"Bremsbeläge für Kraftfahrzeuganhänger";"0721 202"
"Bremsbeläge für Kraftfahrzeuge";"0721 202"
"Bremsflüssigkeit für Kraftfahrzeuge";"0722 409"
"Bremsscheiben, Erneuerung an Kraftfahrzeugen";"0723 021"
"Brennholz";"0454 200"
"Brennstoffkanister aus anderem Material (ohne Kraftstoffkanister für Kraftfahrzeuge)";"0540 325"
"Brennstoffkanister aus Kunststoff (ohne Kraftstoffkanister für Kraftfahrzeuge)";"0540 325"
"Brenntorf";"0454 100"
"Brettchen, Frühstücksbrettchen , aus Kunststoff, Holz";"0540 328"
"Brettspiele";"0921 201"
"Brezeln, Kleingebäck aus Brotteig (ohne Dauerbackwaren)";"0111 320"
"Brezeln, Verzehr in Kantinen, Mensen, a.n.g.";"1112 900"
"Brezeln, Verzehr in Kantinen, Mensen von Hochschulen, Schulen und Kindergärten";"1112 100"
"Brezeln, Verzehr in Restaurants, Cafés, Bars, mit umfassender Bedienungsleistung";"1111 111"
"Briefbeförderung";"0741 100"
"Briefblöcke";"0974 001"
"Briefbogen";"0974 001"
"Briefdienstleistungen (einschl. Luftpost und Briefzusatzleistungen),";"0741 100"
"Briefdienstleistungen und Briefzusatzleistungen (z.B. Einschreiben)";"0741 100"
"Briefkartenpackungen";"0974 001"
"Briefkästen aus Holz";"0540 329"
"Briefkästen aus Metall";"0540 329"
"Briefmappen, Briefpapierausstattungen";"0974 001"
"Briefmarken (ohne Sammlermarken)";"0741 100"
"Briefmarkenalben";"0921 208"
"Briefmarkensammlungen und -sammlungsstücke";"0921 208"
"Brieföffner";"0974 006"
"Briefordner";"0974 006"
"Briefpapier, ausgerüstet";"0974 001"
"Briefpapier, in Geschenkpackungen";"0974 001"
"Briefpapierausstattungen";"0974 001"
"Briefporto";"0741 100"
"Brieftaschen aus Leder, Kunststoff oder anderem Material";"1329 116"
"Brieftauben, lebend";"0932 103"
"Briefumschläge";"0974 001"
"Briefwaagen";"0974 006"
"Briekäse";"0114 503"
"Briketts, Braunkohlenbriketts";"0454 100"
"Briketts, Steinkohlenbriketts";"0454 100"
"Brikettträger aus Metall";"0540 325"
"Brikettzangen";"0561 909"
"Brillen, intelligent";"0819 100"
"Brillen, komplett (ohne Sonnenbrillen mit optisch nicht bearbeiteten Gläsern)";"0613 102"
"Brillen, Reparaturen an";"0614 000"
"Brillenetuis";"1329 119"
"Brillenfassungen";"0613 102"
"Brillenfutterale aus Leder, Kunststoff oder anderem Material";"1329 119"
"Brillengläser (ohne optisch nicht bearbeitete Gläser)";"0613 102"
"Brillenputztücher";"0561 115"
"Brillenteile";"0613 102"
"Brillenversicherung";"1639 800"
"Brioche";"0111 311"
"Brokkoli, frisch oder gekühlt";"0117 107"
"Brombeeren, frisch oder gekühlt";"0116 409"
"Brombeersaft";"0121 003"
"Broschen aus Edelmetall, echten Perlen, Edel- oder Schmucksteinen";"1321 112"
"Broschen aus unedlem Metall, Kunststoff, Glas u.ä.";"1321 111"
"Brot, Knäckebrot";"0111 361"
"Brot, Roggen- und Mischbrot (ohne Schrot- und Vollkornbrot)";"0111 312"
"Brot, Schrot- und Vollkornbrot";"0111 313"
"Brot, Toastbrot";"0111 362"
"Brot, Weißbrot (ohne Toastbrot)";"0111 311"
"Brotaufstrich, auf Nougatbasis";"0118 505"
"Brotaufstrich, vegetarisch, Zubereitungen auf Gemüsebasis a.n.g.";"0117 929"
"Brotbackautomat";"0532 102"
"Brotbacken, Dienstleistungen";"0562 909"
"Brotbackmischungen";"0111 901"
"Brotbüchsen aus Kunststoff";"0540 322"
"Brötchen, belegt, Verzehr in Kantinen, Mensen, a.n.g.";"1112 900"
"Brötchen, belegt, Verzehr in Kantinen, Mensen von Hochschulen, Schulen und Kindergärten";"1112 100"
"Brötchen, belegt, Verzehr in Restaurants, Cafés, Bars, mit umfassender Bedienungsleistung";"1111 111"
"Brötchenteig, gefroren";"0111 901"
"Brotdosen aus Kunststoff";"0540 322"
"Brote, belegt, Verzehr in Kantinen, Mensen, a.n.g.";"1112 900"
"Brote, belegt, Verzehr in Kantinen, Mensen von Hochschulen, Schulen und Kindergärten";"1112 100"
"Brote, belegt, Verzehr in Restaurants, Cafés, Bars, mit umfassender Bedienungsleistung";"1111 111"
"Brotmesser";"0540 202"
"Brotröster, elektrisch";"0532 101"
"Brotschneidemaschinen, elektrisch";"0532 102"
"Brotschneidemaschinen, nichtelektrisch";"0532 102"
"Brotteig, gefroren";"0111 901"
"Brottrunk";"0121 006"
"Bruchbänder, orthopädisch";"0613 304"
"Bruchreis";"0111 101"
"Brücken, handgeknüpft oder handgewebt (ohne Wandteppiche)";"0511 405"
"Brückenbenutzungsgebühren für Überfahrten mit Kraftfahrzeugen";"0724 200"
"Brugnolen, frisch oder gekühlt";"0116 309"
"Brühen, Fleischbrühen, gekörnt";"0119 906"
"Brüherzeugnisse";"0119 131"
"Brühwurst, Konserven";"0112 504"
"Brühwurst (ohne Konserven)";"0112 502"
"Brutapparate für Hausgeflügel";"0932 202"
"Bruttoeinkommen aus selbständiger Arbeit";"0013"
"Bruttoeinkommen aus selbständiger Arbeit im Gewerbebetrieb und aus freiberuflicher Tätigkeit, lt. Anschreibung errechnet oder lt. Schätzung";"0013 900"
"Bruttoeinkommen aus selbständiger Arbeit im Gewerbebetrieb und aus freiberuflicher Tätigkeit, Sachentnahmen";"0013 400"
"Bruttoeinkommen aus selbständiger Arbeit im land- und forstwirtschaftlichen Betrieb, lt. Anschreibung errechnet oder lt. Schätzung";"0013 900"
"Bruttoeinkommen aus selbständiger Arbeit im land- und forstwirtschaftlichen Betrieb, Sachentnahmen";"0013 400"
"Bruttoeinkommen aus unselbständiger Arbeit";"0011"
"Bruttoeinkommen aus Vermietung und Verpachtung";"0021 110"
"Bruttorenten aus Landabgaberenten (aus eigenen bzw. Hinterbliebenenansprüchen)";"0031 130"
"Bruttorenten aus landwirtschaftlichen Alterskassen (aus eigenen bzw. Hinterbliebenenansprüchen)";"0031 130"
"Bruttorenten der gesetzlichen Rentenversicherung aus eigener früherer Erwerbstätigkeit";"0031 110"
"Bruttorenten der gesetzlichen Rentenversicherung für Hinterbliebene";"0031 120"
"BSW-Bonus, Einnahmen";"0091 000"
"Buchbindereiarbeiten";"0969 004"
"Buchbindereidienstleistungen";"0969 004"
"Bücher, Miete für";"0962 002"
"Bücher, Restauration";"0969 004"
"Büchereien, Leihgebühren";"0962 002"
"Bücherregale";"0511 114"
"Bücherschränke";"0511 114"
"Buchhüllen";"0974 006"
"Büchsflinten";"0922 114"
"Buchstützen";"0974 006"
"Buchungsgebühren der Kreditinstitute, ohne Überweisungsgebühren";"1222 000"
"Buchungsgebühren der Kreditinstitute, Überweisungsgebühren";"1229 100"
"Buchweizengrütze";"0111 205"
"Buchweizenmehl";"0111 205"
"Bücklinge, geräucherte Heringe";"0113 200"
"Bügel, Kleiderbügel";"0561 909"
"Bügelbrettbezug (andere Heimtextilien)";"0521 909"
"Bügelbretter";"0532 902"
"Bügeleisen, elektrisch";"0532 901"
"Bügelmaschinen, elektrisch";"0531 204"
"Bügeln von Bekleidung";"0314 120"
"Bügeln von Haushaltswäsche";"0562 901"
"Bügeln von Heimtextilien";"0562 901"
"Bügelsägen";"0552 105"
"Buggykinderwagen";"1329 121"
"Bulben von Blumen und Zierpflanzen, Vermehrungsgut";"0931 227"
"Bundesanleihen und -obligationen, Kauf";"1685 100"
"Bundesanleihen und -obligationen, Verkauf";"0071 410"
"Bundesschatzbriefe, Kauf";"1685 100"
"Bundesschatzbriefe, Verkauf";"0071 410"
"Bundhosen für Damen (ohne Sportbekleidung)";"0312 227"
"Bundhosen für Herren, lang";"0312 129"
"Bundhosen für Jungen, lang (ohne Sportbekleidung)";"0312 183"
"Bundhosen für Mädchen, lang (ohne Sportbekleidung)";"0312 293"
"Bungalowmieten, Ferienhäuser (ohne Pauschalreisen und Dauermieten)";"1120 202"
"Bürgersteigreinigungsgebühren, Ausgaben der Eigentümerinnen und Eigentümer für vermietete Wohnungen";"1679 400"
"Bürgersteigreinigungsgebühren, Ausgaben der Wohnungsinhaberinnen und Wohnungsinhaber (ohne Umlagen)";"0444 901"
"Bürgschaft, Tilgung";"165"
"Büroartikel (ohne Schreib-, Zeichen-, Malgeräte und Verbrauchsgüter)";"0974 006"
"Büroheftgeräte";"0974 007"
"Büroklammern";"0974 007"
"Bürsten (ohne Bürsten für die Körperpflege)";"0561 121"
"Bürsten für die Körperpflege";"1312 105"
"Bürsten für elektrische Zahnbürsten";"1311 103"
"Buschrosen, Ziergehölze";"0931 225"
"Bußgelder";"1645 000"
"Büstenhalter";"0312 271"
"Büstenmieder";"0312 271"
"Butangas, Ausgaben der Wohnungsinhaberinnen und Wohnungsinhaber (ohne Gas für Kraftfahrzeuge)";"0452 200"
"Butter (ohne Erdnussbutter)";"0115 200"
"Butterbrotdosen aus Kunststoff";"0540 322"
"Butterbrotpapier";"0561 902"
"Butterdosen aus Glas";"0540 105"
"Butterdosen aus Metall, Kunststoff oder Holz";"0540 328"
"Butterdosen aus Porzellan";"0540 105"
"Butterdosen aus Steingut u.a. feinkeramischen Stoffen";"0540 105"
"Butterkäse";"0114 502"
"Butterkeks";"0111 351"
"Buttermesser, Küchenmesser";"0540 202"
"Buttermilch, Verzehr in Kantinen, Mensen, a.n.g.";"1112 900"
"Buttermilch, Verzehr in Kantinen, Mensen von Hochschulen, Schulen und Kindergärten";"1112 100"
"Buttermilch, Verzehr in Restaurants, Cafés, Bars, mit umfassender Bedienungsleistung";"1111 152"
"Buttermilch";"0114 605"
"Buttermilchpulver";"0114 301"
"Butterschmalz";"0115 200"
"Buttons, Ansteckplaketten";"0973 004"
"Café Latte, Verzehr in Restaurants, Cafés, Bars, mit umfassender Bedienungsleistung";"1111 154"
"Cafés, mit eingeschränkten Bedienungsleistungen";"1111 2"
"Cafés, mit umfassender Bedienungsleistung";"1111 1"
"Camcorder";"0911 105"
"Camembertkäse";"0114 503"
"Camenbert, paniert";"0114 508"
"Campinganhänger, Miete für";"0942 100"
"Campinganhänger, stationär, während der Ferienzeit (ohne Pauschalreisen und Dauermieten), Miete für";"1120 202"
"Campinganhänger";"0912 101"
"Campinganhängern, Reparaturen an";"0942 100"
"Campingartikel, Miete für";"0944 000"
"Campingartikel (ohne Heizgeräte, Geschirr, Mobilheime, Campinganhänger, Campingmöbel)";"0922 205"
"Campingartikeln, Reparaturen an";"0944 000"
"Camping-Gasflaschen, bis 50 kg, gefüllt";"0922 205"
"Camping-Gasflaschen, ungefüllt";"0922 205"
"Campinggeschirr aus Kunststoff oder Metall";"0540 328"
"Campingkocher mit Gasbeheizung";"0922 204"
"Campingleuchten";"0922 205"
"Campingliegen";"0511 200"
"Campingmöbel";"0511 200"
"Campingplatzgebühren (ohne Pauschalreisen und Dauermieten)";"1120 202"
"Campingplatzübernachtungen, mit oder ohne Frühstück, Halb- oder Vollpension";"1120 202"
"Campingrucksäcke aus Kunststoff oder anderem Material (ohne Rucksäcke aus Leder)";"0922 203"
"Campingstühle";"0511 200"
"Campingtische";"0511 200"
"Campingwagen, stationär, Miete für";"1120 202"
"Campingzelte";"0922 201"
"Caneel, Stangenzimt";"0119 402"
"Cannelloni";"0119 111"
"Cappuccino, Verzehr in Restaurants, Cafés, Bars, mit umfassender Bedienungsleistung";"1111 154"
"Cappuccino (Pulver)";"0122 003"
"Carport, Ausgabe für den Bau";"1661 000"
"Carsharing, Kaution";"1688 000"
"Carsharing, Mitgliedsbeiträge, gemeinnütziger Verein";"1641 900"
"Carsharing, Nutzungskosten";"0724 400"
"Carsharing";"0724 400"
"Cartoons, Bücher";"0971 901"
"Casein";"0114 900"
"CD, bespielt, elektronische Bücher ohne Bildungsbezug";"0971 909"
"CD, bespielt, Lehrbücher";"0971 100"
"CD, bespielt";"0952 001"
"CD, unbespielt";"0815 001"
"CD-Brenner, PC-Zubehör";"0819 201"
"CD-Koffer";"1329 113"
"CD-Player (ohne solche für Kraftfahrzeuge)";"0814 014"
"CD-Player für Kraftfahrzeuge";"0814 018"
"CD-Reparaturset";"0819 209"
"CD-ROMs, bespielt (ohne System- und Anwendungssoftware), a.n.g.";"0952 003"
"CD-ROMs, bespielt (ohne System- und Anwendungssoftware), elektronische Bücher ohne Bildungsbezug";"0971 909"
"CD-ROMs, bespielt (ohne System- und Anwendungssoftware), Lehrbücher";"0971 100"
"CD-ROMs, unbespielt, für PCs";"0815 001"
"CD-Ständer";"0511 409"
"CD-Taschen";"1329 113"
"Cembali";"0951 002"
"Ceranfeldabdeckplatten";"0540 329"
"Ceranfeldkratzer";"0540 203"
"Ceranfeldreiniger";"0561 115"
"Ceranfeldschaber";"0540 203"
"Cervelatwurst, Rohwurst";"0112 310"
"Chalets, Miete für";"1120 202"
"Champagner , mit Alkohol";"0212 148"
"Champagner , ohne Alkohol";"0212 142"
"Champagner, Verzehr in Kantinen, Mensen, a.n.g.";"1112 900"
"Champagner, Verzehr in Kantinen, Mensen von Hochschulen, Schulen und Kindergärten";"1112 100"
"Champagner, Verzehr in Restaurants, Cafés, Bars, mit umfassender Bedienungsleistung";"1111 143"
"Champignons, frisch oder gekühlt";"0117 402"
"Champignons, gefüllt";"0117 929"
"Champignons, Konserven";"0117 914"
"Cheeseburger, Verzehr in Fastfoodrestaurants, mit Getränken, mit eingeschränkten Bedienungsleistungen";"1111 202"
"Cheeseburger, Verzehr in Fastfoodrestaurants, ohne Getränke, mit eingeschränkten Bedienungsleistungen";"1111 203"
"Chemiekästen zum Experimentieren";"0921 205"
"Chemikalien für die Durchführung von Schwangerschaftstests";"0612 102"
"Chemische Reinigung (auch Färben, Imprägnieren von Heimtextilien)";"0562 901"
"Chemische Reinigung von Bekleidung";"0314 110"
"Chemische Reinigung von Haushaltswäsche";"0562 901"
"Chemische Reinigung von Heimtextilien";"0562 901"
"Chemische Reinigung von Teppichen";"0562 901"
"Chesterkäse";"0114 501"
"Chicken Wings, Verzehr in Fastfoodrestaurants, mit Getränken, mit eingeschränkten Bedienungsleistungen";"1111 202"
"Chicken Wings, Verzehr in Fastfoodrestaurants, ohne Getränke, mit eingeschränkten Bedienungsleistungen";"1111 203"
"Chicorée, frisch oder gekühlt";"0117 102"
"Chinakohl, frisch oder gekühlt";"0117 107"
"Chips für Digitalkameras u.a. transportable Geräte";"0815 004"
"Chiropraktische Therapie";"0623 105"
"Chirurgische Instrumente, Kauf eines Studenten für das Studium";"1329 139"
"Chlorbrillen";"0922 119"
"Chlor für Swimmingpools";"0561 119"
"Christbaumbeleuchtungen, elektrisch";"0921 303"
"Christbäume, künstlich";"0921 301"
"Christbäume, natürlich, geschlagen";"0921 302"
"Christbaumkerzen";"0561 903"
"Christbaumschmuck, Festartikel für Freizeit und Unterhaltung";"0921 303"
"Christstollen, frisch";"0111 344"
"Christstollen, gefroren";"0111 343"
"Chrompflegemittel für Fahrräder";"0721 307"
"Chrompflegemittel für Kraftfahrzeuge";"0721 307"
"Chrysanthemen, Schnittblumen";"0931 221"
"Chrysanthemen, Topfpflanzen (einschl. Hydrokulturen)";"0931 222"
"City-bikes";"0713 003"
"Clematis, Ziergehölze";"0931 225"
"Clementinen, frisch oder gekühlt";"0116 202"
"Cloud, Ausgaben für die Speicherung von Bildern, Musik in";"0839 204"
"Clutches für Damen";"1329 112"
"Cocktailkirschen, kandiert";"0118 901"
"Cocktails , Alkoholgehalt >= 6 %";"0211 040"
"Cocktails, Verzehr in Kantinen, Mensen, a.n.g.";"1112 900"
"Cocktails, Verzehr in Kantinen, Mensen von Hochschulen";"1112 100"
"Cocktails, Verzehr in Restaurants, Cafés, Bars, mit umfassender Bedienungsleistung";"1111 141"
"Cognac, Verzehr in Kantinen, Mensen, a.n.g.";"1112 900"
"Cognac, Verzehr in Kantinen, Mensen von Hochschulen";"1112 100"
"Cognac, Verzehr in Restaurants, Cafés, Bars, mit umfassender Bedienungsleistung";"1111 141"
"Cognac";"0211 030"
"Cola-Getränke, Verzehr in Kantinen, Mensen, a.n.g.";"1112 900"
"Cola-Getränke, Verzehr in Kantinen, Mensen von Hochschulen, Schulen und Kindergärten";"1112 100"
"Cola-Getränke, Verzehr in Restaurants, Cafés, Bars, mit umfassender Bedienungsleistung";"1111 152"
"Cola-Getränke (ohne Kantinen- und Gaststättenverzehr und ohne Energy-Drinks)";"0126 001"
"Cold Packs, Kühlgelkissen";"0612 305"
"Collegemappen";"1329 113"
"Comics, Bücher";"0971 901"
"Compact-Discs, bespielt, a.n.g.";"0952 001"
"Compact-Discs, bespielt, elektronische Bücher ohne Bildungsbezug";"0971 909"
"Compact-Discs, bespielt, Lehrbücher";"0971 100"
"Compact-Discs, unbespielt";"0815 001"
"Computer, tragbar, Laptops, Notebooks, Tablet-PCs";"0813 103"
"Computer (PC-Komplettsysteme), Desktop-Computer";"0813 101"
"Computerlernprogramme";"0820 000"
"Computer Tomographie";"0641 002"
"Concealer";"1312 232"
"Contraceptiva, hormonell, apothekenpflichtig";"0611 120"
"Cordon bleu vom Schwein";"0112 509"
"Corned Beef, Konserven";"0112 508"
"Cornflakes";"0111 403"
"Cornichons, frisch oder gekühlt";"0117 204"
"Cornichons, Sauerkonserven, mit Essig haltbar gemacht";"0117 911"
"Corn-Riegel (ohne Müsli-Riegel)";"0111 908"
"Corona-Soforthilfe";"0031 639"
"Couches";"0511 113"
"Couchtische";"0511 111"
"Courtagen für Bausparverträge";"1229 900"
"Courtagen für Finanzanlagenberatung";"1229 900"
"Courtagen für Hypothekendarlehen";"1229 900"
"Courtagen für Kreditvermittlung";"1229 900"
"Courtagen für öffentliche oder private Pensionsfonds";"1229 900"
"Couscous";"0111 500"
"Couscous mit Gemüse";"0119 123"
"Covid 19-Soforthilfe";"0031 639"
"Co²-Kartuschen für Sodaclub, Wassermaxx etc.";"0561 909"
"Co²-Zylinder für Sodaclub, Wassermaxx etc.";"0561 909"
"Cracker, Dauerbackwaren";"0111 370"
"Creme Fraiche";"0114 602"
"Cremes, kosmetisch";"1312 234"
"Cremeschokoladen, Tafelschokoladen";"0118 503"
"Crêpes, auf der Grundlage von Eiern, Fertiggericht";"0119 129"
"Croissants";"0111 320"
"Crossräder";"0713 004"
"Cumberlandsoße";"0119 304"
"Curry, Gewürze";"0119 402"
"Cyclamen, Topfpflanzen (einschl. Hydrokulturen)";"0931 222"
"Dachpappe für die Wohnungsinstandsetzung, auf Kosten der Mieterinnen und der Mieter";"0431 108"
"Dachrinnenlaubfangnetze- und -gitter";"0431 108"
"Damenbinden";"1312 229"
"Damenhandschuhe";"0313 105"
"Damenhandtaschen aus Leder, Kunststoff oder anderem Material";"1329 112"
"Damenhüte (ohne gewirkte, gestrickte und solche aus Pelz)";"0313 102"
"Damenkniestrümpfe, Feinstrümpfe";"0312 281"
"Damenkniestrümpfe (ohne Feinstrümpfe)";"0312 282"
"Damenoberbekleidung (ohne Reparaturen an Spezialsportbekleidung), Reparaturen an";"0314 200"
"Damenoberbekleidungsstoffe, Meterware";"0311 000"
"Damenschirme";"1329 134"
"Damensocken, Feinstrümpfe";"0312 281"
"Damensocken (ohne Feinstrümpfe)";"0312 282"
"Damenstrümpfe, Feinstrümpfe";"0312 281"
"Damenstrümpfe (ohne Feinstrümpfe)";"0312 282"
"Damenstrumpfhosen, Feinstrumpfhosen";"0312 281"
"Damenstrumpfhosen (ohne Feinstrumpfhosen)";"0312 282"
"Damenumhängetaschen aus Leder, Kunststoff oder anderem Material";"1329 112"
"Damenwäsche, Reparaturen an";"0314 200"
"Dampf, aus Fernheizkraftwerken, Ausgaben der Wohnungsinhaberinnen und Wohnungsinhaber";"0455 002"
"Dampfbügelstationen";"0532 901"
"Dampfdrucktöpfe, Schnellkochgeschirr";"0540 312"
"Dampferfahrten, Fahrten mit Binnenschiffen (einschl. Fährschiffen)";"0734 002"
"Dampferfahrten, Fahrten mit Hochsee- und Küstenschiffen (einschl. Fährschiffen)";"0734 001"
"Dampfreinigungsgeräte";"0531 400"
"Danksagungskarten";"0973 001"
"Darlehen, Aufnahme von Baudarlehen, nicht bei Kreditinstituten";"0081 900"
"Darlehen, Aufnahme von Baudarlehen bei Bausparkassen";"0081 200"
"Darlehen, Aufnahme von Baudarlehen bei Kreditinstituten ohne Bausparkassen";"0081 100"
"Darlehen, Aufnahme von privaten Warenkrediten beim Lieferanten";"0085"
"Darlehen, Aufnahme von Teilzahlungs-, Klein- u.ä. Krediten";"0085"
"Darlehen, gewährt, Wiedereingang, Einnahmen";"0078 000"
"Darlehen, Gewährung, Ausgaben";"1688 000"
"Darlehen, Tilgung von Baudarlehen";"1651 200"
"Darlehen, Tilgung von verzinsten privaten Warenkrediten";"1652 200"
"Darlehen, Tilgung von zinslosen privaten Warenkrediten";"1652 300"
"Darlehen, Verzinsung von Baudarlehen";"1651 400"
"Darlehen, Verzinsung von privaten Warenkrediten vom Lieferanten";"1652 500"
"Darlehen, Verzinsung von Teilzahlungs-, Klein- u.ä. Krediten";"1652 500"
"Darmfett für Speisezwecke";"0115 900"
"DAT-Recorder, digitale Aufnahmegeräte (ohne solche für Kraftfahrzeuge)";"0814 099"
"Datteln, frisch oder gekühlt";"0116 109"
"Daueraufenthalt in Gasthöfen ohne Verpflegung, Miete für";"0411 051"
"Dauermieten für Freizeitwohnungen bis 70 m² (ohne Nebenkosten und Mieten für Ferienwohnungen u.ä.)";"0412 121"
"Dauermieten für Freizeitwohnungen über 70 m² (ohne Nebenkosten und Mieten für Ferienwohnungen u.ä.)";"0412 122"
"Dauermieten in Gasthöfen mit Verpflegung";"0411 053"
"Dauermieten in Gasthöfen ohne Verpflegung";"0411 051"
"Dauermieten in Hotels mit Verpflegung";"0411 053"
"Dauermieten in Hotels ohne Verpflegung";"0411 051"
"Dauermieten in Pensionen mit Verpflegung";"0411 053"
"Dauermieten in Pensionen ohne Verpflegung";"0411 051"
"Dauersicherungen, elektrische Installationsgeräte";"0552 204"
"Dauerwellen für Damen";"1313 129"
"Dauerwellen für Herren";"1313 111"
"Dauerwellen für Kinder";"1313 112"
"Dauerwellmittel";"1312 212"
"Dauerwurstaufschnitt, Rohwurst";"0112 310"
"Daunen, lose";"0521 909"
"Daunendecken";"0521 202"
"Daunenkissen, Kopfkissen";"0521 202"
"Deckaufbauten";"0912 304"
"Deckbetten mit Füllung";"0521 202"
"Deckel aus Glas, für Einmachgläser";"0540 105"
"Deckel aus Metall, für Einmachdosen";"0540 322"
"Deckenbeläge aus Kork, für Schönheitsreparaturen, auf Kosten der Wohnungsinhaberinnen und Wohnungsinhaber";"0431 102"
"Deckenleuchten, elektrisch, Wohnraumleuchten";"0511 301"
"Deckenventilatoren, elektrisch";"0532 909"
"Deckfarbkästen, Unterrichts- und Künstlerfarben";"0974 008"
"Decoder für digitales TV";"0814 099"
"Dekofolien aus Kunststoff";"0561 902"
"Dekorateurarbeiten an Heimtextilien";"0522 000"
"Dekorationsartikel, Verbrauchsgüter";"0921 303"
"Dekorationsstoffe, Meterware";"0521 102"
"Demenzkrankeneinrichtungen";"0632 002"
"Deo-Roller";"1312 240"
"Deo-Sprays";"1312 240"
"Depotgebühren der Kreditinstitute";"1222 000"
"Depotgebühren für Ski";"0946 208"
"Deputate aus einem Arbeits- oder Dienstverhältnis, brutto";"0012 2"
"Deputate ohne Aufgliederung";"0012 299"
"Desinfektionsmittel für den Haushalt";"0561 115"
"Desinfektionsmittel für medizinische Zwecke";"0612 209"
"Desinfizieren, Dienstleistungen";"0562 909"
"Desodorierungsmittel (ohne Parfüms, Seifen u.ä.)";"1312 240"
"Dessertlöffel";"0540 201"
"Desserts auf der Grundlage von Milch (Fertigpudding)";"0114 704"
"Dessertteller aus Glas";"0540 105"
"Dessertteller aus Porzellan";"0540 102"
"Dessertteller aus Steingut u.a. feinkeramischen Stoffen";"0540 102"
"Dessertweine , Portwein";"0212 150"
"Dessertweine , Sherry";"0212 150"
"Dessertweine, Verzehr in Kantinen, Mensen, a.n.g.";"1112 900"
"Dessertweine, Verzehr in Kantinen, Mensen von Hochschulen";"1112 100"
"Dessertweine, Verzehr in Restaurants, Cafés, Bars, mit umfassender Bedienungsleistung";"1111 143"
"Dessertweine , Wermut";"0212 150"
"Dessertzubereitungen, mit Kakaoanteil";"0118 507"
"Dessertzubereitungen, z.B. pulverförmige Erzeugnisse für Kaltschalen, süße Suppen, süße Soßen";"0119 904"
"Dessertzubereitungen aus pflanzlichen Milchersatz, z.B. auf Sojabasis";"0114 706"
"Destilliertes Wasser für den Haushalt";"0561 906"
"Destilliertes Wasser für Kraftfahrzeugbatterien";"0722 409"
"Detekteien, Entgelte für Dienstleistungen";"1390 909"
"Devotionalien aus Edelmetall, echten Perlen, Edel- oder Schmucksteinen";"1322 000"
"Dextrose";"0118 208"
"DFÜ-Modems";"0813 204"
"Diaaufbewahrungskästen";"0911 207"
"Diafilme für Fotoapparate, unbelichtet";"0911 205"
"Diagnostische Bildgebung, z.B. CT, MRT, Sonografie";"0641 002"
"Diamagazine";"0911 207"
"Diamanten für Plattenspieler, gefasst";"0814 099"
"Diaphragmen";"0612 202"
"Diaprojektoren";"0911 108"
"Diarahmen";"0911 207"
"Diarahmung, Dienstleistungen";"0963 000"
"Dias";"0952 003"
"Diätbier, alkoholfrei, Verzehr in Kantinen, Mensen, a.n.g.";"1112 900"
"Diätbier, alkoholfrei, Verzehr in Kantinen, Mensen von Hochschulen";"1112 100"
"Diätbier, alkoholfrei, Verzehr in Restaurants, Cafés, Bars, mit umfassender Bedienungsleistung";"1111 144"
"Diätbier , alkoholfrei";"0213 003"
"Diätclubs";"1313 204"
"Diätetische Fruchtsaft-Erfrischungsgetränke (ohne Kohlensäure)";"0121 003"
"Diätetische Getränke, Verzehr in Kantinen, Mensen, a.n.g.";"1112 900"
"Diätetische Getränke, Verzehr in Kantinen, Mensen von Hochschulen, Schulen und Kindergärten";"1112 100"
"Diätetische Zubereitungen, die auf Gemüse basieren";"0119 901"
"Diätetische Zubereitungen, die auf Malzextrakten basieren";"0119 901"
"Diätetische Zubereitungen, die auf Mehlstärke basieren";"0119 901"
"Diätmargarine";"0115 300"
"Diät-Quark";"0114 506"
"Diätsalz";"0119 301"
"Diät-Schokolade";"0118 503"
"Dichtigkeitsprüfungen von Abwasserleitungen, für vermietetes/verpachtetes (nicht selbst genutztes) Grundvermögen";"1679 400"
"Dichtungen für Kraftfahrzeuge";"0721 202"
"Dichtungen für Türen, Fenster u ä. für die Wohnungsinstandsetzung, auf Kosten der Mieterinnen und der Mieter";"0431 108"
"Dichtungsringe für Kraftfahrzeuge";"0721 202"
"Dichtungsscheiben für Kraftfahrzeuge";"0721 202"
"Dickbein, frisch oder gefroren";"0112 220"
"Dicke Bohnen, frisch oder gekühlt";"0117 300"
"Dicke Bohnen, Konserven";"0117 919"
"Dickmilch";"0114 601"
"Diebstahlverluste";"1696 000"
"Diebstahlversicherungen im Zusammenhang mit der Wohnung ohne Gebäudeversicherungsdienstleistungen (ohne Versicherungsbeiträge)";"1213 000"
"Dielenböden auf Kosten der Mieterinnen und der Mieter";"0431 104"
"Dienstleistungen, Berufsvorbereitungsjahr, Sekundarbereich I";"1020 010"
"Dienstleistungen, Eintrittsgelder für Sportveranstaltungen";"0946 300"
"Dienstleistungen der Abendgymnasien, postsekundarer, nicht-tertiärer Bildungsbereich";"1030 000"
"Dienstleistungen der Abendhauptschulen, Sekundarbereich I";"1020 010"
"Dienstleistungen der Ärztinnen und Ärzte, ambulante Heilbehandlung und medizinische Rehabilitation , Medizinerinnen und Medizinern";"0623 105"
"Dienstleistungen der Ärztinnen und Ärzte, Impfungen , ambulant";"0621 103"
"Dienstleistungen der Ärztinnen und Ärzte, langfristige ambulante Behandlung";"0623 203"
"Dienstleistungen der Ärztinnen und Ärzte, Vorsorgedienstleistungen ,  ambulant";"0621 905"
"Dienstleistungen der Beerdigungsinstitute";"1390 905"
"Dienstleistungen der Berufsakademien, tertiärer Nicht-Hochschulbereich";"1040 015"
"Dienstleistungen der Berufsaufbauschulen, Sekundarbereich I";"1020 010"
"Dienstleistungen der Berufsfachschulen, Bildungseinrichtungen des Sekundarbereichs II";"1020 030"
"Dienstleistungen der Berufsoberschulen, postsekundarer, nicht-tertiärer Bildungsbereich";"1030 000"
"Dienstleistungen der Berufsschulen (Duales System), Bildungseinrichtungen des Sekundarbereichs II";"1020 030"
"Dienstleistungen der Bildungseinrichtungen, des tertiären Nicht-Hochschulbereichs (einschl. Kurs-, Studien- und Prüfungsgebühren)";"1040 015"
"Dienstleistungen der Bildungseinrichtungen des Hochschulbereichs";"1040 025"
"Dienstleistungen der Bildungseinrichtungen des postsekundaren, nicht-tertiären Bereichs";"1030 000"
"Dienstleistungen der Bildungseinrichtungen des Sekundarbereichs I";"1020 010"
"Dienstleistungen der Bildungseinrichtungen des Sekundarbereichs II, allgemeinbildend";"1020 020"
"Dienstleistungen der Bildungseinrichtungen des Sekundarbereichs II, berufsbildend";"1020 030"
"Dienstleistungen der Buchbindereien";"0969 004"
"Dienstleistungen der einjährigen Fachoberschulen, postsekundarer, nicht-tertiärer Bildungsbereich";"1030 000"
"Dienstleistungen der einjährigen Schulen des Gesundheitswesens, Sekundarbereich II";"1020 030"
"Dienstleistungen der Entbindungsanstalten, stationäre Behandlung , nicht langfristig";"0631 002"
"Dienstleistungen der Erziehungsheime";"1330 101"
"Dienstleistungen der Fachakademien, tertiärer Nicht-Hochschulbereich";"1040 015"
"Dienstleistungen der Fachgymnasien, Sekundarbereich II, allgemeinbildend";"1020 020"
"Dienstleistungen der Fachhochschulen, Hochschulbereich";"1040 025"
"Dienstleistungen der Fachoberschulen, einjährig, postsekundarer, nicht-tertiärer Bildungsbereich";"1030 000"
"Dienstleistungen der Fachoberschulen (zweijährig), Sekundarbereich II, allgemeinbildend";"1020 020"
"Dienstleistungen der Fachschulen, tertiärer Nicht-Hochschulbereich";"1040 015"
"Dienstleistungen der Filmlabors u.ä.";"0963 000"
"Dienstleistungen der Fotografen/innen";"0963 000"
"Dienstleistungen der Freien Waldorfschulen (Jahrgangsstufen 11 bis 13), Sekundarbereich II, allgemeinbildend";"1020 020"
"Dienstleistungen der Grundschulen";"1010 200"
"Dienstleistungen der Gymnasien (Jahrgangsstufen 11 bis 13), Sekundarbereich II, allgemeinbildend";"1020 020"
"Dienstleistungen der Gymnasien (Klassenstufen 5 bis 10), Sekundarbereich I";"1020 010"
"Dienstleistungen der Hauptschulen, Sekundarbereich I";"1020 010"
"Dienstleistungen der häuslichen Alten- und Behindertenpflege";"1330 300"
"Dienstleistungen der Heilpraktiker";"0623 105"
"Dienstleistungen der integrierten Gesamtschulen (Jahrgangsstufen 11 bis 13), Sekundarbereich II";"1020 020"
"Dienstleistungen der integrierten Gesamtschulen (Klassenstufen 1 bis 4)";"1010 200"
"Dienstleistungen der integrierten Gesamtschulen (Klassenstufen 5 bis 10), Sekundarbereich I";"1020 010"
"Dienstleistungen der Kinderbetreuungseinrichtungen, in Kinderheimen";"1330 101"
"Dienstleistungen der Kinderbetreuungseinrichtungen, nach der Schule";"1330 102"
"Dienstleistungen der Kinderbetreuungseinrichtungen für Kinder unter 3 Jahren";"1010 101"
"Dienstleistungen der Kindergärten (ohne Schulkindergärten) für Kinder ab 3 Jahren";"1010 102"
"Dienstleistungen der Kinderheime (ohne Erholungsheime)";"1330 101"
"Dienstleistungen der Kinderhorte, Betreuung nach der Schule";"1330 102"
"Dienstleistungen der Kinderhorte für Kinder unter 3 Jahren";"1010 101"
"Dienstleistungen der Kinderkrankenhäuser, langfristige stationäre Gesundheitsdienstleistungen";"0632 002"
"Dienstleistungen der Kinderkrankenhäuser, stationäre Heilbehandlung und medizinische Rehabilitation (ohne Pflegeheime), nicht langfristig";"0631 002"
"Dienstleistungen der Kinderkrippen";"1010 101"
"Dienstleistungen der Kindersanatorien, langfristige stationäre Behandlung (ohne Pflegeheime)";"0632 002"
"Dienstleistungen der Kinderspielgruppen";"1010 101"
"Dienstleistungen der Kirchen";"1390 200"
"Dienstleistungen der Kollegschulen, Bildungseinrichtungen des Sekundarbereichs II, berufsbildend";"1020 030"
"Dienstleistungen der Krankenhäuser, langfristige stationäre Behandlung (ohne Pflegeheime)";"0632 002"
"Dienstleistungen der Krankenhäuser, stationäre Behandlung und medizinische Rehabilitation (ohne Pflegeheime), nicht langfristig";"0631 002"
"Dienstleistungen der Krematorien";"1390 905"
"Dienstleistungen der Kunsthochschulen, Hochschulbereich";"1040 025"
"Dienstleistungen der Kurkliniken u.ä. Einrichtungen, langfristige stationäre Behandlung (ohne Pflegeheime)";"0632 002"
"Dienstleistungen der Lebensversicherungen (ohne Versicherungsbeiträge)";"1211 001"
"Dienstleistungen der pädagogischen Hochschulen, Hochschulbereich";"1040 025"
"Dienstleistungen der Physiotherapeuten";"0623 105"
"Dienstleistungen der Prostitution";"1390 100"
"Dienstleistungen der Psychotherapeuten, ambulante Heilbehandlung und medizinische Rehabilitation";"0623 105"
"Dienstleistungen der Psychotherapeuten, langfristige ambulante Gesundheitsdienstleistungen";"0623 203"
"Dienstleistungen der Realschulen, Sekundarbereich I";"1020 010"
"Dienstleistungen der Sanatorien, langfristige stationäre Gesundheitsdienstleistungen (ohne Pflegeheime)";"0632 002"
"Dienstleistungen der Sanatorien, stationäre Heilbehandlung und medizinische Rehabilitation (ohne Pflegeheime), nicht langfristig";"0631 002"
"Dienstleistungen der Säuglingsheime";"1330 101"
"Dienstleistungen der Schularten mit mehreren Bildungsgängen, Sekundarbereich I";"1020 010"
"Dienstleistungen der Schulkindergärten";"1010 105"
"Dienstleistungen der schulunabhängigen Orientierungsstufen, Sekundarbereich I";"1020 010"
"Dienstleistungen der Sonderschulen (Jahrgangsstufen 11 bis 13), Sekundarbereich II, allgemeinbildend";"1020 020"
"Dienstleistungen der Sonderschulen (Klassenstufen 1 bis 4)";"1010 200"
"Dienstleistungen der Sonderschulen (Klassenstufen 5 bis 10), Sekundarbereich I";"1020 010"
"Dienstleistungen der Sonderschulen im Elementarbereich";"1010 105"
"Dienstleistungen der Sprachtherapeuten";"0623 105"
"Dienstleistungen der technischen Oberschulen, postsekundarer, nicht-tertiärer Bildungsbereich";"1030 000"
"Dienstleistungen der theologischen Hochschulen, Hochschulbereich";"1040 025"
"Dienstleistungen der Verwaltungsfachhochschulen, tertiärer Nicht-Hochschulbereich";"1040 015"
"Dienstleistungen der Vorschulklassen";"1010 105"
"Dienstleistungen der Zahnärzte, ambulante Behandlung";"0622 906"
"Dienstleistungen der Zahnärztinnen und Zahnärzte, Anfertigung von Zahnersatz, -spangen u.ä. (einschl. Zahnlaborleistungen ohne Materialkosten)";"0622 904"
"Dienstleistungen der Zahnärztinnen und Zahnärzte, konservierende Leistungen";"0622 906"
"Dienstleistungen der Zahnärztinnen und Zahnärzte, zahnärztlichen Vorsorgedienstleistungen";"0622 102"
"Dienstleistungen der zweijährigen Fachoberschulen, Sekundarbereich II, allgemeinbildend";"1020 020"
"Dienstleistungen der zwei- und dreijährigen Schulen des Gesundheitswesens";"1040 015"
"Dienstleistungen für die Gartenpflege";"0444 106"
"Dienstleistungen für die Gesundheitspflege, langfristige stationäre Gesundheitsdienstleistungen (ohne Pflegeheime)";"0632 002"
"Dienstleistungen für die Gesundheitspflege, stationäre Heilbehandlung und medizinische Rehabilitation (ohne Pflegeheime), nicht langfristig";"0631 002"
"Dienstleistungen für die Herstellung von alkoholischen Getränken";"0220 000"
"Dienstleistungen für die Instandhaltung von Eigentumswohnungen (ohne Schönheitsreparaturen an Eigentümerwohnungen), Ausgaben";"1675 100"
"Dienstleistungen für die Instandhaltung von Grundstücken (ohne Gartenpflege), Ausgaben";"1675 100"
"Dienstleistungen für die Instandhaltung von Wohngebäuden ohne Reparatur auf Kosten der Mieterinnen und der Mieter, Ausgaben";"1675 100"
"Dienstleistungen für die Körperpflege (ohne medizinische Massagen), andere";"1313 204"
"Dienstleistungen für die Körperpflege (ohne medizinische Massagen), Gesichtskosmetik";"1313 201"
"Dienstleistungen für die Körperpflege (ohne medizinische Massagen), Haarentfernung";"1313 204"
"Dienstleistungen für  Eintrittsgelder, für Kinos (einschl. Garderobe, Programm)";"0961 001"
"Dienstleistungen für Eintrittsgelder, für Konzerte (einschl. Garderobe, Programm)";"0961 004"
"Dienstleistungen für geschäftliche und dienstliche Zwecke, Ausgaben";"1691 000"
"Dienstleistungen für Radio- und Fernsehgebühren";"0839 100"
"Dienstleistungen im Zusammenhang mit der Fahrerlaubnis, z.B. Fahrstunden, Theorieunterricht, praktische Prüfung, Führerscheinbehörde, Sehtest, SM-Kurs (lebensrettende Sofortmaßnahmen)";"0724 310"
"Dienstleistungen sozialer Einrichtungen und karitativer Verbände";"1330 900"
"Dienstleistungen von Bergführern";"0946 104"
"Dienstleistungen von Desinfektoren";"0562 909"
"Dienstleistungen von Fensterputzern";"0562 909"
"Dienstleistungen von Fremdenführern";"0946 104"
"Dienstleistungen von Hundefriseuren";"0945 009"
"Dienstleistungen von Hundesalons";"0945 009"
"Dienstleistungen von Kammerjägern";"0562 909"
"Dienstleistungen von medizinischen Laboratorien, z.B. Urin-/Bluttests";"0641 002"
"Dienstleistungen von medizinischen Röntgenzentren";"0641 002"
"Dienstleistungen von Nagelstudios, z.B.  Kunstfingernägel";"1313 204"
"Dienstleistungen von Schlossführern";"0946 104"
"Dienstleistungen von Stadtführern";"0946 104"
"Dienstleistungen von Vortragskünstlern, für Privatveranstaltungen";"0961 005"
"Dienstreisekosten";"1691 000"
"Dienstreisekostenerstattungen";"0095 000"
"Dienststrafgelder";"1645 000"
"Dienstwagen, geldwerter Vorteil für private Nutzung";"0011 160"
"Dieselkraftstoff (auch für Freizeitfahrzeuge)";"0722 100"
"Dieselmotoren für Kraftfahrzeuge";"0721 205"
"Digiboxen für digitalen Fernsehempfang";"0814 023"
"Digitale Bilderrahmen";"0814 099"
"Digitale Kameras";"0911 103"
"Digitalkamera, Zubehör, Speicherchips";"0815 004"
"Digitalreceiver, zum Empfang von digitalen Bildern auf dem Fernseher";"0814 099"
"Digital Versatile Discs (DVD-Rs, DVD-RWs), unbespielt";"0815 002"
"Diktiergeräte (ohne solche für Kraftfahrzeuge)";"0814 099"
"Dill, frisch, gekühlt oder gefroren";"0119 401"
"Dill, getrocknet";"0119 402"
"Dillspitzen, getrocknet";"0119 402"
"Dinkel (Urweizen)";"0111 102"
"Dinner-Sets aus textilem Material, Unterlegdecken";"0521 301"
"Diplomatentaschen";"1329 113"
"Direktversicherung, Beiträge für die betriebliche Altersversorgung (ohne Zusatzversorgung des öffentlichen Dienstes)";"1631 200"
"Disagio, Gebühren";"1229 900"
"Diskotheken, Eintrittsgelder";"0946 101"
"Diskusse";"0922 119"
"Dispersionsfarben für Schönheitsreparaturen, auf Kosten der Wohnungsinhaberinnen und Wohnungsinhaber";"0431 101"
"Display-Politur";"0561 115"
"Displayschutzfolien";"0974 003"
"Disziplinarstrafgelder";"1645 000"
"Dividenden, ausgezahlt und gutgeschrieben, Einnahmen";"0025 200"
"Doktorarbeit, Entgelt";"1390 909"
"Dokumente, Reproduktion von";"1390 906"
"Dokumentenmappen";"1329 113"
"Dominospiele";"0921 201"
"Dominosteine, Dauerbackwaren";"0111 352"
"Döner, Verzehr im Straßenverkauf, ohne Getränke";"1111 205"
"Döner, Verzehr im Straßenverkauf mit Getränken";"1111 204"
"Doppelkorn, Verzehr in Kantinen, Mensen, a.n.g.";"1112 900"
"Doppelkorn, Verzehr in Kantinen, Mensen von Hochschulen";"1112 100"
"Doppelkorn, Verzehr in Restaurants, Cafés, Bars, mit umfassender Bedienungsleistung";"1111 141"
"Doppelkorn";"0211 040"
"Doppelkümmel, Verzehr in Kantinen, Mensen, a.n.g.";"1112 900"
"Doppelkümmel, Verzehr in Kantinen, Mensen von Hochschulen";"1112 100"
"Doppelkümmel, Verzehr in Restaurants, Cafés, Bars, mit umfassender Bedienungsleistung";"1111 141"
"Doppelkümmel";"0211 040"
"Doppelrahmkäse";"0114 506"
"Doppelwacholder, Verzehr in Kantinen, Mensen, a.n.g.";"1112 900"
"Doppelwacholder, Verzehr in Kantinen, Mensen von Hochschulen";"1112 100"
"Doppelwacholder, Verzehr in Restaurants, Cafés, Bars, mit umfassender Bedienungsleistung";"1111 141"
"Doppelwacholder";"0211 040"
"Dörrapparate";"0531 900"
"Dörrfleisch";"0112 310"
"Dörrgemüse, Hülsenfrüchte";"0117 600"
"Dörrgemüse (ohne Hülsenfrüchte)";"0117 700"
"Dörrobst";"0116 700"
"Dorsch, frisch, gekühlt";"0113 101"
"Dorsch, gefroren";"0113 102"
"Dosen aus anderem Material, Vorrats- und Frischhaltebehälter";"0540 322"
"Dosen aus feinkeramischen Stoffen, Vorrats- und Frischhaltebehälter";"0540 105"
"Dosen aus Glas, Vorrats- und Frischhaltebehälter";"0540 105"
"Dosen aus Kunststoff, Vorrats- und Frischhaltebehälter";"0540 322"
"Dosen aus Papier und Pappe";"0561 902"
"Dosenfleisch";"0112 508"
"Dosenmilch";"0114 301"
"Dosenöffner, elektrisch";"0532 102"
"Dosenöffner, nichtelektrisch";"0540 203"
"Dosenwurst";"0112 504"
"Downloads aus dem Internet, E-Book-Downloads, ohne Bildungsbezug";"0971 908"
"Downloads aus dem Internet, Musik- und Filmdownloads als online erworbene audiovisuelle Inhalte, die ohne zeitliche Einschränkungen genutzt werden können, z.B. MP3-Dateien";"0952 004"
"Downloads von Filmen, für begrenzte kurze Zeit aus dem Internet, von Streamingdiensten für Filmdownloads";"0839 203"
"Drachen für Kinder";"0921 206"
"Dragees, Zuckerwaren (ohne Schokoladendragees)";"0118 903"
"Dragees für die Gesundheit, nicht apothekenpflichtig";"0119 907"
"Drahtbürsten";"0561 121"
"Drahtgeflecht für Umzäunungen";"0552 104"
"Drahtnägel";"0561 905"
"Drahtstifte";"0561 905"
"Dramen, Bücher";"0971 901"
"Drechselmaschinen, elektrisch";"0551 002"
"Drehbleistifte";"0974 004"
"Drehmaschinen, elektrisch";"0551 002"
"Drehspieße mit nichtelektrischer Beheizung (ohne Campingkocher und Grillgeräte)";"0531 105"
"Drei-D-Brillen";"1329 139"
"Dreiräder, Kindersportfahrzeuge";"0921 203"
"Dreirädrige Kraftfahrzeuge über 15 kw über 50 ccm über 45 km/h";"0712 008"
"Dreirädrige Kraftfahrzeuge über 50 ccm über 45 km/h bis 15 kW";"0712 007"
"Dreizehntes Monatsgehalt aus einem Arbeits- oder Dienstverhältnis, brutto";"0011 120"
"Dressings, flüssig";"0119 304"
"Drillbohrer";"0552 105"
"Drillinge";"0922 114"
"Drinks aus Gemüse, Nüssen oder Getreiden";"0114 400"
"Drogen";"0240 000"
"Drops";"0118 903"
"Droschkenfahrten";"0946 207"
"Droschken für andere Tiere (ohne solche für Pferde und Ponys für Sport und Freizeit)";"0714 000"
"Droschken für Pferde (ohne solche für Pferde und Ponys für Sport und Freizeit)";"0714 000"
"Droschken für Pferde und Ponys, für Sport und Freizeit";"0912 402"
"Druckbleistifte";"0974 004"
"Drucker für Informationsverarbeitungsgeräte";"0813 201"
"Druckerpatronen";"0813 207"
"Druckkästen, Spielwaren";"0921 201"
"Druckknöpfe für Bekleidung, Haushaltswäsche und Heimtextilien";"0313 209"
"Druckluftflaschen für Paintball";"0912 901"
"Druckluftwerkzeugset";"0552 105"
"DSL-Router";"0813 204"
"Dübel";"0561 905"
"Duftkarten";"1312 231"
"Duftlampen, nicht elektrisch";"0511 409"
"Duftöle";"1312 240"
"Duftspender, elektrisch";"0532 102"
"Duftspender, nicht elektrisch";"0561 119"
"Duftspüler für Wäsche";"0561 111"
"Duftwässer (ohne Gesichts-, Haar- und Rasierwässer)";"1312 231"
"Düngemittel (auch Stalldung)";"0931 101"
"Dünger";"0931 101"
"Düngestäbchen";"0931 101"
"Düngetorf";"0931 101"
"Dunggabeln";"0552 104"
"Dunst, Feinstgrieß aus Weizen";"0111 205"
"Dunstabzugshauben, elektrisch";"0531 109"
"Durchlauferhitzer, Warmwasserbereiter";"0531 305"
"Durchlüfter für Aquarien";"0932 202"
"Durchschläge, Küchengeräte";"0540 321"
"Durchschreibeblöcke";"0974 003"
"Durstkugeln für Topfpflanzen";"0561 909"
"Duschbad";"1312 217"
"Duscheinbauwannen für die Wohnungsinstandsetzung, auf Kosten der Eigentümerinnen und Eigentümer";"1675 100"
"Duscheinbauwannen für die Wohnungsinstandsetzung, auf Kosten der Mieterinnen und der Mieter";"0431 108"
"Duschgel";"1312 217"
"Duschköpfe";"0431 108"
"Duschmarken, Benutzungsgebühren";"1313 204"
"Duschschlauch auf Kosten der Eigentümerinnen und Eigentümer, Instandsetzung";"1675 100"
"Duschschlauch auf Kosten der Mieterinnen und der Mieter";"0431 108"
"Duschstange auf Kosten der Eigentümerinnen und Eigentümer, Instandsetzung";"1675 100"
"Duschstange auf Kosten der Mieterinnen und der Mieter";"0431 108"
"Duschstuhl, fahrbar, für Pflegebedürftige";"0613 306"
"Duschvorhänge aus Kunststoff, konfektioniert";"0521 101"
"Duschvorhänge aus textilem Material, konfektioniert";"0521 101"
"Düsen für Staubsauger";"0561 123"
"DVBT2-Fernsehen, Gebühren für";"0839 201"
"DVD-Geräten, Reparatur an";"0835 001"
"DVD-Hüllen";"0911 207"
"DVD-Koffer";"1329 113"
"DVD-Player";"0814 022"
"DVD-Recorder";"0814 022"
"DVD-Rohlinge, unbespielt";"0815 002"
"DVDs, bespielt, a.n.g.";"0952 002"
"DVDs, bespielt, elektronische Bücher ohne Bildungsbezug";"0971 909"
"DVDs, bespielt, Lehrbücher";"0971 100"
"DVDs, Miete für";"0839 203"
"DVD-Taschen";"1329 113"
"Dynamos für Fahrräder";"0721 208"
"Eau de Cologne";"1312 231"
"Eau de Parfüm";"1312 231"
"Eau de Toilette";"1312 231"
"eBay-Gebühren";"1390 909"
"E-Bikes";"0713 001"
"E-Book-Downloads (auch als Apps), ohne Bildungsbezug";"0971 908"
"E-Book-Reader";"0819 100"
"E-Book-Readertaschen";"1329 119"
"E-Briefe";"0741 100"
"E-cards, auch ausgedruckt";"0973 001"
"Eckbänke, Küchensitzmöbel";"0511 131"
"Eckschränke, Küchenschränke";"0511 133"
"Edamer Käse";"0114 502"
"Edelmetallbarren, nichtgewerblicher Kauf, Ausgaben";"1667 100"
"Edelmetallbarren, nichtgewerblicher Verkauf, Einnahmen";"0063 000"
"Edelpilzkäse";"0114 502"
"Edelsteine, geschliffen";"0921 208"
"Edelsteine, roh";"0921 208"
"EDV-Kurse";"1050 900"
"Efeu, Ziergehölze";"0931 225"
"Eheberatung, Entgelte für Dienstleistungen";"1390 909"
"Ehebeurkundungen, Verwaltungsgebühren";"1390 901"
"Eheschließungen, Dienstleistungen der Kirchen und Glaubensgemeinschaften";"1390 200"
"Ehevermittlung, Entgelte für Dienstleistungen";"1390 909"
"Eier, frisch";"0114 801"
"Eier, gekocht und bemalt";"0114 807"
"Eieralbumin";"0114 807"
"Eierbecher aus Glas";"0540 105"
"Eierbecher aus Porzellan";"0540 105"
"Eierbecher aus Steingut u.a. feinkeramischen Stoffen";"0540 105"
"Eierbecher aus unedlem Metall, Kunststoff, Holz";"0540 328"
"Eierkocher, elektrisch";"0532 102"
"Eierkocher";"0532 102"
"Eierkohle, Steinkohle";"0454 100"
"Eierkuchen, flüssiger Fertigteig";"0111 901"
"Eierkuchen, Mehlmischung";"0111 901"
"Eierliköre, Verzehr in Kantinen, Mensen, a.n.g.";"1112 900"
"Eierliköre, Verzehr in Kantinen, Mensen von Hochschulen";"1112 100"
"Eierliköre, Verzehr in Restaurants, Cafés, Bars, mit umfassender Bedienungsleistung";"1111 142"
"Eierliköre";"0211 010"
"Eierlöffel";"0540 201"
"Eiersalat, Verzehr in Kantinen, Mensen, a.n.g.";"1112 900"
"Eiersalat, Verzehr in Kantinen, Mensen von Hochschulen, Schulen und Kindergärten";"1112 100"
"Eiersalat, Verzehr in Restaurants, Cafés, Bars, mit umfassender Bedienungsleistung";"1111 117"
"Eiersalat";"0114 807"
"Eierschneider, Küchengeräte";"0540 321"
"Eierspeisen, Verzehr in Kantinen, Mensen, a.n.g.";"1112 900"
"Eierspeisen, Verzehr in Kantinen, Mensen von Hochschulen, Schulen und Kindergärten";"1112 100"
"Eierteigwaren";"0111 500"
"Eieruhren";"0540 321"
"Eierwärmer aus textilem Material";"0521 909"
"Eigelb";"0114 807"
"Eigenanteile (Zuzahlungen) der gesetzlich Krankenversicherten zu pflanzlichen Arzneimitteln und homöopathischen Produkten";"0611 210"
"Eigenanteile (Zuzahlungen) zu anderen zahnärztlichen Dienstleistungen, die teilweise von der gesetzlichen Sozialversicherung erstattet werden, z.B. konservierende Behandlung, zahnärztliche Gutachten";"0622 905"
"Eigenanteile (Zuzahlungen) zu Brillen, Brillengläsern u.a. Sehhilfen, die teilweise von der gesetzlichen Sozialversicherung erstattet werden";"0613 101"
"Eigenanteile (Zuzahlungen)  zu Dienstleistungen der diagnostischen Bildgebung und medizinische Labordienste (einschl. Computer- und Magnetresonanztomografien, Ultraschalldiagnostik)";"0641 001"
"Eigenanteile (Zuzahlungen) zu Dienstleistungen von Kieferorthopäden";"0621 902"
"Eigenanteile (Zuzahlungen) zu Erzeugnissen zur medizinischen Diagnose, die teilweise von der gesetzlichen Sozialversicherung erstattet werden";"0612 101"
"Eigenanteile (Zuzahlungen) zu fachmedizinischen ambulanten Dienstleistungen und medizinischer Rehabilitation, die teilweise von der gesetzlichen Sozialversicherung erstattet werden";"0623 101"
"Eigenanteile (Zuzahlungen) zu Hilfsmitteln für die Mobilität und den Alltag, die teilweise von der gesetzlichen Sozialversicherung erstattet werden";"0613 301"
"Eigenanteile (Zuzahlungen) zu Impfungen, die teilweise von der gesetzlichen Sozialversicherung erstattet werden";"0621 102"
"Eigenanteile (Zuzahlungen) zu Impfungen (einschließlich Schutzimpfungen)";"0621 102"
"Eigenanteile (Zuzahlungen) zu langfristigen ambulanten Gesundheitsdienstleistungen von nichtärztlichen Gesundheitsberufen, die teilweise von der gesetzlichen Sozialversicherung erstattet werden";"0623 201"
"Eigenanteile (Zuzahlungen) zu langfristigen stationären Gesundheitsdienstleistungen, die teilweise von der gesetzlichen Sozialversicherung erstattet werden";"0632 001"
"Eigenanteile (Zuzahlungen) zu medizinischen Produkten für den persönlichen Gebrauch, die teilweise von der gesetzlichen Sozialversicherung erstattet werden";"0612 301"
"Eigenanteile (Zuzahlungen) zu Notfalltransporten und Notrettungen, die teilweise von der gesetzlichen Sozialversicherung erstattet werden";"0642 001"
"Eigenanteile (Zuzahlungen) zu orthopädischen Schuhen, die teilweise von der gesetzlichen Sozialversicherung erstattet werden";"0613 301"
"Eigenanteile (Zuzahlungen) zu pharmazeutischen Erzeugnissen für gesetzlich Krankenversicherte";"0611 110"
"Eigenanteile (Zuzahlungen)  zur ambulanten Heilbehandlung und medizinischer Rehabilitation";"0623 101"
"Eigenanteile (Zuzahlungen) zu stationärer Heilbehandlung und medizinischer Rehabilitation, die teilweise von der gesetzlichen Sozialversicherung erstattet werden";"0631 001"
"Eigenanteile (Zuzahlungen) zu Verhütungsmitteln und Schutzprodukten, die teilweise von der gesetzlichen Sozialversicherung erstattet werden";"0612 201"
"Eigenanteile (Zuzahlungen) zu zahnärztlichen Vorsorgedienstleisungen, die teilweise von der gesetzlichen Sozialversicherung erstattet werden, z.B. konservierende Behandlung, zahnärztliche Gutachten";"0622 101"
"Eigenanteile (Zuzahlungen) zu Zahnersatz, Zahnprothesen, -spangen u.Ä., die teilweise von der gesetzlichen Sozialversicherung erstattet werden";"0622 901"
"Eigenanteile für Krankenhausaufenthalte, zu langfristigen stationären Gesundheitsdienstleistungen";"0632 001"
"Eigenanteile für Krankenhausaufenthalte, zu stationärer Heilbehandlung und medizinischer Rehabilitation";"0631 001"
"Eigenanteile für Kuren, zu stationärer Heilbehandlung und medizinischer Rehabilitation";"0631 001"
"Eigenheim, Kauf";"1661 000"
"Eigenheim, Mietwert selbstgenutzter Einfamilienhäuser und -wohnungen, Einnahmen";"0021 200"
"Eigenheim, Verkauf";"0061 000"
"Eigentümergaragen, Mietwert, Ausgaben (ohne Mieten für Garagen, die zur Wohnung gehören)";"0724 102"
"Eigentümergaragen, Mietwert, Einnahmen";"0021 200"
"Eigentümerwohnungen, Mietwert, Einnahmen";"0021 200"
"Eigentumswohnungen, Instandhaltung (ohne Schönheitsreparaturen an Eigentümerwohnungen)";"1675 100"
"Eigentumswohnungen, Kauf";"1661 000"
"Eigentumswohnungen, Verkauf";"0061 000"
"Eigentumswohnungen, werterhöhende bauliche Maßnahmen";"1663 000"
"Eilbotengebühren für Briefzustellung, national";"0741 100"
"Eilgutbeförderung in Inter-City-Zügen";"0736 009"
"Eimer";"0540 325"
"Einäscherung";"1390 905"
"Einbauschränke, Küchenschränke";"0511 133"
"Einbau von Austauschachsaggregaten, in Kraftwagen und Kraftwagenanhängern";"0723 021"
"Einbau von Austauschgetrieben, in Kraftwagen";"0723 021"
"Einbau von Autoradios";"0723 021"
"Einbau von Badewannen in der Wohnung, auf Kosten der Eigentümerinnen und Eigentümer";"1675 100"
"Einbau von Badewannen in der Wohnung, auf Kosten der Mieterinnen und der Mieter";"0432 001"
"Einbau von Bodentreppen, auf Kosten der Mieterinnen und der Mieter";"0432 009"
"Einbau von Bodentreppen auf Kosten der Eigentümerinnen und Eigentümer, werterhöhend";"1663 000"
"Einbau von Duschwannen in der Wohnung, auf Kosten der Eigentümerinnen und Eigentümer, Instandsetzung";"1675 100"
"Einbau von Duschwannen in der Wohnung, auf Kosten der Mieterinnen und der Mieter";"0432 001"
"Einbau von Heizkörpern, auf Kosten der Eigentümerinnen und Eigentümer, werterhöhend";"1663 000"
"Einbau von Heizkörpern, auf Kosten der Mieterinnen und der Mieter";"0432 003"
"Einbau von Thermostaten in der Wohnung, auf Kosten der Eigentümerinnen und Eigentümer, Instandsetzung";"1675 100"
"Einbau von Thermostaten in der Wohnung, auf Kosten der Mieterinnen und der Mieter";"0432 003"
"Einbau von Zwischenwänden in der Wohnung, auf Kosten der Eigentümerinnen und Eigentümer, werterhöhend";"1663 000"
"Einbau von Zwischenwänden in der Wohnung, auf Kosten der Mieterinnen und der Mieter";"0432 009"
"Einbinden von Büchern und Zeitschriften";"0969 004"
"Einbruchsdiebstahlversicherungen, Prämien";"1639 300"
"Einbruchsdiebstahlversicherungen, Prämienerstattungen und Versicherungsleistungen";"0033 230"
"Einbruchsdiebstahlversicherungen im Zusammenhang mit der Wohnung ohne Gebäudeversicherungsdienstleistungen (ohne Versicherungsbeiträge), Dienstleistungsentgelt";"1213 000"
"Einfamilienhaus, Mietwert des selbstgenutzten Einfamilienhauses, Einnahmen";"0021 200"
"Einfuhrzoll";"1612 800"
"Eingliederungsbeihilfe an Vertriebene und Aussiedler";"0031 639"
"Einhängehefter";"0974 006"
"Einkauf in Lebensversicherungen, kapitalbildend";"1687 300"
"Einkaufsbeutel aus Kunststoff";"0561 904"
"Einkaufsbeutel aus Papier, Pappe oder Alufolie";"0561 902"
"Einkaufskörbe";"0521 909"
"Einkaufsnetze";"0521 909"
"Einkaufstaschen, - Mehrfach, aus allen Materialien";"0521 909"
"Einkaufstaschen aus anderem Material";"0521 909"
"Einkaufstüten aus Kunststoff";"0561 904"
"Einkaufstüten aus Papier, Pappe oder Alufolie";"0561 902"
"Einkaufsvereinigungen, Rückvergütungen auf Warenkäufe";"0091 000"
"Einklebebücher für Kinder";"0971 902"
"Einknöpfpelze für Damen";"0312 250"
"Einknöpfpelze für Herren";"0312 139"
"Einknöpfpelze für Jungen";"0312 187"
"Einknöpfpelze für Mädchen";"0312 297"
"Einkochapparate, nichtelektrisch";"0540 312"
"Einkochgläser";"0540 105"
"Einkommen aus Altersteilzeitgeld";"0011 800"
"Einkommen aus dem Verkauf von Strom aus Solar- und Photovoltaikanlagen";"0013 500"
"Einkommen aus Erwerbstätigkeit";"0011"
"Einkommen aus freiberuflicher Tätigkeit, errechnet, brutto";"0013 900"
"Einkommen aus freiberuflicher Tätigkeit, Sachentnahmen";"0013 400"
"Einkommen aus nichtöffentlichen Transferzahlungen";"0033"
"Einkommen aus öffentlichen Transferzahlungen";"0031"
"Einkommen aus selbständiger Arbeit aus freiberuflicher Tätigkeit, lt. Anschreibung errechnet oder lt. Schätzung";"0013 900"
"Einkommen aus selbständiger Arbeit aus freiberuflicher Tätigkeit, Sachentnahmen";"0013 400"
"Einkommen aus selbständiger Arbeit im Gewerbebetrieb, lt. Anschreibung errechnet oder lt. Schätzung";"0013 900"
"Einkommen aus selbständiger Arbeit im Gewerbebetrieb, Sachentnahmen";"0013 400"
"Einkommen aus selbständiger Arbeit im land- und forstwirtschaftlichen Betrieb, lt. Anschreibung errechnet oder lt. Schätzung";"0013 900"
"Einkommen aus selbständiger Arbeit im land- und forstwirtschaftlichen Betrieb, Sachentnahmen";"0013 400"
"Einkommen aus unselbständiger Arbeit, Barleistungen, brutto";"0011"
"Einkommen aus unselbständiger Arbeit, Sachleistungen, brutto";"0012"
"Einkommen aus unselbständiger Nebenerwerbstätigkeit";"0011 200"
"Einkommensteuer, Ausgaben";"1611 150"
"Einkommensteuer, Erstattung";"0031 624"
"Einladungskarten";"0973 001"
"Einlagen als Kommanditist oder Stiller Gesellschafter, Ausgaben";"1685 700"
"Einlagen als Kommanditist oder Stiller Gesellschafter, Rückzahlung, Einnahmen";"0071 420"
"Einlagen bei Konsumvereinen, Ausgaben";"1685 700"
"Einlagen bei Konsumvereinen, Rückzahlung, Einnahmen";"0071 420"
"Einlagen für Schuhe, orthopädisch";"0613 304"
"Einlagen im eigenen Unternehmen, auch als vollhaftender Gesellschafter einer OHG oder KG, Ausgaben";"1665 000"
"Einlagerung von Reifen";"0723 030"
"Einlagerung von Winterreifen";"0723 030"
"Einlagestoffe für Herren-, Damen- und Kinderoberbekleidung, Meterware";"0311 000"
"Einlegeböden für Kindermöbel";"0511 150"
"Einlegeböden für Regale u.a. Wohnzimmerschränke";"0511 114"
"Einlegegurken, frisch oder gekühlt";"0117 204"
"Einlegesohlen (ohne medizinische Fußeinlagen) für Damenschuhe";"0321 290"
"Einlegesohlen (ohne medizinische Fußeinlagen) für Herrenschuhe";"0321 190"
"Einlegesohlen (ohne medizinische Fußeinlagen) für Kinderschuhe";"0321 390"
"Einlösung von Flaschenpfand";"0091 000"
"Einlösung von Rabattmarken";"0091 000"
"Einlösung von Warenwechseln, nicht zinslos, Ausgaben";"1652 200"
"Einlösung von Warenwechseln, zinslos, Ausgaben";"1652 300"
"Einmachgewürzmischungen";"0119 402"
"Einmachgläser";"0540 105"
"Einmachringe";"0561 909"
"Einmachzucker";"0118 100"
"Einmalige und unregelmäßige Einnahmen aus Ausbildungsversicherungen";"0077 200"
"Einmalige und unregelmäßige Einnahmen aus Aussteuerversicherungen";"0077 200"
"Einmalige und unregelmäßige Einnahmen aus Lebensversicherungen";"0077 200"
"Einmalige und unregelmäßige Einnahmen aus Sterbegeldversicherungen";"0077 200"
"Einmalige Zahlungen, z.B. Weihnachts-, Urlaubsgeld";"0011 120"
"Einnahmen, aus der Verpachtung von Gärten, Wochenendgrundstücken u.ä.";"0021 1"
"Einnahmen, nicht zuordenbar";"0097 000"
"Einrahmen, von Bildern";"0963 000"
"Einrichtungen für chronisch Kranke";"0632 002"
"Einsätze für Lotto, Toto, Lotterie, Spielbank, Rennwette u.ä.";"1647 000"
"Einschlaghülsen";"0552 208"
"Einschlagpapier";"0561 902"
"Einschreibegebühren, Postgebühren, international";"0741 100"
"Einschreibegebühren, Postgebühren, national";"0741 100"
"Einsteckkämme";"1312 102"
"Einstellung der Fahrradschaltung";"0723 015"
"Eintöpfe, gefroren";"0119 133"
"Eintöpfe, Konservenfertiggerichte";"0119 132"
"Eintöpfe, trocken";"0119 131"
"Eintöpfe, Verzehr in Kantinen, Mensen, a.n.g.";"1112 900"
"Eintöpfe, Verzehr in Kantinen, Mensen von Hochschulen, Schulen und Kindergärten";"1112 100"
"Eintöpfe, Verzehr in Restaurants, Cafés, Bars, mit umfassender Bedienungsleistung";"1111 112"
"Eintrittsgelder für Badeanstalten (ohne Thermalbäder)";"0946 201"
"Eintrittsgelder für Ballbesuche (einschl. Garderobe und Programme)";"0946 101"
"Eintrittsgelder für botanische Gärten";"0962 003"
"Eintrittsgelder für Diskotheken (einschl. Garderobe und Programme)";"0946 101"
"Eintrittsgelder für Faschingssitzungen (einschl. Garderobe und Programme)";"0961 005"
"Eintrittsgelder für Freibäder (ohne Thermalbäder)";"0946 201"
"Eintrittsgelder für Gemäldeausstellungen (einschl. Garderobe und Programme)";"0962 001"
"Eintrittsgelder für Hallenbäder (ohne Thermalbäder)";"0946 201"
"Eintrittsgelder für Kinos (einschl. Garderobe und Programme)";"0961 001"
"Eintrittsgelder für Konzerte (einschl. Garderobe und Programme)";"0961 004"
"Eintrittsgelder für Kunstausstellungen (einschl. Garderobe und Programme)";"0962 001"
"Eintrittsgelder für Museen (einschl. Garderobe)";"0962 001"
"Eintrittsgelder für Sportveranstaltungen (einschl. Garderobe und Programme)";"0946 300"
"Eintrittsgelder für Tanzabende (einschl. Garderobe)";"0946 101"
"Eintrittsgelder für Tierausstellungen";"0962 003"
"Eintrittsgelder für Volksfeste (einschl. Garderobe und Programme)";"0946 101"
"Eintrittsgelder für zoologische Gärten";"0962 003"
"Einweckringe";"0561 909"
"Einwegartikel aus Papier";"0561 901"
"Einwegbestecke";"0561 901"
"Einwegfeuerzeuge";"1329 133"
"Einwegfilter für Zigaretten";"0230 903"
"Einweggeschirr";"0561 901"
"Einwegkugelschreiber";"0974 004"
"Einwegrasierapparate";"1312 101"
"Einweichmittel für Wäsche";"0561 111"
"Einzahlungen auf Bausparverträge (ohne vermögenswirksame Leistungen)";"1683 100"
"Einzahlungen auf Bausparverträge (vermögenswirksame Leistungen)";"1683 900"
"Einzahlungen auf Postsparbücher (ohne vermögenswirksame Leistungen)";"1681 100"
"Einzahlungen auf Postsparbücher vermögenswirksame Leistungen";"1681 900"
"Einzahlungen auf private Termingeldkonten";"1682 000"
"Einzahlungen auf Sparbücher, vermögenswirksame Leistungen";"1681 900"
"Einzahlungen auf Sparbücher (ohne vermögenswirksame Leistungen)";"1681 100"
"Einzahlungen in Pensions- und Alterskassen, freiwillig";"1631 200"
"Einzahlungen in Versorgungskassen, freiwillig";"1631 200"
"Einzahlung in Sparbüchse als Geldgeschenk";"1643 200"
"Einzahlung in Sparschwein als Geldgeschenk";"1643 200"
"Einzelbürsten für elektrische Zahnbürsten";"1311 103"
"Einzelfahrkarten für den Nahverkehr, mit Omnibussen, (ohne Personenbeförderung von Schülern zur und von der Schule)";"0732 101"
"Einzelfahrkarten für den Nahverkehr, mit Omnibussen, Personenbeförderung von Schülern zur und von der Schule";"0732 300"
"Einzelfahrkarten zu gewöhnlichen Konditionen, für den Linienverkehr, mit Omnibussen (Orts-, Vororts- und Regionalverkehr)";"0732 101"
"Einzelfahrkarten zu gewöhnlichen Konditionen, für den Linienverkehr mit Omnibussen, im internationalen Fernverkehr";"0732 103"
"Einzelfahrkarten zu gewöhnlichen Konditionen, für den Linienverkehr mit Omnibussen im Fernverkehr (ohne internationaler Fernverkehr)";"0732 102"
"Einzelfahrkarten zu gewöhnlichen Konditionen, für den Schienennahverkehr im Liniendienst der Hoch-, U-, Schwebe-, Straßenbahnen, Peoplemover";"0731 201"
"Einzelfahrkarten zu gewöhnlichen Konditionen, für den Stadt- und Regionalverkehr im Liniendienst der Eisenbahnunternehmen";"0731 111"
"Einzelfahrkarten zu gewöhnlichen Konditionen, im internationalen Schienenfernverkehr, international";"0731 130"
"Einzelfahrkarten zu gewöhnlichen Konditionen, im Schienenfernverkehr, national";"0731 121"
"Einzelfahrkarten zu gewöhnlichen Konditionen, kombinierte Fahrausweise, außerhalb von Verkehrsverbünden, Tarif- und Verkehrsgemeinschaften";"0735 091"
"Einzelfahrkarten zu gewöhnlichen Konditionen, kombinierte Fahrausweise, in Verkehrsverbünden, Tarif- und Verkehrsgemeinschaften";"0735 011"
"Einzelfahrkarten zu Sonderkonditionen im internationalen Schienenfernverkehr";"0731 130"
"Einzelfahrkarten zu Sonderkonditionen im Schienenfernverkehr";"0731 123"
"Einzelkochplatten mit elektrischer Beheizung";"0532 102"
"Einzelschränke, Küchenschränke";"0511 133"
"Einzelteile für Flugsportgeräte (ohne Verbrauchsgüter)";"0912 200"
"Einzelteile für Musikinstrumente (ohne Verbrauchsgüter)";"0951 005"
"Eiprodukte aus Vollei";"0114 807"
"Eipulver";"0114 807"
"Eisbahn, Eintrittsgelder für Sportveranstaltungen";"0946 300"
"Eisbahn, Entgelte für Benutzung";"0946 204"
"Eisbein, frisch, gefroren";"0112 220"
"Eisbergsalat";"0117 101"
"Eisbeutel";"0612 305"
"Eisbindemittel";"0119 904"
"Eiscreme, für den Hausverbrauch";"0118 600"
"Eisenbahnen, elektrisch, Modelleisenbahnen";"0921 206"
"Eis für Gefrierzwecke";"0455 003"
"Eis für Kühlzwecke, Eiswürfel";"0455 003"
"Eis für Speisezwecke, für den Hausverbrauch";"0118 600"
"Eis für Speisezwecke, Verzehr in Kantinen, Mensen, a.n.g.";"1112 900"
"Eis für Speisezwecke, Verzehr in Kantinen, Mensen von Hochschulen, Schulen und Kindergärten";"1112 100"
"Eis für Speisezwecke, Verzehr in Restaurants, Cafés, Bars, Eissalons, mit umfassender Bedienungsleistung";"1111 122"
"Eiskaffee, in Gaststätten, mit umfassender Bedienungsleistung";"1111 122"
"Eiskaffee";"0122 003"
"Eiskonfekt";"0118 509"
"Eiskratzer für Kraftfahrzeuge";"0721 305"
"Eispacks für die Gesundheit";"0612 305"
"Eispulver";"0119 904"
"Eistee, Erfrischungsgetränk, flüssig";"0123 003"
"Eistee, Granulat";"0123 003"
"Eistorten, Speiseeis, für den Hausverbrauch";"0118 600"
"Eiswaffeln";"0111 352"
"Eiswürfel, Eis für Kühlzwecke";"0455 003"
"Eiweiß";"0114 807"
"Eiweiß-Hydrosylate, Nahrungsergänzungsmittel";"0119 907"
"Eiweißriegel";"0119 907"
"Elektrische Backgeräte (ohne Herde und Backöfen)";"0532 102"
"Elektrische Bodenpflegegeräte";"0531 400"
"Elektrische Bratgeräte (ohne Herde und Backöfen)";"0532 101"
"Elektrische Bügeleisen";"0532 901"
"Elektrische Grillgeräte (ohne Herde und Backöfen)";"0532 101"
"Elektrische Haushaltsgeräte, Reparatur. Miete und Leasing";"0553 012"
"Elektrische Heizgeräte, Miete und Leasing für";"0533 002"
"Elektrische Kochgeräte, Miete und Leasing für";"0533 002"
"Elektrische Körperpflegegeräte";"1311 103"
"Elektrische Leuchten, Miete für";"0512 000"
"Elektrische Modelleisenbahnen (einschl. spurenbezogenem Zubehör)";"0921 206"
"Elektrischen Bügelmaschinen, Reparaturen an";"0533 001"
"Elektrischen Gefriergeräten, Reparaturen an";"0533 001"
"Elektrischen Körperpflegegeräten, Reparaturen an";"1311 200"
"Elektrische Rasierapparate";"1311 101"
"Elektrische Strickmaschinen";"0531 900"
"Elektrische u.a. Haushaltsgroßgeräte, Miete und Leasing für";"0533 002"
"Elektrizität, Ausgaben der Wohnungsinhaberinnen und Wohnungsinhaber, Grundgebühr";"0451 011"
"Elektrizität, Ausgaben der Wohnungsinhaberinnen und Wohnungsinhaber, Stromverbrauch";"0451 015"
"Elektrizität (zum Bruttoeinkommen aus unselbständiger Arbeit gehörende Sachleistungen)";"0012 106"
"Elektrizitätszähler, Miete für, Ausgaben der Wohnungsinhaberinnen und Wohnungsinhaber";"0451 011"
"Elektrizität und Gas, Abschlagszahlungen, nicht aufteilbar, Ausgaben der Wohnungsinhaberinnen und Wohnungsinhaber";"0451 030"
"Elektrobackhauben";"0532 102"
"Elektrobacköfen";"0531 106"
"Elektroherde, kombinierte Back- und Kochgeräte";"0531 107"
"Elektroinstallationsmaterial und -zubehör";"0552 204"
"Elektromesser";"0532 102"
"Elektronenblitzlichtgeräte für Fotogeräte";"0911 202"
"Elektronikkästen zum Experimentieren";"0921 205"
"Elektronikspiele (einschl. Software), Miete von und Abonnementgebühren für Onlinespiele";"0943 100"
"Elektronikspiele (einschl. Software)";"0921 100"
"Elektroöfen, Raumheizgeräte";"0531 306"
"Elektrotoaster";"0532 101"
"Elektrowaffeleisen";"0532 102"
"Elektrowerkzeuge, für den Garten, Reparaturen an";"0553 011"
"Elektrowerkzeuge , nicht für den Garten, Reparatur, Miete und Leasing";"0553 012"
"Elektrowerkzeuge";"0551 002"
"Elektrowerkzeuge für den Garten, Miete und Leasing";"0553 011"
"Elektrozigaretten, Einweg und Mehrweg";"1329 132"
"Elfenbeinknöpfe für Bekleidung";"0313 209"
"Ellenbogenschoner für Sport im Freien";"0922 119"
"Ellenbogenschoner für Sport in Räumen";"0922 129"
"Elterngeld nach dem Bundeselterngeld- und Elternzeitgesetz sowie Betreuungsgeld nach § 16 SGB VIII";"0031 617"
"Elternrenten aus der gesetzlichen Unfallversicherung";"0031 300"
"Elternrenten aus der Kriegsopferversorgung";"0031 680"
"Emailfarben";"0974 008"
"Emaillierbastelsätze";"0921 209"
"Emmentaler Käse";"0114 501"
"Empfängnisverhütungsmittel, aus Gummi";"0612 202"
"Empfängnisverhütungsmittel, mechanisch";"0612 202"
"Empfangsantennen für Fernseh- und Rundfunkempfangsgeräte, kombinierte Antennen";"0814 025"
"Endiviensalat, frisch oder gekühlt";"0117 101"
"Endreinigung";"0562 909"
"Energieausweis";"1390 909"
"Energiekosten, Erstattung";"0095 000"
"Energiepass";"1390 909"
"Energiesparlampen für Wohnraumleuchten";"0552 202"
"Energy-Drinks";"0129 001"
"Englischkurse, nicht zum Erwerb von Berufsabschlüssen";"1050 900"
"Entbindungsanstalten, stationäre Behandlung (ohne Pflegeheime)";"0631 002"
"Entbindungskostenbeiträge aus der gesetzlichen Krankenversicherung";"0031 420"
"Enteisungsmittel für Kraftfahrzeuge";"0721 307"
"Enten, gefroren (ohne Innereien u.a. Schlachtnebenprodukte)";"0112 242"
"Enten, geschlachtet, frisch (ohne Innereien u.a. Schlachtnebenprodukte)";"0112 242"
"Enten, lebend";"0932 103"
"Enteneier, frisch";"0114 801"
"Entenfleisch, Konserven";"0112 508"
"Entenklein, frisch (ohne Innereien u.a. Schlachtnebenprodukte)";"0112 242"
"Entenklein, gefroren (ohne Innereien)";"0112 242"
"Entfärber für Textilien";"0561 115"
"Entfernungsmesser für Foto- und Filmgeräte";"0911 202"
"Entfettungsmittel";"0561 115"
"Entgelte für Bedürfnisanstalten";"1390 909"
"Entgelte für Doktorarbeit";"1390 909"
"Entgelte für Eheberatung";"1390 909"
"Entgelte für Fitness-Studios";"0946 202"
"Entgelte für Fotokopien";"1390 906"
"Entgelte für Gebühren für Stellen- u.a. Vermittlungen";"1390 909"
"Entgelte für gelegentliche selbständige Arbeiten und Dienstleistungen, Einnahmen";"0013 900"
"Entgelte für Kinderschminken, Dienstleistungen";"1313 201"
"Entgelte für Schreibarbeiten";"1390 909"
"Entgelte für Solarien";"1313 203"
"Entgelte für Sporteinrichtungen";"0946 204"
"Entgelte für Tattoos auf der Haut";"1313 204"
"Entgelte für Vermögensverwaltung";"1390 909"
"Entgelte im Rahmen eines Werkvertrages, Einnahmen";"0013 900"
"Entgelt für Hauspersonal zur Betreuung von Kindern";"0562 100"
"Entgeltsicherung nach dem SGB III § 421 J für Arbeitnehmer über 50";"0031 570"
"Entgeltumwandlung, im Grundlohn vom Arbeitgeber gezahlt";"0011 110"
"Enthaarungscreme";"1312 240"
"Entkalker";"0561 115"
"Entkupplungen für Modelleisenbahnen";"0921 206"
"Entladungslampen für Wohnraumleuchten (ohne Energiesparlampen)";"0552 202"
"Entlassungsgelder";"0011 140"
"Entlohnung Putzfrauen";"0562 100"
"Entlohnung Putzhilfen";"0562 100"
"Entlohnung Raumpfleger(innen)";"0562 100"
"Entnahmen von Bargeld aus Geschäftskassen im Gewerbebetrieb, für private Zwecke";"0013 900"
"Entnahmen von Bargeld aus Geschäftskassen im land- und fortwirtschaftlichen Betrieb, für private Zwecke";"0013 900"
"Entsafter, elektrisch";"0532 209"
"Entsafter, nichtelektrisch";"0532 209"
"Entschädigung für Opfer von Gewalttaten";"0031 639"
"Entschädigung nach dem Bundesversorgungsgesetz nach Freiheitsentzug und gesundheitlicher Schädigung durch den SED-Staat";"0031 639"
"Entschädigung von SED-Opfern (Kapitalentschädigungen, Unterstützungsleistungen)";"0031 639"
"Entsorgungsgebühren für Altgeräte";"0442 000"
"Entsorgungsgebühren für Fernseher, Altgeräte";"0442 000"
"Entsorgungsgebühren für Kühlschränke, Altgeräte";"0442 000"
"Entsorgung von Altreifen";"0442 000"
"Entsorgung von Bauschutt";"0442 000"
"Entsorgung von Gartenabfällen, Grünabfällen";"0444 106"
"Entwickeln von Fotoaufnahmen, Dienstleistungen";"0963 000"
"Entwickler, Fotochemikalien";"0911 207"
"Entwicklerschalen, Fotolaborgeräte";"0911 108"
"Enzian, Spirituosen, Verzehr in Kantinen, Mensen, a.n.g.";"1112 900"
"Enzian, Spirituosen, Verzehr in Kantinen, Mensen von Hochschulen";"1112 100"
"Enzian, Spirituosen, Verzehr in Restaurants, Cafés, Bars, mit umfassender Bedienungsleistung";"1111 141"
"Enzian, Spirituosen";"0211 040"
"Enzyklopädien auf CD-ROMs (ohne System- und Anwendungssoftware)";"0971 100"
"Enzyklopädien im Buchformat";"0971 100"
"Enzyme, Nahrungsergänzungsmittel";"0119 907"
"Epilatoren";"1311 101"
"Epilierer, elektrisch";"1311 101"
"Erbbauzinsen, Ausgaben";"1679 700"
"Erbpacht, Erbbauzinsen, Ausgaben";"1679 700"
"Erbschaften, Kapitalauszahlungen";"0033 430"
"Erbschaften, Kapitalauszahlungen an andere private Haushalte, Ausgaben";"1643 200"
"Erbschaften, von anderen privaten Haushalten";"0033 420"
"Erbschaftsteuer";"1612 100"
"Erbschaftsteuerversicherung, Kapitalauszahlung, Beitragserstattung, Gewinnbeteiligung";"0077 200"
"Erbschaftsteuerversicherung, Prämien";"1687 300"
"Erbsen, frisch oder gekühlt";"0117 300"
"Erbsen, gefroren";"0117 809"
"Erbsen, getrocknet, ausgelöst (auch zerkleinert oder geschält)";"0117 600"
"Erbsen, mit Möhren, Mischkonserven";"0117 915"
"Erbseneintopf, Konservenfertiggerichte";"0119 132"
"Erbseneintopf, Trockeneintöpfe";"0119 131"
"Erbseneintopf, Verzehr in Kantinen, Mensen, a.n.g.";"1112 900"
"Erbseneintopf, Verzehr in Kantinen, Mensen von Hochschulen, Schulen und Kindergärten";"1112 100"
"Erbseneintopf, Verzehr in Restaurants, Cafés, Bars, mit umfassender Bedienungsleistung";"1111 112"
"Erbsenkonserven (auch mit Möhren)";"0117 915"
"Erbsenmehl";"0117 922"
"Erdbeeren, frisch oder gekühlt";"0116 401"
"Erdbeeren, gefroren";"0116 600"
"Erdbeerkonserven";"0116 907"
"Erdbeermarmelade";"0118 302"
"Erdbeerpflanzen";"0931 215"
"Erdbeerquark";"0114 705"
"Erdbeersorbet, für den Hausverbrauch";"0118 600"
"Erde, Blumen- und Gartenerde";"0931 102"
"Erdgas, Ausgaben der Wohnungsinhaberinnen und Wohnungsinhaber, Gasverbrauch (ohne Grundgebühr)";"0452 103"
"Erdgas, Ausgaben der Wohnungsinhaberinnen und Wohnungsinhaber, Grundgebühr";"0452 101"
"Erdkohlrabi, frisch oder gekühlt";"0117 107"
"Erdnusscreme";"0118 400"
"Erdnüsse mit oder ohne Schale, gesalzen oder geröstet";"0116 901"
"Erdnussflips";"0111 370"
"Erdnussmus";"0118 400"
"Erdnussöl für Speisezwecke";"0115 109"
"Erdnusspaste";"0118 400"
"Erdspieße";"0931 105"
"Erfindervergütungen aus einem Arbeits- oder Dienstverhältnis, brutto";"0011 160"
"Erfrischungsgetränke, diätetische, (ohne Fruchtsäfte und Nektare), Verzehr in Kantinen, Mensen, a.n.g.";"1112 900"
"Erfrischungsgetränke, diätetische, (ohne Fruchtsäfte und Nektare), Verzehr in Kantinen, Mensen von Hochschulen, Schulen und Kindergärten";"1112 100"
"Erfrischungsgetränke, diätetische, (ohne Fruchtsäfte und Nektare), Verzehr in Restaurants, Cafés, Bars, mit umfassender Bedienungsleistung";"1111 152"
"Erfrischungsgetränke, diätetische, Fruchtsäfte und Nektare, Verzehr in Kantinen, Mensen, a.n.g.";"1112 900"
"Erfrischungsgetränke, diätetische, Fruchtsäfte und Nektare, Verzehr in Kantinen, Mensen, von Hochschulen, Schulen und Kindergärten";"1112 100"
"Erfrischungsgetränke, diätetische, Fruchtsäfte und Nektare, Verzehr in Restaurants, Cafés, Bars, mit umfassender Bedienungsleistung";"1111 153"
"Erfrischungsgetränke, diätetische, Fruchtsäfte und Nektare";"0121 003"
"Erfrischungsgetränke, diätetische (ohne Fruchtsäfte und Nektare; ohne Kantinen- und Gaststättenverzehr)";"0126 002"
"Erfrischungsgetränke, diätetische (ohne Fruchtsäfte und Nektare; ohne Kantinen- und Gaststättenverzehr)";"0126 009"
"Erfrischungsgetränke, mit Kohlensäure (auch diätetische), koffeinhaltig,";"0126 001"
"Erfrischungsmixgetränke mit einem Alkoholgehalt < 6 %,  Verzehr in Kantinen, Mensen, a.n.g.";"1112 900"
"Erfrischungsmixgetränke mit einem Alkoholgehalt < 6 %,  Verzehr in Kantinen, Mensen von Hochschulen, Schulen und Kindergärten";"1112 100"
"Erfrischungsmixgetränke mit einem Alkoholgehalt < 6 %, Verzehr in Restaurants, Cafés, Bars, mit umfassender Bedienungsleistung";"1111 152"
"Erfrischungsmixgetränke mit einem Alkoholgehalt < 6 %";"0219 020"
"Erfrischungstücher";"1312 240"
"Erhöhung des Betriebsvermögens";"1665 000"
"Erholungsheime mit Pflegebetreuung";"0632 002"
"Erholungsheimübernachtungen mit oder ohne Frühstück, Halb- oder Vollpension";"1120 204"
"Erlaubniserteilung, Gebühren ohne Führerscheine, Jagd- u.a. Angelkarten, Baugenehmigungen";"1390 902"
"Erlöse aus nichtgewerblichem Verkauf von gebrauchtem Schmuck";"0055 210"
"Erlöse aus nichtgewerblichem Verkauf von gebrauchten Waren des Haushalts (ohne Schmuck)";"0055 220"
"Erlöse aus nichtgewerblichem Verkauf von im Haushalt erzeugten Waren";"0055 100"
"Erneuerung der Bremsbeläge, an Kraftwagen und Kraftwagenanhängern";"0723 021"
"Erneuerung der Kupplungsbeläge, an Kraftwagen";"0723 021"
"Erotikspielzeug";"1329 139"
"Ersatzbürsten für elektrische Zahnbürsten";"1311 103"
"Ersatzkaffee";"0122 003"
"Ersatzkartuschen für Sodaclub, Wassermaxx etc.";"0561 909"
"Ersatzkassen, freiwillige Beiträge";"1622 500"
"Ersatzkassen, Pflichtbeiträge";"1621 590"
"Ersatzköpfe für elektrische Zahnbürsten";"1311 103"
"Ersatzköpfe für Handzahnbürsten";"1312 105"
"Ersatzminen für Kugelschreiber";"0974 004"
"Ersatzteile für Flugsportgeräte (ohne Verbrauchsgüter)";"0912 200"
"Ersatzteile für Krafträder und Fahrräder, z.B. Narben, Felgen";"0721 208"
"Ersatzteile für Musikinstrumente (ohne Verbrauchsgüter)";"0951 005"
"Erstattungen aus privaten Kraftfahrzeugversicherungen";"0033 230"
"Erstattungen aus privaten Krankenversicherungen";"0033 210"
"Erstattungen aus privaten Pflegeversicherungen";"0033 230"
"Erstattungen aus privaten Schadenversicherungen";"0033 230"
"Erstattungen aus privaten Unfallversicherungen";"0033 220"
"Erstattungen von Arzt-, Krankenhaus- und Arzneimittelkosten aus der gesetzlichen Krankenversicherung";"0031 420"
"Erstattungen von Arzt-, Krankenhaus- und Arzneimittelkosten aus privater Krankenversicherung";"0033 210"
"Erstattungen von Ausgaben, für geschäftliche und dienstliche Zwecke";"0095 000"
"Erstattungen von Einkommensteuer";"0031 624"
"Erstattungen von Lohnsteuer und Kirchensteuer";"0031 624"
"Erstattungen von Umzugskosten durch den Arbeitgeber";"0095 000"
"Erstattung von Aufwendungen für Zeugen vom Gericht";"0095 000"
"Erste-Hilfe-Kurse, nicht für den Erwerb einer Fahrererlaubnis";"1050 900"
"Erste-Hilfe-Sets, gefüllt, auch für Kraftfahrzeuge";"0612 302"
"Ertragsbeteiligung aus einem Arbeits- oder Dienstverhältnis, brutto";"0011 150"
"Erwerb eines Betriebes";"1665 000"
"Erwerbsunfähigkeitsrenten aus der gesetzlichen Rentenversicherung";"0031 110"
"Erwerbsunfähigkeitsrenten aus der gesetzlichen Unfallversicherung";"0031 300"
"Erwerb von Anteilen einer Baugenossenschaft, (ohne vermögenswirksame Leistungen)";"1683 100"
"Erwerb von Anteilen einer Baugenossenschaft,  (vermögenswirksame Leistungen)";"1683 900"
"Erwerb von Anteilen einer GmbH oder Genossenschaft ohne Baugenossenschaft";"1685 700"
"Erwerb von privaten Grundstücken, Gebäuden und Eigentumswohnungen";"1661 000"
"Erzeugnisse, pulverförmig, aus pflanzlichem Milchersatz, z.B. für Kaltschalen, süße Suppen und Soßen";"0114 706"
"Erzeugnisse, pulverförmig, nicht aus pflanzlichem Milchersatz, z.B. für Kaltschalen, süße Suppen und Soßen";"0119 904"
"Erzeugnisse aus eigenem Garten, aus Kleintierhaltung u.ä., nichtgewerblicher Verkauf";"0055 100"
"Erziehungsheime, Dienstleistungen";"1330 101"
"Eselfleisch, frisch oder gefroren";"0112 250"
"Espresso, Verzehr in Restaurants, Cafés, Bars, mit umfassender Bedienungsleistung";"1111 154"
"Espressomaschinen";"0532 201"
"Essbare Schlachtabfälle von Meeressäugetieren (Robben, Walrossen, Walen usw.), frisch oder gefroren";"0112 400"
"Essbestecke mit Griffen aus Edelmetall";"0540 201"
"Essen auf Rädern, Hauslieferung, von sozialen Einrichtungen oder karitativen Verbänden";"1330 300"
"Essen auf Rädern von Privatunternehmen, z.B. Gastwirtschaften";"1111 207"
"Essengeldzuschüsse aus einem Arbeits- oder Dienstverhältnis, brutto";"0011 160"
"Essenmarken, Erstattung";"0091 000"
"Essenmarken für Verzehr in Kantinen, Mensen, a.n.g.";"1112 900"
"Essenmarken für Verzehr in Kantinen, Mensen von Hochschulen, Schulen und Kindergärten";"1112 100"
"Essensgeld für Kindergärten und Horte (Getränke)";"1112 100"
"Essensgeld für Kindergärten und Horte (Getränke)";"1112 900"
"Essensgeld für Kindergärten und Horte (Speisen)";"1112 100"
"Essensgeld für Kindergärten und Horte (Speisen)";"1112 900"
"Essenzen, Backaromen";"0119 905"
"Essig";"0119 302"
"Essigessenz";"0119 302"
"Essiggurken, Sauerkonserven, mit Essig haltbar gemacht";"0117 911"
"Essigreiniger";"0561 115"
"Essigsaure Tonerde";"0611 220"
"Esskastanien, mit Schale, unbearbeitet";"0116 809"
"Essservices aus Glas";"0540 105"
"Essservices aus Kunststoff";"0540 328"
"Essservices aus Porzellan";"0540 102"
"Essservices aus Steingut u.a. feinkeramischen Stoffen";"0540 102"
"Essservices aus unedlem Metall";"0540 328"
"Esszimmereinrichtungen, komplett";"0511 111"
"Esszimmerschränke";"0511 114"
"Esszimmerstühle";"0511 112"
"Esszimmertische";"0511 111"
"Estragon, frisch, gekühlt oder gefroren";"0119 401"
"Estragon, getrocknet";"0119 402"
"Etherische Öle";"1312 240"
"Etiketten";"0561 902"
"Etuis aus Edelmetall oder Schmucksteinen, für die persönliche Ausstattung";"1329 136"
"Etuis aus Leder, Kunststoff oder anderem Material, für Brillen";"1329 119"
"Etuis aus Leder, Kunststoff oder anderem Material, für die persönliche Ausstattung (ohne Zigarettenetuis u.ä.)";"1329 119"
"Etuis aus Leder, Kunststoff oder anderem Material, für Raucher, z.B. Zigarettenetuis u.ä.";"1329 133"
"Etuis aus Leder, Kunststoff oder anderem Material, für Schlüssel";"1329 119"
"Etuis für Foto- und Filmgeräte";"0911 202"
"Etuis für Musikinstrumente";"0951 005"
"Europäische Flüge";"0733 200"
"Existenzgründungszuschüsse nach SGB III";"0031 580"
"Expeditionskreuzfahrten im Ausland";"0980 008"
"Experimentierkästen";"0921 205"
"Exportbier, Verzehr in Kantinen, Mensen, a.n.g.";"1112 900"
"Exportbier, Verzehr in Kantinen, Mensen  von Hochschulen";"1112 100"
"Exportbier, Verzehr in Restaurants, Cafés, Bars, mit umfassender Bedienungsleistung";"1111 144"
"Exportbier";"0213 001"
"Extensions, Hair";"1313 129"
"Eye-Liner";"1312 232"
"Fachbroschüren";"0971 906"
"Fachbücher";"0971 906"
"Fachgymnasien, Sekundarbereich II, allgemeinbildend, Dienstleistungen";"1020 020"
"Fachoberschulen, einjährig, postsekundarer, nicht-tertiärer Bildungsbereich, Dienstleistungen";"1030 000"
"Fachoberschulen (zweijährig), Sekundarbereich II, allgemeinbildend, Dienstleistungen";"1020 020"
"Fachzeitschriften, wissenschaftlich, Leihgebühr";"0962 002"
"Fahnen aus textilem Material, Festartikel (Gebrauchsgüter)";"0521 909"
"Fährenbenutzung, Binnenfährschiffe";"0734 002"
"Fährenbenutzung, Hochsee- und Küstenfährschiffe";"0734 001"
"Fahrgemeinschaft, Erstattung";"0095 000"
"Fahrgemeinschaften, Einnahmen";"0013 900"
"Fahrgemeinschaften";"0732 206"
"Fahrkarten, kombinierte Fahrausweise, zu gewöhnlichen Konditionen, außerhalb von Tarif- und Verkehrsgemeinschaften, Verkehrsverbünden";"0735 091"
"Fahrkarten, kombinierte Fahrausweise, zu gewöhnlichen Konditionen in Tarif- und Verkehrsgemeinschaften, Verkehrsverbünden";"0735 011"
"Fahrkarten, kombinierte Fahrausweise zu Sonderkonditionen in Tarif- und Verkehrsgemeinschaften, Verkehrsverbünden";"0735 019"
"Fahrkarten, Zeitfahrkarten, für Fahrten im internationalen Schienenfernverkehr";"0731 130"
"Fahrkarten, Zeitfahrkarten, für Fahrten im nationalen Schienenfernverkehr";"0731 122"
"Fahrkarten, Zeitfahrkarten, für Personen (ohne solche für Schüler, Studenten, Auszubildende), für den Schienennahverkehr der Hoch-, Schwebe-, Straßen- U-Bahnen";"0731 203"
"Fahrkarten, Zeitfahrkarten, für Personen (ohne solche für Schüler, Studenten, Auszubildende), für den Stadt- und Regionalverkehr der Eisenbahnunternehmen";"0731 113"
"Fahrkarten, Zeitfahrkarten, für Personen (ohne solche für Schüler, Studenten, Auszubildende), in Tarif- und Verkehrsgemeinschaften, Verkehrsverbünden";"0735 015"
"Fahrkarten, Zeitfahrkarten, für Personen (ohne solche für Schüler, Studenten, Auszubildende), mit Omnibussen, im internationalen Fernverkehr";"0732 103"
"Fahrkarten, Zeitfahrkarten, für Personen (ohne solche für Schüler, Studenten, Auszubildende), mit Omnibussen im Nahverkehr";"0732 101"
"Fahrkarten, Zeitfahrkarten, für Personen (ohne solche für Schüler, Studenten, Auszubildende), mit Omnibussen im nationalen Fernverkehr (ohne internationaler Fernverkehr)";"0732 102"
"Fahrkarten, Zeitfahrkarten, für Schüler, Studenten, Auszubildende, für den Schienennahverkehr der Hoch-, Schwebe-, Straßen-, U-Bahnen";"0731 202"
"Fahrkarten, Zeitfahrkarten, für Schüler, Studenten, Auszubildende, für den Stadt- und Regionalverkehr der Eisenbahnunternehmen";"0731 112"
"Fahrkarten, Zeitfahrkarten, für Schüler, Studenten, Auszubildende, in Tarif- und Verkehrsgemeinschaften, Verkehrsverbünden";"0735 013"
"Fahrkarten, Zeitfahrkarten, für Schüler, Studenten, Auszubildende, mit Omnibussen, im nationalen Fernverkehr (ohne internationaler Fernverkehr)";"0732 102"
"Fahrkarten, Zeitfahrkarten, für Schüler, Studenten, Auszubildende, mit Omnibussen im Nahverkehr";"0732 101"
"Fahrkarten, Zeitfahrkarten, für Schüler, Studenten, Auszubildende, mit Omnibussen im Nahverkehr";"0732 300"
"Fahrkarten, Zeitfahrkarten, für Schüler, Studenten, Auszubildende mit Omnibussen, im internationalen Fernverkehr";"0732 103"
"Fahrkarten, zu gewöhnlichen Konditionen, im internationalen Schienenfernverkehr";"0731 130"
"Fahrkarten, zu gewöhnlichen Konditionen, im nationalen Schienenfernverkehr";"0731 121"
"Fahrkarten, zu Sonderkonditionen, im internationalen Schienenfernverkehr";"0731 130"
"Fahrkarten, zu Sonderkonditionen, im nationalen Schienenfernverkehr";"0731 123"
"Fahrkarten, zu Sonderkonditionen für den Schienennahverkehr der Eisenbahnunternehmen";"0731 119"
"Fahrkarten für den Nahverkehr, mit Omnibussen, z.B. Ausflugsfahrten, Stadtrundfahrten";"0732 101"
"Fahrkarten zu gewöhnlichen Konditionen, für den Linienverkehr, mit Omnibussen im Nahverkehr (Orts-, Vororts- und Regionalverkehr), z.B. Tagesfahr-, Einzelfahrkarten";"0732 101"
"Fahrkarten zu gewöhnlichen Konditionen, für den Linienverkehr mit Omnibussen, im internationalen Fernverkehr, z.B. Tagesfahr-, Einzelfahrkarten";"0732 103"
"Fahrkarten zu gewöhnlichen Konditionen, für den Linienverkehr mit Omnibussen im Fernverkehr (ohne internationaler Fernverkehr), z.B. Tagesfahr-, Einzelfahrkarten (ohne internationaler Fernverkehr)";"0732 102"
"Fahrkarten zu gewöhnlichen Konditionen, für den Schienennahverkehr im Liniendienst der Hoch-, U-, Schwebe-, Straßenbahnen,  Peoplemover";"0731 201"
"Fahrkarten zu gewöhnlichen Konditionen, für den Stadt- und Regionalverkehr im Liniendienst der Eisenbahnunternehmen";"0731 111"
"Fahrkarten zu Sonderkonditionen, für den Schienennahverkehr der Hoch-, Schwebe-, Straßen- U-Bahnen";"0731 209"
"Fahrpläne";"0971 907"
"Fahrradabstellplätze, Miete";"0724 102"
"Fahrradanhänger";"0721 308"
"Fahrradanhänger für den Transport von Kleinkindern";"0721 308"
"Fahrradaufbewahrung";"0724 105"
"Fahrradbeleuchtungen";"0721 308"
"Fahrradbremsen";"0721 208"
"Fahrradcomputer";"0721 308"
"Fahrräder, E-bikes und Pedelecs";"0713 001"
"Fahrräder, Miete für";"0724 400"
"Fahrräder für Bahnrennen";"0713 004"
"Fahrräder für Querfeldeinrennen";"0713 004"
"Fahrräder für Straßenrennen";"0713 004"
"Fahrräder mit Stützrädern, Kindersportfahrzeuge";"0921 203"
"Fahrrädern mit Hilfsmotor, auch Reparaturen an Reifen und Schläuchen, Reparaturen an";"0723 028"
"Fahrradhelme";"0721 303"
"Fahrradhilfsmotoren";"0721 208"
"Fahrradklingeln";"0721 308"
"Fahrradkorb";"0721 308"
"Fahrradpflegemittel";"0721 307"
"Fahrradreparaturen";"0723 023"
"Fahrradsättel";"0721 208"
"Fahrradschlösser";"0721 308"
"Fahrradschlüssel";"0721 308"
"Fahrradschutzhelme";"0721 303"
"Fahrradsitze für Kinder";"0721 302"
"Fahrradständer, zum Anbau am Fahrrad";"0721 308"
"Fahrradstellplätze, Miete für";"0724 102"
"Fahrradtaschen";"0721 308"
"Fahrradtouren, Startgeld";"0946 300"
"Fahrradversicherung, Prämien";"1639 300"
"Fahrradzubehör (ohne Verbrauchsgüter)";"0721 308"
"Fahrscheine, zu Sonderkonditionen, im internationalen Schienenverkehr";"0731 130"
"Fahrscheine, zu Sonderkonditionen, im nationalen Schienenverkehr";"0731 123"
"Fahrscheine für Personenbeförderung im internationalen Schienenverkehr zu gewöhnlichen Konditionen";"0731 130"
"Fahrscheine für Personenbeförderung im nationalen Schienenverkehr zu gewöhnlichen Konditionen";"0731 121"
"Fahrschulunterricht";"0724 310"
"Fahrsicherheitstraining";"0724 310"
"Fahrstuhl, Entgelt für Benutzung";"0946 207"
"Fahrstuhlwartung in Mietwohnungen (ohne Freizeitwohnungen)";"0444 909"
"Fahrstunden, Dienstleistung für den Führerschein";"0724 310"
"Fahrtenmesser";"1329 139"
"Fahrten mit Autoreisezügen, zu gewöhnlichen Konditionen";"0731 121"
"Fahrten mit Autoreisezügen, zu gewöhnlichen Konditionen im internationalen Schienenfernverkehr";"0731 130"
"Fahrten mit Binnenfährschiffen";"0734 002"
"Fahrten mit Hochseefährschiffen";"0734 001"
"Fahrten mit Küstenfährschiffen";"0734 001"
"Fahrten mit Luftfahrzeugen,  Inlandsflüge";"0733 100"
"Fahrten mit Luftfahrzeugen, internationale Flüge";"0733 200"
"Fahrten mit Seilbahnen (ohne Personenbeförderung in Skigebieten oder Ferienzentren)";"0736 001"
"Fahrten mit Seilbahnen in Skigebieten oder Ferienzentren";"0946 205"
"Fahrten mit Standseilbahnen (ohne Personenbeförderung mit Seilbahnen in Skigebieten oder Ferienzentren)";"0736 001"
"Fahrten mit Standseilbahnen in Skigebieten oder Ferienzentren";"0946 205"
"Fahrten mit Zahnradbahnen (ohne Personenbeförderung in Skigebieten oder Ferienzentren)";"0736 001"
"Fahrten mit Zahnradbahnen in Skigebieten oder Ferienzentren";"0946 205"
"Fahrtkostenerstattung für geschäftliche und dienstliche Zwecke";"0095 000"
"Fahrtkosten für geschäftliche und dienstliche Zwecke";"1691 000"
"Fahrzeugmieten (ohne Fahrer/in)";"0724 400"
"Fahrzeugspiegel, Kraftfahrzeugzubehör";"0721 202"
"Fahrzeugstellplatzmieten (ohne Mieten für Garagen und Stellplätze, die zur Wohnung gehören)";"0724 102"
"Fahrzeugverleih, Entgelte (ohne Fahrer)";"0724 400"
"Fahrzeugvermietung, Entgelte (ohne Fahrer)";"0724 400"
"Fallschirme";"0922 119"
"Fallschirmspringausrüstungen";"0922 119"
"Fallschirmzubehör";"0922 119"
"Faltcaravans";"0912 101"
"Faltschachteln";"0561 902"
"Farbbänder für Schreibmaschinen";"0813 207"
"Färben (Friseurleistungen für Damen)";"1313 129"
"Farben für Schönheitsreparaturen, auf Kosten der Wohnungsinhaberinnen und Wohnungsinhaber";"0431 101"
"Färben von Bekleidung";"0314 110"
"Färben von Haushaltswäsche";"0562 901"
"Färben von Heimtextilien";"0562 901"
"Färben von Schuhen";"0322 000"
"Farben zum Färben von Bekleidung";"0561 119"
"Farbfernsehempfangsgeräte (auch kombiniert mit Videorecorder)";"0814 021"
"Farbfilmaufnahmen, Entgelte für Entwicklung";"0963 000"
"Farbfilme für Filmkameras, unbelichtet";"0911 205"
"Farbfilme für Fotoapparate, unbelichtet";"0911 205"
"Farbmischtöpfe";"0974 009"
"Farbmunition für Paintball";"0922 114"
"Farbroller";"0552 105"
"Farbspritzgeräte, elektrisch";"0551 002"
"Farbstifte";"0974 005"
"Farmersalat";"0117 929"
"Fasanen, erlegt, frisch oder gefroren (ohne Innereien)";"0112 250"
"Fasanen, lebend";"0932 103"
"Fasanenfleisch, Konserven";"0112 508"
"Faschingskostüme aus textilem Material, für Damen";"0921 207"
"Faschingskostüme aus textilem Material, für Herren";"0921 207"
"Faschingskostüme aus textilem Material, für Jungen";"0921 207"
"Faschingskostüme aus textilem Material, für Mädchen";"0921 207"
"Faschingsmasken, Festartikel für Freizeit und Unterhaltung";"0921 207"
"Faschingssitzungen, Eintrittsgelder";"0961 005"
"Faserschreiber";"0974 004"
"Fassbrause, mit Alkohol";"0219 010"
"Fassbrause, ohne Alkohol";"0126 002"
"Fassungen, elektrische Installationsgeräte";"0552 204"
"Fäustel, Handwerkzeuge";"0552 105"
"Fäustlinge für Damen, aus textilem Material";"0313 105"
"Fäustlinge für Herren, aus textilem Material";"0313 104"
"Fäustlinge für Kinder, aus textilem Material";"0313 106"
"Federbälle";"0922 113"
"Federballschläger";"0922 113"
"Federbetten";"0521 202"
"Federhalter";"0974 004"
"Federkernmatratzen";"0511 124"
"Federmäppchen, gefüllt";"1329 119"
"Federmäppchen, leer";"1329 119"
"Federringe";"0561 905"
"Federtaschen (ohne Verbrauchsgüter)";"0974 004"
"Federweißer, Verzehr in Kantinen, Mensen, a.n.g.";"1112 900"
"Federweißer, Verzehr in Kantinen, Mensen  von Hochschulen";"1112 100"
"Federweißer, Verzehr in Restaurants, Cafés, Bars, mit umfassender Bedienungsleistung";"1111 143"
"Federweißer, von roten Trauben (ohne Gaststätten- und Kantinenverzehr)";"0212 110"
"Federweißer, von weißen Trauben (ohne Gaststätten- und Kantinenverzehr)";"0212 120"
"Fehlbelegungsabgabe";"1612 600"
"Feigen, frisch oder gekühlt";"0116 109"
"Feigen, getrocknet";"0116 700"
"Feigenkaffee";"0122 003"
"Feilen, Handwerkzeuge";"0552 105"
"Feingebäck, frisch (ohne Tortenböden und Kantinen- und Gaststättenverzehr)";"0111 344"
"Feingebäck, gefroren";"0111 343"
"Feingebäck, Verzehr in Kantinen, Mensen, a.n.g.";"1112 900"
"Feingebäck, Verzehr in Kantinen, Mensen von Hochschulen, Schulen und Kindergärten";"1112 100"
"Feingebäck, Verzehr in Restaurants, Cafés, Bars, mit umfassender Bedienungsleistung";"1111 121"
"Feinkostsalate, auf Fleischbasis";"0112 505"
"Feinkostsalate, Verzehr in Kantinen, Mensen, a.n.g.";"1112 900"
"Feinkostsalate, Verzehr in Kantinen, Mensen von Hochschulen, Schulen und Kindergärten";"1112 100"
"Feinkostsalate, Verzehr in Restaurants, Cafés, Bars, mit umfassender Bedienungsleistung";"1111 117"
"Feinseifen";"1312 216"
"Feinstaubplaketten";"0724 328"
"Feinstaubschutzmasken aus  Papier, Vlies oder Gewebe für Vorbeugungs- und Schutzmaßnahmen";"0612 209"
"Feinstrümpfe für Damen";"0312 281"
"Feinstrumpfhosen für Damen";"0312 281"
"Feintäschnerwaren, Reparaturen an";"1329 200"
"Feinwaschmittel";"0561 111"
"Feldsalat, frisch oder gekühlt";"0117 102"
"Feldstecher";"0911 301"
"Felgenbäume für Sommer- oder Winterreifen";"0721 305"
"Felgen für Fahrräder";"0721 208"
"Felgen für Kraftfahrzeuge";"0721 202"
"Felgen für Krafträder";"0721 208"
"Felgenschlösser";"0721 202"
"Femidome";"0612 202"
"Fenchel, frisch oder gekühlt, Knollenfenchel";"0117 102"
"Fencheltee, Verzehr in Kantinen, Mensen, a.n.g.";"1112 900"
"Fencheltee, Verzehr in Kantinen, Mensen von Hochschulen, Schulen und Kindergärten";"1112 100"
"Fencheltee, Verzehr in Restaurants, Cafés, Bars, mit umfassender Bedienungsleistung";"1111 155"
"Fencheltee";"0123 003"
"Fensterabzieher";"0561 123"
"Fensterbeschläge";"0431 108"
"Fensterdichtungen für die Wohnungsinstandsetzung, auf Kosten der Eigentümerinnen und Eigentümer";"1675 100"
"Fensterdichtungen für die Wohnungsinstandsetzung, auf Kosten der Mieterinnen und der Mieter";"0431 108"
"Fenster für die Wohnungsinstandsetzung, auf Kosten der Eigentümerinnen und Eigentümer";"1675 100"
"Fenster für die Wohnungsinstandsetzung, auf Kosten der Mieterinnen und der Mieter";"0431 108"
"Fensterglas für die Wohnungsinstandsetzung, auf Kosten der Eigentümerinnen und Eigentümer";"1675 100"
"Fensterglas für die Wohnungsinstandsetzung, auf Kosten der Mieterinnen und der Mieter";"0431 108"
"Fensterleder für den Haushalt";"0561 122"
"Fensterputzen, Dienstleistungen";"0562 909"
"Fensterputzer, Dienstleistung";"0562 909"
"Fensterputzmittel";"0561 115"
"Fensterscheiben für die Wohnungsinstandsetzung, auf Kosten der Eigentümerinnen und Eigentümer";"1675 100"
"Fensterscheiben für die Wohnungsinstandsetzung, auf Kosten der Mieterinnen und der Mieter";"0431 108"
"Fensterstopper";"0431 108"
"Fensterstores aus textilem Material, konfektioniert";"0521 101"
"Fensterverglasungen auf Kosten der Mieterinnen und der Mieter";"0432 009"
"Feriendorfübernachtungen mit Halb- oder Vollpension";"1120 202"
"Ferienfreizeiten";"1330 900"
"Ferienhäusermieten (ohne Pauschalreisen und Dauermieten)";"1120 202"
"Ferienheimübernachtungen, mit oder ohne Verpflegung";"1120 204"
"Ferienpass";"0946 207"
"Ferienspiele";"0946 207"
"Ferienwohnungsmieten (ohne Pauschalreisen und Dauermieten)";"1120 102"
"Ferienzentrenübernachtungen, mit oder ohne Verpflegung";"1120 202"
"Ferkel, lebend";"0932 102"
"Fernbedienungsgeräte für Phonogeräte";"0814 017"
"Fernbedienungsgeräte für Rundfunkempfangsgeräte";"0814 017"
"Ferngläser";"0911 301"
"Ferngläsern, Reparaturen an";"0941 000"
"Fernheizung, Ausgaben der Wohnungsinhaberinnen und Wohnungsinhaber";"0455 002"
"Fernheizung, Wasser (zum Bruttoeinkommen aus unselbständiger Arbeit gehörende Sachleistungen)";"0012 105"
"Fernrohre";"0911 301"
"Fernrohren, Reparaturen an";"0941 000"
"Fernsehempfangsantennen";"0814 025"
"Fernsehempfangsantennenanlagen";"0814 025"
"Fernsehempfangsgeräte, Miete für";"0835 005"
"Fernsehempfangsgeräten, Reparaturen an";"0835 001"
"Fernseher";"0814 021"
"Fernsehgebühren (ohne Kabelgebühren)";"0839 100"
"Fernsehsessel, Polstermöbel";"0511 112"
"Fernsehzeitschriften";"0972 205"
"Fernsprechanschlussgebühren im Festnetz";"0831 001"
"Fernsprechgebühren für Gespräche im Mobilfunknetz";"0832"
"Fernsprechgrundgebühren für Anschlüsse im Festnetz";"0831 001"
"Fernsteuerungen für Modelle";"0921 205"
"Fernwärme, Ausgaben der Wohnungsinhaberinnen und Wohnungsinhaber";"0455 002"
"Fertiggerichte, verzehrfertig, von Lieferservices";"1111 207"
"Fertiggerichte, verzehrfertig, zum Mitnehmen, Straßenverkauf, mit Getränken";"1111 204"
"Fertiggerichte, verzehrfertig, zum Mitnehmen, Straßenverkauf, ohne Getränke";"1111 205"
"Fertiggerichte, verzehrfertig, zum sofortigen Verbrauch an Imbissständen, mit Getränken";"1111 204"
"Fertiggerichte, verzehrfertig, zum sofortigen Verbrauch an Imbissständen, ohne Getränke";"1111 205"
"Fertiggerichte, Verzehr in Kantinen, Mensen, a.n.g.";"1112 900"
"Fertiggerichte, Verzehr in Kantinen, Mensen von Hochschulen, Schulen und Kindergärten";"1112 100"
"Fertighauskataloge";"0973 004"
"Fertigpudding auf Milchbasis";"0114 704"
"Fertigpudding auf Wasserbasis";"0114 704"
"Fertigsuppen, Konservenfertiggerichte";"0119 132"
"Festartikel, Gebrauchsgüter, z.B. Scherzartikel, Perücken, Masken, Faschingskostüme u.a. Verkleidungen";"0921 207"
"Festartikel, Gebrauchsgüter, z.B. Weihnachtsbaumbeleuchtung; Festtagsschmuck für Weihnachten, Ostern, Chanukka, Eid, Diwali u.ä.;  Vereinsabzeichen, Feuerwerksartikel, Papiergirlanden, -fähnchen, -laternen";"0921 303"
"Festartikel, Textilfahnen (Gebrauchsgüter)";"0521 909"
"Feste Brennstoffe (zum Bruttoeinkommen aus unselbständiger Arbeit gehörende Sachleistungen)";"0012 102"
"Festgeldkonten, Abhebungen, von privaten Festgeldkonten";"0071 200"
"Festgeldkonten, Einzahlungen auf private Festgeldkonten";"1682 000"
"Festnetztelefone";"0811 001"
"Festplatte, interne";"0819 201"
"Festplatten, extern";"0815 005"
"Festplattenorganisationsprogramme, Systemsoftware, für PC";"0820 000"
"Festplattenrecorder";"0814 022"
"Festzeltgarnituren,  Miete von, für Gartenpartys";"0512 000"
"Feta";"0114 503"
"Fette, tierischen Ursprungs, für Speisezwecke (ohne Butter, Milchhalbfett, Butterschmalz)";"0115 900"
"Fettglasurmasse";"0118 509"
"Feuchtigkeitsmesser zur Holzfeuchtebestimmung";"0551 002"
"Feuchttücher";"1312 229"
"Feueranzünder, Verbrauchsgüter";"0561 909"
"Feuerbestattungsgebühren";"1390 905"
"Feuerbestattungsversicherung, Prämien";"1687 300"
"Feuerhaken";"0552 208"
"Feuerkörbe für Terrassen, Gärten";"0552 208"
"Feuerlöschgeräte ohne Autofeuerlöscher";"0431 200"
"Feuerschalen für Terrassen, Gärten";"0552 208"
"Feuersteine für Feuerzeuge";"1329 133"
"Feuerversicherungen, Prämienerstattungen und Versicherungsleistungen";"0033 230"
"Feuerversicherungen im Zusammenhang mit der Wohnung (ohne Gebäudeversicherungsdienstleistungen; ohne Versicherungsbeiträge), Versicherungsdienstleistungsentgelt";"1213 000"
"Feuerwerksartikel, Verbrauchsgüter";"0921 303"
"Feuerzeugbenzin";"1329 133"
"Feuerzeuge, aus Edelmetall oder Schmucksteinen";"1329 136"
"Feuerzeuge, aus unedlem Metall (ohne Einwegfeuerzeuge)";"1329 133"
"Feuerzeuge, Einwegfeuerzeuge";"1329 133"
"Feuerzeuggas";"1329 133"
"FFPx Schutzmasken aus Kunststoff, Papier, Vlies oder Gewebe";"0612 209"
"Fichtennadelessenzen, Badezusatzmittel";"1312 217"
"Fichtennadelextrakte, Badezusatzmittel";"1312 217"
"Ficus, Topfpflanzen (einschl. Hydrokulturen)";"0931 212"
"Fieberthermometer";"0612 102"
"Figuren, Plastiken, Originale";"0511 407"
"Figuren für den Garten";"0511 407"
"Filmaufnahmegeräte (ohne Videogeräte)";"0911 202"
"Filmbestellungen Pay-TV (zusätzliche Filme)";"0839 202"
"Filmbetrachter";"0911 108"
"Filme, unbelichtet, für Filmkameras (auch mit Tonspur)";"0911 205"
"Filme, unbelichtet, für Fotoapparate";"0911 205"
"Filmentwicklung, Dienstleistungen";"0963 000"
"Filmentwicklungsgeräte, Fotolaborgeräte";"0911 108"
"Filmgeräten (ohne Reparaturen an Videogeräten), Reparaturen an";"0941 000"
"Filmkameras, Reparaturen an";"0941 000"
"Filmkopien, DVDs";"0952 002"
"Filmleuchten";"0911 202"
"Filmprojektoren";"0911 108"
"Filmschneidegeräte, Fotolaborgeräte";"0911 108"
"Filmtheaterbesuche, Eintrittsgelder";"0961 001"
"Filmvorführgeräte (ohne Videogeräte)";"0911 108"
"Filmzeitschriften, Publikumszeitschriften";"0972 206"
"Filter, Kaffeefilter";"0532 209"
"Filter für Aquarien";"0932 202"
"Filter für Foto- und Filmgeräte";"0911 202"
"Filter für Luftentfeuchter";"0561 909"
"Filterkartuschen für Wasserfilter";"0561 909"
"Filterpapier";"0561 902"
"Filtertüten, Kaffee- und Teefilter";"0561 902"
"Filtrierpapierwaren";"0561 902"
"Filzgleiter";"0561 909"
"Filzhüte für Damen";"0313 102"
"Filzhüte für Herren";"0313 102"
"Filzhüte für Kinder";"0313 103"
"Filzschreiber";"0974 004"
"Filzstifte";"0974 004"
"Finanzanalysen Kfz-Versicherung";"1229 900"
"Finanzierungsvermittlungen, Entgelte für Dienstleistungen,";"1229 900"
"Finanzprogramme, Anwendungssoftware, für PC";"0820 000"
"Finderlohn, Ausgaben, nicht an andere private Haushalte";"1649 002"
"Finderlohn, Ausgaben an andere private Haushalte";"1643 200"
"Finderlohn, Einnahmen, nicht von anderen privaten Haushalten";"0033 410"
"Finderlohn, Einnahmen von anderen privaten Haushalten";"0033 420"
"Fingerfarben, Unterrichts- und Künstlerfarben";"0974 008"
"Fingerhüte";"0561 909"
"Firnisse für Schönheitsreparaturen, auf Kosten der Wohnungsinhaberinnen und Wohnungsinhaber";"0431 103"
"Fischbestecke";"0540 201"
"Fischblase";"0113 700"
"Fischbrötchen, Verzehr im Straßenverkauf, mit Getränken";"1111 204"
"Fischbrötchen, Verzehr im Straßenverkauf, ohne Getränke";"1111 205"
"Fische, frisch (auch lebend), gekühlt";"0113 101"
"Fische, gefroren";"0113 102"
"Fische, geräuchert";"0113 200"
"Fische, gesalzen";"0113 200"
"Fische, getrocknet";"0113 200"
"Fische, lebend, Zierfische";"0932 103"
"Fischeiweiß";"0113 304"
"Fischereiberechtigungsscheine";"0946 207"
"Fischereischeine";"1390 902"
"Fischereisteuer";"1612 800"
"Fischerzeugnisse, paniert (auch vorgebraten)";"0113 303"
"Fischfilets, frisch oder gekühlt, nicht paniert";"0113 101"
"Fischfilets, gefroren, nicht paniert";"0113 102"
"Fischfilets, gefroren, paniert (auch vorgebraten)";"0113 303"
"Fischfilets, geräuchert";"0113 200"
"Fischfinder für die Sportfischerei";"0922 115"
"Fischfrikadellen, paniert (auch vorgebraten)";"0113 303"
"Fischfutter für Zierfische";"0932 201"
"Fischgerichte, Verzehr in Kantinen, Mensen, a.n.g.";"1112 900"
"Fischgerichte, Verzehr in Kantinen, Mensen von Hochschulen, Schulen und Kindergärten";"1112 100"
"Fischgerichte, Verzehr in Restaurants, Cafés, Bars, mit umfassender Bedienungsleistung";"1111 114"
"Fischkonserven, Marinaden";"0113 302"
"Fischkonserven (ohne Marinaden)";"0113 301"
"Fischlebern";"0113 700"
"Fischleberöl für Speisezwecke";"0115 900"
"Fischmarinaden";"0113 302"
"Fischmehl, Futtermittel für Nutztiere";"0932 201"
"Fischmehl";"0113 700"
"Fischöl für Speisezwecke";"0115 900"
"Fischpasteten";"0119 125"
"Fischrogen";"0113 700"
"Fischsalat, Verzehr in Kantinen, Mensen, a.n.g.";"1112 900"
"Fischsalat, Verzehr in Kantinen, Mensen von Hochschulen, Schulen und Kindergärten";"1112 100"
"Fischsalat, Verzehr in Restaurants, Cafés, Bars, mit umfassender Bedienungsleistung";"1111 114"
"Fischsalat";"0113 304"
"Fischstäbchen, paniert (auch vorgebraten)";"0113 303"
"Fischsuppen, gefroren";"0119 133"
"Fischsuppen, Konservenfertiggerichte, Verzehr in Kantinen, Mensen, a.n.g.";"1112 900"
"Fischsuppen, Konservenfertiggerichte, Verzehr in Kantinen, Mensen von Hochschulen, Schulen und Kindergärten";"1112 100"
"Fischsuppen, Konservenfertiggerichte, Verzehr in Restaurants, Cafés, Bars, mit umfassender Bedienungsleistung";"1111 112"
"Fischsuppen, Konservenfertiggerichte";"0119 132"
"Fitnessgeräte";"0922 124"
"Fitnessgetränke , Energy-Drinks";"0129 001"
"Fitnessshakes aus Milcheiweißpulver";"0114 900"
"Fitness-Studiogebühren";"0946 202"
"Fitnesstracker";"0819 100"
"Fixiersalz, Fotochemikalien";"0911 207"
"Flachzangen";"0552 105"
"Fladenbrot, mexikanisch, Tortillas";"0111 319"
"Fladenbrot, türkisch";"0111 311"
"Flaschenausgießer";"0540 203"
"Flaschen aus Glas";"0540 105"
"Flaschen aus Kunststoff";"0540 322"
"Flaschenkorken";"0561 909"
"Flaschenkühler, aus Stahl, Kunststoff";"0540 329"
"Flaschenkühler aus Glas, Keramik, Porzellan";"0540 105"
"Flaschenkühler  aus Metall oder Kunststoff";"0540 329"
"Flaschenmilch, entrahmte Milch (Magermilch)";"0114 200"
"Flaschenmilch, Roh- und Vollmilch";"0114 100"
"Flaschenöffner";"0540 203"
"Flaschenpfandeinlösung";"0091 000"
"Flaschenreiniger";"0561 121"
"Flaschenstöpsel, Verbrauchsgüter";"0561 909"
"Flaschentaschen aus anderem Material";"1329 119"
"Flaschentaschen aus textilem Material";"0521 909"
"Flaschenträger aus Kunststoff";"0540 329"
"Flatrates für Telefon und Internet usw.";"0834 000"
"Flatterband";"0561 909"
"Flechtartikel für Bekleidung, Haushaltswäsche und Heimtextilien";"0313 209"
"Flechtmatten";"0521 901"
"Fleckenentfernungsmittel";"0561 111"
"Fleckensalz";"0561 111"
"Fleckenseife";"0561 111"
"Fledermausdetektor";"0819 100"
"Fleisch, gebraten oder gekocht";"0112 507"
"Fleisch, gefroren, tafelfertig zubereitet";"0112 506"
"Fleisch, getrocknet";"0112 310"
"Fleisch, von Meeressäugetieren, frisch oder gefroren (ohne Innereien)";"0112 250"
"Fleischabfälle, genießbar, frisch, gekühlt oder gefroren";"0112 509"
"Fleischabfälle, Hundefutter";"0932 201"
"Fleischbrühe";"0119 906"
"Fleischextrakte";"0112 509"
"Fleischgerichte, Verzehr in Kantinen, Mensen, a.n.g.";"1112 900"
"Fleischgerichte, Verzehr in Kantinen, Mensen von Hochschulen, Schulen und Kindergärten";"1112 100"
"Fleischgerichte, warm, verzehrfertig, von Lieferservices";"1111 207"
"Fleischgerichte, warm, verzehrfertig, zum Mitnehmen, Straßenverkauf, mit Getränken";"1111 204"
"Fleischgerichte, warm, verzehrfertig, zum Mitnehmen, Straßenverkauf, ohne Getränke";"1111 205"
"Fleischgerichte, warm, verzehrfertig, zum sofortigen Verbrauch an Imbissständen, mit Getränken";"1111 204"
"Fleischgerichte, warm, verzehrfertig, zum sofortigen Verbrauch an Imbissständen, ohne Getränke";"1111 205"
"Fleischkäse (ohne Konserven)";"0112 502"
"Fleischkonserven";"0112 508"
"Fleischmesser, nichtelektrisch, Küchenmesser";"0540 202"
"Fleischpasteten";"0119 125"
"Fleischplatten aus Edelmetall";"0540 328"
"Fleischplatten aus Holz";"0540 328"
"Fleischplatten aus Kunststoff";"0540 328"
"Fleischplatten aus Porzellan";"0540 105"
"Fleischplatten aus Steingut u.a. feinkeramischen Stoffen";"0540 105"
"Fleischplatten aus unedlem Metall";"0540 328"
"Fleischsalat, Verzehr in Kantinen, Mensen, a.n.g.";"1112 900"
"Fleischsalat, Verzehr in Kantinen, Mensen von Hochschulen, Schulen und Kindergärten";"1112 100"
"Fleischsalat, Verzehr in Restaurants, Cafés, Bars, mit umfassender Bedienungsleistung";"1111 117"
"Fleischsalat";"0112 505"
"Fleischschneidemaschinen, nichtelektrisch";"0532 102"
"Fleischsuppen, Konservenfertiggerichte";"0119 132"
"Fleischsuppen, Verzehr in Kantinen, Mensen, a.n.g.";"1112 900"
"Fleischsuppen, Verzehr in Kantinen, Mensen von Hochschulen, Schulen und Kindergärten";"1112 100"
"Fleischsuppen, Verzehr in Restaurants, Cafés, Bars, mit umfassender Bedienungsleistung";"1111 112"
"Fleischtöpfe aus Metall (ohne Dampfdrucktöpfe)";"0540 312"
"Fleischwölfe, elektrisch";"0532 102"
"Fleischwölfe, nichtelektrisch";"0532 102"
"Fleischwurst, Brühwurst (ohne Konserven)";"0112 502"
"Fleurop-Liefergebühren";"0749 200"
"Flicken für Bekleidung, Haushaltswäsche und Heimtextilien";"0313 209"
"Flickzeug für Fahrradreifen";"0721 208"
"Fliederbeersaft";"0121 003"
"Fliegenfänger";"0561 909"
"Fliegengitter";"0540 329"
"Fliegennetze, mit Insektiziden behandelt";"0612 209"
"Fliegenschutz für Pferde";"0922 116"
"Fliesen aus keramischen Stoffen, für die Wohnungsinstandsetzung, auf Kosten der Eigentümerinnen und Eigentümer";"1675 100"
"Fliesen aus textilem Material, Bodenbeläge, in Bahnen oder Fliesen";"0431 105"
"Fliesenschneider (motorbetrieben)";"0551 002"
"Fliesenschneider (nicht motorbetrieben)";"0552 105"
"Flinten";"0922 114"
"Flipper, Benutzungsentgelte für";"0946 101"
"Flipper, Entgelte für Benutzung";"0946 101"
"Flipper u.ä. Spielautomaten";"0912 905"
"Flocken aus Getreide, für Speisezwecke (ohne Haferflocken)";"0111 403"
"Flohmarkt, Standgebühr";"1390 909"
"Flomen für Speisezwecke";"0115 900"
"Florentiner, frisch";"0111 344"
"Floretts";"0922 119"
"Flossen";"0113 700"
"Flöten";"0951 004"
"Flüchtlingskinder, Pflegegeld für Pflegeltern";"0031 639"
"Flugbenzin";"0722 308"
"Flugdrachen";"0912 200"
"Flügel, nichtelektronische Musikinstrumente";"0951 002"
"Flughafengebühren, Inlandsflüge";"0733 100"
"Flughafengebühren, internationale Flüge";"0733 200"
"Flugreisen, Inland";"0733 100"
"Flugreisen, internationale Flüge";"0733 200"
"Flugsportgeräte (ohne Fallschirme)";"0912 200"
"Flugsportgeräten, Reparaturen an";"0942 208"
"Flugsportgeräten, Unterbringung von";"0942 206"
"Flugstunden";"0946 209"
"Flugtickets, ermäßigt, für Personal von Fluggesellschaften";"0012 270"
"Flugunterricht";"0946 209"
"Flugzeuge, Modellbausätze";"0921 205"
"Flugzeuge, Sportflugzeuge";"0912 200"
"Flugzeugmodelle, Bausätze";"0921 205"
"Flundern, frisch (auch lebend), gekühlt";"0113 101"
"Flundern, gefroren";"0113 102"
"Flurleuchten, elektrisch, Wohnraumleuchten, Deckenleuchten";"0511 301"
"Flussfische, frisch (auch lebend), gekühlt";"0113 101"
"Flussfische, gefroren";"0113 102"
"Flüssigdünger";"0931 101"
"Flüssiggas, Ausgaben der Wohnungsinhaberinnen und Wohnungsinhaber (ohne Gas für Kraftfahrzeuge)";"0452 200"
"Flüssiggastank, Grundgebühr, Miete für";"0452 101"
"Flusskreuzfahrten im Inland";"0980 003"
"Flusskreuzfahrten mit Unterhaltungs- und Freizeitprogramm im Ausland";"0980 008"
"Flüsterreifen für Rutschautos";"0921 203"
"Folien aus Kunststoff und Aluminium, Brat-, Frischhaltefolien u.ä.";"0561 902"
"Folien zum Abdecken von Möbeln u.Ä.";"0540 329"
"Fönapparate, elektrisch";"1311 102"
"Fondanterzeugnisse";"0118 909"
"Fondantmasse";"0118 909"
"Fördermittel, Zulagen für Eigenheime, Einnahmen";"0031 628"
"Fördermittel in Form von Zulagen und Zuschüssen";"0031 628"
"Forellen, frisch (auch lebend), gekühlt";"0113 101"
"Forellen, gefroren";"0113 102"
"Forellenfilets, frisch oder gekühlt, nicht paniert";"0113 101"
"Forellenfilets, gefroren, nicht paniert";"0113 102"
"Forellenfilets, geräuchert";"0113 200"
"Forellenfilets, geräuchert";"0113 500"
"Forschung, Mitgliedsbeiträge an Organisationen";"1641 200"
"Forschung, Spenden und unregelmäßige Beiträge an Organisationen";"1642 200"
"Fotoalben";"0911 207"
"Fotoaufnahmen, Entgelte für Herstellung, Entwicklung u.ä.";"0963 000"
"Fotobücher, digital";"0963 000"
"Fotobücher";"0963 000"
"Fotochemikalien";"0911 207"
"Fotoecken";"0911 207"
"Fotogeräten, Reparaturen an";"0941 000"
"Fotografien, Entgelte für Herstellung, Entwicklung u.ä.";"0963 000"
"Fotografische Filme und Platten, für Fotoapparate, unbelichtet";"0911 205"
"Fotokopien, Entgelte für Anfertigung";"1390 906"
"Fotokopiergeräte";"0813 204"
"Fotokopiergeräten, Reparaturen an";"0835 001"
"Fotolaborgeräte";"0911 108"
"Fotopapier";"0911 207"
"Fotopausen, Entgelte für Anfertigung";"0963 000"
"Fotorahmen";"0911 207"
"Fotozeitschriften, Publikumszeitschriften";"0972 203"
"Frankfurter Würstchen (ohne Konserven)";"0112 502"
"Franzbranntwein";"0611 220"
"Französische Betten";"0511 121"
"Französischkurse, nicht zum Erwerb von Berufsabschlüssen";"1050 900"
"Frauenverbände, laufende Beiträge";"1641 900"
"Frauenverbände, Mitgliedsbeiträge";"1641 900"
"Frauenverbände, Spenden und unregelmäßige Beiträge";"1642 900"
"Freibäder, Eintrittsgelder (ohne Thermalbäder)";"0946 201"
"Freiberuflereinnahmen aus Versorgungskassen, einmalige und unregelmäßige Einnahmen";"0077 200"
"Freie Getränke aus einem Arbeits- oder Dienstverhältnis, brutto";"0012 220"
"Freie Nahrungsmittel aus einem Arbeits- oder Dienstverhältnis, brutto";"0012 210"
"Freier Verzehr von Speisen und Getränken aus einem Arbeits- oder Dienstverhältnis, nicht außer Haus, brutto";"0012 210"
"Freies Wohnen, Unterstützungen von anderen privaten Haushalten";"0033 440"
"Freie Waldorfschulen (Jahrgangsstufen 11 bis 13), Sekundarbereich II, allgemeinbildend, Dienstleistungen";"1020 020"
"Freie Waldorfschulen (Klassenstufen 5 bis 10), Sekundarbereich I, Dienstleistungen";"1020 010"
"Freie Werkswohnungen (Mieter) aus einem Arbeits- oder Dienstverhältnis, brutto";"0012 101"
"Freie Werkswohnungen (Untermieter) aus einem Arbeits- oder Dienstverhältnis, brutto";"0012 101"
"Freiheitsentzug durch den SED-Staat, Entschädigung nach dem STRREHAG";"0031 639"
"Freikarten für Bahnbedienstete";"0012 270"
"Freilandstauden, Zierpflanzen (ohne Samen und Vermehrungsgut)";"0931 226"
"Freisprecheinrichtungen (Headsets)";"0811 009"
"Frei Waldorfschulen (Klassenstufen 1 bis 4), Dienstleistungen";"1010 200"
"Freiwillige Beiträge und oder Zusatzbeiträge, zur Zusatzversorgung für Angehörige des öffentlichen Dienstes";"1631 100"
"Freiwillige Beiträge zur Altershilfe für Landwirte";"1622 800"
"Freiwillige Beiträge zur Arbeitslosenversicherung";"1621 600"
"Freiwillige Beiträge zur gesetzlichen Krankenversicherung";"1622 500"
"Freiwillige Beiträge zur Rentenversicherung";"1622 800"
"Freizeithemden für Herren";"0312 131"
"Freizeithemden für Jungen";"0312 185"
"Freizeitparks, Eintrittsgelder";"0946 101"
"Fremde Änderungen an Damenoberbekleidung, beim Kauf";"0314 200"
"Fremde Änderungen an Damenwäsche, beim Kauf";"0314 200"
"Fremde Änderungen an Herrenoberbekleidung, beim Kauf";"0314 200"
"Fremde Änderungen an Herrenwäsche, beim Kauf";"0314 200"
"Fremde Änderungen an Jungenoberbekleidung, beim Kauf";"0314 200"
"Fremde Änderungen an Kinderwäsche, beim Kauf";"0314 200"
"Fremde Änderungen an Mädchenoberbekleidung, beim Kauf";"0314 200"
"Fremde Änderungen an Sportbekleidung, beim Kauf";"0314 200"
"Fremde Anfertigungen von Wäsche und anderer Unterbekleidung (ohne Material)";"0314 200"
"Fremde Installationen von Campinggeräten";"0944 000"
"Fremde Installationen von Fernsehempfangsgeräten (einschl. Antennenanlagen)";"0839 901"
"Fremde Installationen von Haushaltsgroßgeräten, falls separat berechnet";"0533 003"
"Fremde Installationen von Informationsverarbeitungsgeräten und -programmen";"0839 903"
"Fremde Installationen von Phonogeräten";"0839 901"
"Fremde Installationen von Sportgeräten";"0944 000"
"Fremde Installationen von Videogeräten (einschl. Antennenanlagen)";"0839 901"
"Fremdenführer, Dienstleistungen";"0946 104"
"Fremde Reparatur, Miete und Leasing von Handwerkzeugen (ohne Gartengeräte)";"0553 022"
"Fremde Reparatur, Miete und Leasing von Kleingeräten und Zubehör, für das Haus";"0553 022"
"Fremde Reparatur, Miete und Leasing von Werkzeugen, für das Haus";"0553 022"
"Fremde Reparaturen, Miete und Leasing von nicht motorbetriebenen Gartengeräten";"0553 021"
"Fremde Reparaturen, Miete und Leasing von nicht motorbetriebenen Handwerkzeugen, für den Garten";"0553 021"
"Fremde Reparaturen, Miete und Leasing von nicht motorbetriebenen Kleingeräten und Zubehör, für den Garten";"0553 021"
"Fremde Reparaturen, Miete und Leasing von nicht motorbetriebenen Werkzeugen, für den Garten";"0553 021"
"Fremde Reparaturen an Campinganhängern";"0942 100"
"Fremde Reparaturen an Campingartikeln";"0944 000"
"Fremde Reparaturen an Damenoberbekleidung";"0314 200"
"Fremde Reparaturen an Damenwäsche";"0314 200"
"Fremde Reparaturen an elektrischen Geschirrspülmaschinen";"0533 001"
"Fremde Reparaturen an elektrischen Körperpflegegeräten";"1311 200"
"Fremde Reparaturen an elektrischen Kühl- und Gefriergeräten";"0533 001"
"Fremde Reparaturen an elektrischen Leuchten";"0512 000"
"Fremde Reparaturen an Elektrowerkzeugen, für den Garten";"0553 011"
"Fremde Reparaturen an Elektrowerkzeugen (nicht für den Garten)";"0553 012"
"Fremde Reparaturen an Flugsportgeräten";"0942 208"
"Fremde Reparaturen an Foto- und Filmausrüstungen (einschl. Zubehör)";"0941 000"
"Fremde Reparaturen an Geräten für den Empfang, die Aufnahme und Wiedergabe von Ton und Bild (einschl. Zubehör)";"0835 001"
"Fremde Reparaturen an größeren Spiel- und Sportgeräten, a.n.g.";"0942 208"
"Fremde Reparaturen an Gütern für die persönliche Ausstattung, a.n.g.";"1329 200"
"Fremde Reparaturen an Gütern für die persönliche Ausstattung (Reiseartikeln u.a. Täschnerwaren sowie Ausstattungen für Babys)";"1329 200"
"Fremde Reparaturen an Haushaltswäsche";"0522 000"
"Fremde Reparaturen an Heimtextilien";"0522 000"
"Fremde Reparaturen an Heizgeräten";"0533 001"
"Fremde Reparaturen an Herrenoberbekleidung";"0314 200"
"Fremde Reparaturen an Herrenwäsche";"0314 200"
"Fremde Reparaturen an Hüten";"0314 200"
"Fremde Reparaturen an Informationsverarbeitungsgeräten und Zubehör";"0835 001"
"Fremde Reparaturen an Jungenoberbekleidung";"0314 200"
"Fremde Reparaturen an Kinderwäsche";"0314 200"
"Fremde Reparaturen an Kochgeräten";"0533 001"
"Fremde Reparaturen an Kopfbedeckungen";"0314 200"
"Fremde Reparaturen an Mädchenoberbekleidung";"0314 200"
"Fremde Reparaturen an Möbeln";"0512 000"
"Fremde Reparaturen an Mobilheimen";"0942 100"
"Fremde Reparaturen an motorbetriebenen Gartengeräten";"0553 011"
"Fremde Reparaturen an motorbetriebenen Werkzeugen und -geräten (nicht für den Garten)";"0553 012"
"Fremde Reparaturen an Musikinstrumenten";"0942 208"
"Fremde Reparaturen an nichtelektrischen Gebrauchsgütern, für die  Körperpflege";"1329 200"
"Fremde Reparaturen an optischen Geräten";"0941 000"
"Fremde Reparaturen an Schmuck";"1321 201"
"Fremde Reparaturen an Sportartikeln";"0944 000"
"Fremde Reparaturen an Sportbekleidung";"0314 200"
"Fremde Reparaturen an Uhren";"1321 202"
"Fremde Reparaturen an Waschmaschinen";"0533 001"
"Fremde Reparaturen an Wassersportgeräten";"0942 208"
"Fremde Reparaturen an Wohnanhängern";"0942 100"
"Fremde Reparaturen an Wohnmobilen";"0942 100"
"Fremde Wartung an Campinganhängern";"0942 100"
"Fremde Wartung an Flugsportgeräten";"0942 208"
"Fremde Wartung an größeren Spiel- und Sportgeräten, a.n.g.";"0942 208"
"Fremde Wartung an Mobilheimen";"0942 100"
"Fremde Wartung an Musikinstrumenten";"0942 208"
"Fremde Wartung an Wassersportgeräten";"0942 208"
"Fremde Wartung an Wohnanhängern";"0942 100"
"Fremde Wartung an Wohnmobilen";"0942 100"
"Friedhofsgärtnereiarbeiten";"0931 228"
"Friedwaldbestattungskosten";"1390 905"
"Frikadellen, gebraten,";"0112 507"
"Frikadellen, Verzehr in Kantinen, Mensen, a.n.g.";"1112 900"
"Frikadellen, Verzehr in Kantinen, Mensen von Hochschulen, Schulen und Kindergärten";"1112 100"
"Frikadellen aus Fisch, Verzehr in Restaurants, Cafés, Bars, mit umfassender Bedienungsleistung";"1111 114"
"Frischhaltebehälter aus feinkeramischen Stoffen";"0540 105"
"Frischhaltebehälter aus Glas";"0540 105"
"Frischhaltebehälter aus Kunststoff (ohne Verbrauchsgüter)";"0540 322"
"Frischhaltebehälter aus Metall";"0540 322"
"Frischhaltebehälter aus Papier, Pappe, Kunststoff- oder Alufolien";"0561 902"
"Frischhaltefolien, Kunststoff- und Alufolien";"0561 902"
"Frischkäse";"0114 506"
"Frischkäsezubereitungen (ohne Quarksüßspeisen)";"0114 506"
"Frischmilch, entrahmte Milch (Magermilch)";"0114 200"
"Frischmilch, Roh- und Vollmilch";"0114 100"
"Frischwurstaufschnitt";"0112 502"
"Friseurleistungen für Damen, a.n.g.";"1313 129"
"Friseurleistungen für Damen, Dauerwellen";"1313 129"
"Friseurleistungen für Damen, Färben, Tönen, Blondieren und Strähnen";"1313 129"
"Friseurleistungen für Damen, Schneiden (einschl. Waschen und Föhnen)";"1313 121"
"Friseurleistungen für Herren  (auch Bartschneiden)";"1313 111"
"Friseurleistungen für Kinder";"1313 112"
"Frisierartikel, Verbrauchsgüter";"1312 212"
"Frisiereisen, mechanisch";"1312 102"
"Frisierkämme";"1312 102"
"Frisierkommoden, Schlafzimmermöbel";"0511 129"
"Frisierstäbe, elektrisch";"1311 102"
"Frisiertische, Schlafzimmermöbel";"0511 129"
"Frisurklammern";"1312 102"
"Frisurnadeln";"1312 102"
"Frisurspangen";"1312 102"
"Frösche, frisch, gefroren (ohne Konserven)";"0113 402"
"Frösche, frisch, gekühlt (ohne Konserven)";"0113 401"
"Froschschenkel, frisch, gekühlt  (ohne Konserven)";"0113 401"
"Froschschenkel, gefroren (ohne Konserven)";"0113 402"
"Frostschutzmittel für Kraftfahrzeuge";"0722 402"
"Frottiergewebe für Haushaltswäsche, Meterware";"0521 909"
"Frottiertücher, Bade- und Handtücher";"0521 302"
"Fruchtbonbons (ohne Gummibonbons)";"0118 903"
"Früchte, gefroren";"0116 600"
"Früchte, getrocknet, Obst";"0116 700"
"Früchte, kandiert";"0118 901"
"Früchtekuchen, frisch";"0111 344"
"Früchtekuchen, tiefgefroren";"0111 343"
"Früchtetees, Verzehr in Kantinen, Mensen, a.n.g.";"1112 900"
"Früchtetees, Verzehr in Kantinen, Mensen von Hochschulen, Schulen und Kindergärten";"1112 100"
"Früchtetees, Verzehr in Restaurants, Cafés, Barts, mit umfassender Bedienungsleistung";"1111 155"
"Früchtetees";"0123 003"
"Fruchtgelees";"0118 302"
"Fruchtkonzentrate (ohne Obstmark)";"0118 303"
"Fruchtmuse (ohne Obstmark)";"0118 303"
"Fruchtnektare, Verzehr in Kantinen, Mensen, a.n.g.";"1112 900"
"Fruchtnektare, Verzehr in Kantinen, Mensen von Hochschulen, Schulen und Kindergärten";"1112 100"
"Fruchtnektare, Verzehr in Restaurants, Cafés, Bars, mit umfassender Bedienungsleistung";"1111 153"
"Fruchtpasten (ohne Obstmark)";"0118 303"
"Fruchtpressen, elektrisch";"0532 209"
"Fruchtpressen, nichtelektrisch, Zitronenpressen u.ä.";"0532 209"
"Fruchtpulver, gezuckert, für Instantgetränke";"0121 008"
"Fruchtsäfte, aus anderem Obst";"0121 003"
"Fruchtsäfte, aus Kernobst";"0121 001"
"Fruchtsäfte, aus Trauben";"0121 003"
"Fruchtsäfte, aus Zitrusfrüchten";"0121 002"
"Fruchtsäfte, Verzehr in Kantinen, Mensen, a.n.g.";"1112 900"
"Fruchtsäfte, Verzehr in Kantinen, Mensen von Hochschulen, Schulen und Kindergärten";"1112 100"
"Fruchtsäfte, Verzehr in Restaurants, Cafés, Bars, mit umfassender Bedienungsleistung";"1111 153"
"Fruchtsaftgetränke, Verzehr in Kantinen, Mensen, a.n.g.";"1112 900"
"Fruchtsaftgetränke, Verzehr in Kantinen, Mensen von Hochschulen, Schulen und Kindergärten";"1112 100"
"Fruchtsaftgetränke, Verzehr in Restaurants, Cafés, Bars, mit umfassender Bedienungsleistung";"1111 153"
"Fruchtsaftkonzentrate";"0121 008"
"Fruchtschaumweine, Verzehr in Kantinen, Mensen, a.n.g.";"1112 900"
"Fruchtschaumweine, Verzehr in Kantinen, Mensen von Hochschulen, Schulen und Kindergärten";"1112 100"
"Fruchtschaumweine, Verzehr in Restaurants, Cafés, Bars, mit umfassender Bedienungsleistung";"1111 143"
"Fruchtschaumweine";"0212 2"
"Fruchtschokoladen, Tafelschokoladen";"0118 503"
"Fruchtsirupe (ohne Rübensirup)";"0129 009"
"Fruchtweine , andere";"0212 220"
"Fruchtweine , Apfelwein";"0212 210"
"Fruchtweine, Verzehr in Kantinen, Mensen, a.n.g.";"1112 900"
"Fruchtweine, Verzehr in Kantinen, Mensen von Hochschulen, Schulen und Kindergärten";"1112 100"
"Fruchtweine, Verzehr in Restaurants, Cafés, Bars, mit umfassender Bedienungsleistung";"1111 143"
"Fruchtzucker";"0118 208"
"Frühlingssuppen, Trockensuppen";"0119 131"
"Frühstück, Verzehr in Kantinen, Mensen, a.n.g.";"1112 900"
"Frühstück, Verzehr in Kantinen, Mensen von Hochschulen, Schulen und Kindergärten";"1112 100"
"Frühstück, Verzehr in Restaurants, Cafés, Bars, nicht aufteilbare Ausgaben, mit umfassender Bedienungsleistung";"1111 119"
"Frühstücksbeutel aus Papier";"0561 902"
"Frühstücksbrettchen aus Holz";"0540 328"
"Frühstücksbrettchen aus Kunststoff";"0540 328"
"Frühstücksbrettchen aus Porzellan, Glas";"0540 105"
"Frühstückservices aus Porzellan";"0540 102"
"Frühstückservices aus Steingut u.a. feinkeramischen Stoffen";"0540 102"
"Fuchsschwanzsägen";"0552 105"
"Fugenmittel für die Wohnungsinstandsetzung, auf Kosten der Eigentümerinnen und Eigentümer";"1675 100"
"Fugenmittel für die Wohnungsinstandsetzung, auf Kosten der Mieterinnen und der Mieter";"0431 108"
"Führerscheingebühren";"0724 310"
"Führungszeugnisse, Gebühren";"1390 909"
"Füllhalter";"0974 004"
"Füllhalterfedern";"0974 006"
"Fundsachenaufbewahrung, Gebühren";"1390 909"
"Fungizide für den Garten";"0931 102"
"Fungizide für den Haushalt";"0561 906"
"Funkbabyfon";"0819 100"
"Funkgeräte (ohne solche für Kraftfahrzeuge), stationär";"0814 013"
"Funkgeräteantennen";"0814 017"
"Funkgeräte für Kraftfahrzeuge (ohne Autotelefone)";"0814 018"
"Funknotfallmelder";"0814 013"
"Fürsorgeunterstützungen, Sozialhilfe, einmalige und unregelmäßige Einnahmen";"0031 616"
"Fürsorgeunterstützungen, Sozialhilfe, laufende Einnahmen";"0031 615"
"Fußbälle";"0922 111"
"Fußballschuhe, Spezialsportschuhe für Herren, Damen und Kinder";"0922 117"
"Fußballspiele, Eintrittsgelder";"0946 300"
"Fussballstutzen für Damen";"0312 282"
"Fussballstutzen für Herren";"0312 170"
"Fussballstutzen für Jungen";"0312 188"
"Fussballstutzen für Mädchen";"0312 298"
"Fußbänke";"0511 409"
"Fußböden auf Kosten der Eigentümerinnen und Eigentümer (ohne Malerarbeiten), Reparaturen an";"1675 100"
"Fußböden auf Kosten der Mieterinnen und der Mieter (ohne Malerarbeiten), Reparaturen an";"0432 009"
"Fußbodenbeläge aus nichttextilem Material, z.B. aus Kunststoff, Gummi, Linoleum";"0431 106"
"Fußbodenbeläge aus textilem Material, in Bahnen oder Fliesen";"0431 105"
"Fußbodenbelagkleber";"0431 103"
"Fußbodenlacke für Schönheitsreparaturen, auf Kosten der Wohnungsinhaberinnen und Wohnungsinhaber";"0431 101"
"Fußbodenpflegemittel (ohne Seife)";"0561 116"
"Fußbodenreinigungsmittel (ohne Seife)";"0561 116"
"Fußcreme";"1312 240"
"Fusselroller";"0561 121"
"Fußleisten für die Wohnungsinstandsetzung, auf Kosten der Eigentümerinnen und Eigentümer";"1675 100"
"Fußleisten für die Wohnungsinstandsetzung, auf Kosten der Mieterinnen und der Mieter";"0431 104"
"Fußmatten für die Wohnung";"0521 901"
"Fußmatten für Kfz";"0721 202"
"Fußpflege";"1313 204"
"Fußpflegeinstrumente, nichtelektrisch";"1312 105"
"Fußpflegemittel (ohne Pflaster)";"1312 240"
"Fußpuder";"1312 240"
"Fußsäcke aus textilem Material (nicht elektrisch beheizt)";"0521 909"
"Fußstützen";"0613 304"
"Futons, Bettgestelle";"0511 121"
"Futons, Bettzeug";"0521 909"
"Futterautomaten für Aquarien";"0932 202"
"Futter für Heimtiere";"0932 201"
"Futter für Hunde";"0932 201"
"Futter für Katzen";"0932 201"
"Futter für Nutztiere (ohne Arzneimittel)";"0932 201"
"Futter für Wildtiere";"0932 201"
"Futter für Zierfische";"0932 201"
"Futter für Ziervögel";"0932 201"
"Futter für Zootiere";"0932 201"
"Futtergetreide für Nutztiere";"0932 201"
"Futternäpfe für Heimtiere";"0932 202"
"Füttern von Pferden";"0945 001"
"Futterstoffe für Oberbekleidung, Meterware";"0311 000"
"Gabeln, Einwegbestecke";"0561 901"
"Gabeln, mit Griffen aus anderem Material, Bestecke (ohne Einwegbestecke)";"0540 201"
"Gabeln, mit Griffen aus Edelmetall, Bestecke";"0540 201"
"Gamaschen für Damenschuhe aus Leder u.a. Material";"0321 290"
"Gamaschen für Herrenschuhe aus Leder u.a. Material";"0321 190"
"Gamaschen für Kinderschuhe aus Leder u.a. Material";"0321 390"
"Gamaschen für Pferde";"0922 116"
"Gänse, geschlachtet, frisch oder gefroren (ohne Innereien u.a. Schlachtnebenprodukte)";"0112 244"
"Gänse, lebend";"0932 103"
"Gänsebräter";"0540 312"
"Gänsebrust, geräuchert";"0112 310"
"Gänsebrust, Konserven";"0112 508"
"Gänsebrust";"0112 244"
"Gänseeier, frisch";"0114 801"
"Gänsefett für Speisezwecke";"0115 900"
"Gänsefleisch, Konserven";"0112 508"
"Gänsekeulen";"0112 244"
"Gänseklein (ohne Innereien u.a. Schlachtnebenprodukte)";"0112 244"
"Gänseleber, frisch oder gefroren";"0112 400"
"Gänseleberpastete, Wurstkonserven";"0112 504"
"Gänseschmalz für Speisezwecke";"0115 900"
"Ganzjahresreifen für Kraftwagen (einschl. Montage und Auswuchten beim Kauf)";"0721 111"
"Garagen, Einnahmen, Miete für";"0021 1"
"Garagen, Mietwert von selbstgenutzten Garagen, Einnahmen";"0021 200"
"Garagen, privat, Ausgaben für den Bau";"1661 000"
"Garagen, privat, Kauf";"1661 000"
"Garagen, privat, Verkauf";"0061 000"
"Garagen (ohne Mieten für Garagen, die zur Wohnung gehören), Miete für";"0724 102"
"Garagenmieten, Einnahmen";"0021 1"
"Garagenmieten (einschl. Mieten für Stellplätze; ohne Mieten für Garagen und Stellplätze, die zur Wohnung gehören)";"0724 102"
"Garagenmieten in Verbindung mit der Arbeit";"0724 102"
"Garantieversicherungen für Brillen, Werkzeuge, PCs";"1639 800"
"Garderobenentgelt (Besuch der Art der Veranstaltung unklar)";"1390 909"
"Garderobenhaken";"0552 208"
"Garderobenmöbel (einschl. Schuhschränken)";"0511 170"
"Garderobenschränke";"0511 170"
"Garderobenspiegel";"0511 170"
"Garderobenständer";"0511 170"
"Gardinen, Reparaturen an";"0522 000"
"Gardinen aus Kunststoff, konfektioniert";"0521 101"
"Gardinen aus textilem Material, konfektioniert";"0521 101"
"Gardinenbleiband";"0521 101"
"Gardinenleisten";"0561 909"
"Gardinenringe";"0521 101"
"Gardinenrollen";"0521 101"
"Gardinenschienen";"0561 909"
"Gardinenschnüre";"0521 101"
"Gardinenspanner, Gardinenzubehör";"0561 909"
"Gardinenstangen";"0561 909"
"Gardinenstoffe, Meterware";"0521 101"
"Garne, Nähgarne";"0313 205"
"Garnelen, Konserven";"0113 607"
"Garnituren für Damen, Unterwäsche";"0312 279"
"Garnituren für Herren, Unterwäsche";"0312 161"
"Garnituren für Jungen, Unterwäsche (ohne Säuglingswäsche)";"0312 188"
"Garnituren für Mädchen, Unterwäsche (ohne Säuglingswäsche)";"0312 298"
"Gärten, Pachten, Ausgaben";"1695 000"
"Gärten, Pachten, Einnahmen";"0021 1"
"Gartenanlagen, Dienstleistungen";"0444 106"
"Gartenbänke";"0511 200"
"Gartenerde";"0931 102"
"Gartenerzeugnisse, nichtgewerblicher Verkauf";"0055 100"
"Gartengeräte, motorbetrieben, Reparatur an";"0553 011"
"Gartengeräte, motorisch angetrieben";"0551 001"
"Gartengeräte, nichtmotorisch angetrieben (ohne Bodenbearbeitungsgeräte)";"0552 104"
"Gartengeräte mit Motor, Miete und Leasing";"0553 011"
"Gartenhandschuhe, aus anderem Material, Unisex";"0561 909"
"Gartenhandschuhe, aus Leder, Unisex";"0561 909"
"Gartenhilfe, Hauspersonal";"0562 100"
"Gartenlampen, elektrisch";"0511 309"
"Gartenland, Kauf";"1661 000"
"Gartenland, Pachten, Ausgaben";"1695 000"
"Gartenland, Pachten, Einnahmen";"0021 1"
"Gartenland, Verkauf";"0061 000"
"Gartenlauben, Ausgaben für den Bau";"1661 000"
"Gartenlauben, Kauf";"1661 000"
"Gartenlauben, Verkauf";"0061 000"
"Gartenleitern";"0552 101"
"Gartenleuchten, elektrisch";"0511 309"
"Gartenleuchten, solar";"0511 309"
"Gartenmesser, motorisch angetrieben";"0551 001"
"Gartenmesser, nichtmotorisch angetrieben";"0552 104"
"Gartenmöbel (ohne Sonnenschirme u.ä. Sonnenschutzvorrichtungen)";"0511 200"
"Gartenpavillons";"0922 201"
"Gartenpflegekosten, Ausgaben der Eigentümerinnen und Eigentümer für vermietete Wohnungen";"1679 400"
"Gartenpflegekosten, Ausgaben des Haushalts für den selbstgenutzten Garten, Dienstleistungen";"0444 106"
"Gartenscheren, motorisch angetrieben";"0551 001"
"Gartenscheren, nichtmotorisch angetrieben";"0552 104"
"Gartenschirme";"0521 902"
"Gartenschlaucharmaturen";"0931 105"
"Gartenschläuche";"0552 104"
"Gartenschutzhüllen für Gartenmöbel und Polsterauflagen, aus Kunststoff";"0540 329"
"Gartenspritzen, motorisch angetrieben";"0551 001"
"Gartenspritzen, nichtmotorisch angetrieben";"0552 104"
"Gartenstauden";"0931 226"
"Gartenstuhlauflagen";"0521 909"
"Gartenteichbecken aus Kunststoff";"0931 105"
"Gartentraktoren";"0551 001"
"Gartenumzäunungen";"0552 104"
"Gartenversicherung für den Garten am eigenen Haus, als Bestandteil der Hausratversicherung, Prämien für";"1639 300"
"Gartenvlies";"0931 105"
"Gartenzwerge";"0511 407"
"Gas (zum Bruttoeinkommen aus unselbständiger Arbeit gehörende Sachleistungen)";"0012 104"
"Gasanzünder";"0561 909"
"Gasdruckgewehre";"0922 114"
"Gasdruckpistolen";"0922 114"
"Gasdurchlauferhitzer, Warmwasserbereiter";"0531 305"
"Gasfeuerzeuge, aus Edelmetall oder Schmucksteinen";"1329 136"
"Gasfeuerzeuge, aus unedlem Metall";"1329 133"
"Gasfeuerzeuge, Einwegfeuerzeuge";"1329 133"
"Gas für Feuerzeuge";"1329 133"
"Gasglühstrümpfe";"0561 909"
"Gasheizung, Umlagen";"0452 105"
"Gasherde, Backöfen";"0531 106"
"Gasherde, Kochmulden und -felder";"0531 105"
"Gasherde, kombinierte Back- und Kochgeräte";"0531 107"
"Gaskartuschen für Lockenstab";"1312 102"
"Gaskocher, ortsbeweglich (ohne Campingkocher und Grillgeräte)";"0531 105"
"Gaskühlschränke";"0531 101"
"Gasleuchten, andere";"0511 309"
"Gasleuchten, Tischlampen";"0511 302"
"Gasöfen, Raumheizgeräte";"0531 306"
"Gaspistolen";"0922 114"
"Gastank, Miete für";"0452 101"
"Gästehäuser, Beherbergungsdienstleistungen";"1120 102"
"Gästetaxe";"1390 909"
"Gästetücher";"0521 302"
"Gastherme";"0531 306"
"Gasthofübernachtungen, auch mit Verpflegung";"1120 102"
"Gas und Elektrizität, Abschlagszahlungen, nicht aufteilbar, Ausgaben der Wohnungsinhaberinnen und Wohnungsinhaber";"0451 030"
"Gasverbrauch, Ausgaben der Wohnungsinhaberinnen und Wohnungsinhaber, Stadt-, Erdgas u.ä. (ohne Grundgebühr)";"0452 103"
"Gaswandheizöfen, Raumheizgeräte";"0531 306"
"Gauchohosen für Damen";"0312 227"
"Gebäck, feine Backwaren, Verzehr in Kantinen, Mensen, a.n.g.";"1112 900"
"Gebäck, feine Backwaren, Verzehr in Kantinen, Mensen von Hochschulen, Schulen und Kindergärten";"1112 100"
"Gebäck, feine Backwaren, Verzehr in Restaurants, Cafés, Bars, mit umfassender Bedienungsleistung";"1111 121"
"Gebäck, feine Backwaren";"0111 34"
"Gebäckzangen";"0540 203"
"Gebisshaftmittel";"1312 214"
"Gebissreinigungsmittel";"1312 214"
"Gebrannte Mandeln";"0118 903"
"Gebrauchsgegenstände für die Haushaltsführung, Reparaturen an";"0540 400"
"Gebrauchsgüter für die Haushaltsführung";"0561 909"
"Gebrauchsgüter für die Heimtierhaltung";"0932 202"
"Gebrauchsgüter für die Nutztierhaltung (ohne Pferdesportartikel)";"0932 202"
"Gebrauchsgüter für Freizeit und Unterhaltung, z.B. Buchhüllen, Buchstützen, Vereinsabzeichen";"0921 303"
"Gebrauchsgüter für Raucher (ohne solche aus Edelmetall oder Schmucksteinen), a.n.g.";"1329 133"
"Gebrauchsgüter für Raucher (ohne solche aus Edelmetall oder Schmucksteinen), elektronische Zigaretten";"1329 132"
"Gebrauchter Schmuck, nichtgewerblicher Verkauf, Einnahmen";"0055 210"
"Gebrauchte Waren des Haushalts, einschl. Kraftfahrzeuge (ohne Schmuck), nichtgewerblicher Verkauf, Einnahmen";"0055 220"
"Gebühren, Verwaltungsgebühren (ohne gebührenpflichtige Verwarnung, Bußgelder, Vollstreckungsgebühren, Baugenehmigungen)";"1390 9"
"Gebühren für Anschlüsse von Zusatzeinrichtungen von Fernsprechern, Zweitapparaten, Klingeln u.ä. im Festnetz";"0831 001"
"Gebühren für Anwohnerparken";"0724 105"
"Gebühren für Audio Guide";"0946 104"
"Gebühren für Autobahnbenutzung mit Kraftfahrzeugen";"0724 200"
"Gebühren für Bausparverträge";"1229 900"
"Gebühren für Betreuung in Ganztagsschulen";"1330 102"
"Gebühren für Brückenüberfahrten mit Kraftfahrzeugen";"0724 200"
"Gebühren für die Ausstellung von zahnärztlichen Attesten";"0622 906"
"Gebühren für die Ausstellung von zahnärztlichen Gutachten";"0622 906"
"Gebühren für die Benutzung von Pendelfähren mit Kraftfahrzeugen";"0724 200"
"Gebühren für die Einrichtung von Fernsprechanschlüssen im Festnetz";"0831 001"
"Gebühren für Doktorprüfungen, Dienstleistungen der Bildungseinrichtungen des Hochschulbereichs";"1040 025"
"Gebühren für DVBT2-Fernsehen";"0839 201"
"Gebühren für Finanzanlagenberatung";"1229 900"
"Gebühren für Führerscheine";"0724 310"
"Gebühren für Geburtsurkunden";"1390 901"
"Gebühren für Glockenläuten";"1390 905"
"Gebühren für Grabstätten";"1390 905"
"Gebühren für Homebanking, ohne Überweisungsgebühren, a.n.g.";"1222 000"
"Gebühren für Homebanking, Überweisungsgebühren";"1229 100"
"Gebühren für Hypothekendarlehen";"1229 900"
"Gebühren für Internettelefonie (VoIP-Voice over Internet Protocol)";"0839 909"
"Gebühren für Internetzugänge";"0833 000"
"Gebühren für Kabelfernsehen";"0839 201"
"Gebühren für Kraftfahrzeugabmeldung";"0724 321"
"Gebühren für Kraftfahrzeuganmeldung";"0724 321"
"Gebühren für Kraftfahrzeug-Schadensgutachten";"0724 328"
"Gebühren für Kraftfahrzeug-Zulassung";"0724 321"
"Gebühren für Kreditkarten";"1222 000"
"Gebühren für Kreditvermittlung";"1229 900"
"Gebühren für Kundenkarten";"1390 909"
"Gebühren für Meisterkurse und Prüfungen, Dienstleistungen der Bildungseinrichtungen des tertiären Nicht-Hochschulbereichs";"1040 015"
"Gebühren für öffentliche oder private Pensionsfonds";"1229 900"
"Gebühren für Onlinedienste";"0833 000"
"Gebühren für Parkplatzbenutzung";"0724 105"
"Gebühren für Pay-TV";"0839 202"
"Gebühren für Pendelfähren";"0724 200"
"Gebühren für postsekundare, nicht-tertiäre Bildungseinrichtungen";"1030 000"
"Gebühren für private Verkaufsstände";"1390 909"
"Gebühren für Reihengräber";"1390 905"
"Gebühren für Satellitenfernsehen";"0839 201"
"Gebühren für Seminare";"1050 900"
"Gebühren für Straßenbenutzung mit Kraftfahrzeugen";"0724 200"
"Gebühren für Telegramme";"0839 909"
"Gebühren für Trainingslager, Tennis-, Squash -und Golfkurse";"0946 203"
"Gebühren für Trainingslager";"0946 209"
"Gebühren für Tunneldurchfahrten mit Kraftfahrzeugen";"0724 200"
"Gebühren für TÜV";"0724 328"
"Gebühren für Übersetzungen";"1390 909"
"Gebühren für Verwaltungsdokumente";"1390 9"
"Gebühren monatlich, an Webportale, die Streaming von Musik für Mitglieder anbieten, z.B. Spotify, Apple Music, Amazon Music";"0839 204"
"Gebührenpflichtige Verwarnungen";"1645 000"
"Gebühr für Notrufe";"1390 909"
"Geburten, Amtsgebühren";"1390 901"
"Geburten, Arzthonorare (ohne Tierarzthonorare) von Fachmedizinerinnen oder Fachmedizinern, ambulant";"0623 105"
"Geburtsbeihilfen von privaten Arbeitgebern";"0033 410"
"Geburtstagsgeschenke in Geld";"1643 200"
"Geburtsurkunden, Verwaltungsgebühren";"1390 901"
"Geburtsversicherungen, Dienstleistungen der Lebensversicherungen (ohne Versicherungsbeiträge)";"1211 001"
"Geburtsvorbereitungskurse";"0623 105"
"Gefälligkeitsauslagen, Ausgaben";"1688 000"
"Gefälligkeitsauslagen, Wiedereingang, Einnahmen";"0078 000"
"Gefärbte Gräser";"0931 213"
"Geflügel, (ohne Innereien u.a. Schlachtnebenprodukte)";"0112 24"
"Geflügel, lebend";"0932 103"
"Geflügeleier, frisch";"0114 801"
"Geflügelfett für Speisezwecke";"0115 900"
"Geflügelfleisch, (ohne Wildgeflügelfleisch, Innereien u.a. Schlachtnebenprodukte)";"0112 24"
"Geflügelfleisch, Konserven";"0112 508"
"Geflügelhackfleisch, roh";"0112 24"
"Geflügelkonserven";"0112 508"
"Geflügelleber, frisch oder gefroren";"0112 400"
"Geflügelsalat";"0112 505"
"Geflügelscheren";"0540 203"
"Gefrierbeutel";"0561 902"
"Gefrierschränke, elektrisch";"0531 102"
"Gefrierschutzmittel für Kraftfahrzeuge";"0722 402"
"Gefriertruhen, elektrisch";"0531 102"
"Gefundenes Geld";"0097 000"
"Gegenlichtblenden für Foto- und Filmgeräte";"0911 202"
"Gegensprechanlage auf Kosten der Eigentümerinnen und Eigentümer, werterhöhend";"1663 000"
"Gegensprechanlagen auf Kosten der Mieterinnen und der Mieter, Reparaturen an";"0432 002"
"Gegenwert von entnommenen Waren und Dienstleistungen und Nutzung geschäftlicher Anlagen im Gewerbebetrieb für private Zwecke";"0013 400"
"Gegenwert von entnommenen Waren und Dienstleistungen und Nutzung geschäftlicher Anlagen im land- und forstwirtschaftlichen Betrieb für private Zwecke";"0013 400"
"Gehacktes, Hackfleisch, frisch oder gefroren (ohne zubereitetes Hackfleisch), vom Rind";"0112 217"
"Gehacktes, Hackfleisch, frisch oder gefroren (ohne zubereitetes Hackfleisch), vom Schwein";"0112 220"
"Gehälter aus Arbeits- oder Dienstverhältnissen, brutto, Einnahmen";"0011 110"
"Gehälter für anderes Hauspersonal, z.B. für Haushälterinnen";"0562 100"
"Gehälter für Hauspersonal zur Betreuung von älteren Personen, Barentlohnung";"0562 100"
"Gehälter für Hauspersonal zur Betreuung von Kindern (ohne Naturallöhne und Geschenke)";"0562 100"
"Gehälter für im Haushalt regelmäßig beschäftigte Hauslehrer (ohne Naturallöhne)";"1050 100"
"Gehaltsfortzahlung durch den Arbeitgeber im Krankheitsfall, brutto";"0011 110"
"Gehaltspfändungen";"1649 002"
"Geheimratskäse";"0114 502"
"Gehfrei";"1329 122"
"Gehilfen";"0613 306"
"Gehirn, frisch oder gefroren";"0112 400"
"Gehölzschnitt u.ä. Pflegearbeiten";"0444 106"
"Gehörschutzstöpsel";"0612 305"
"Gehstöcke, Spazierstöcke";"1329 139"
"Gehstöcke für Behinderte";"0613 306"
"Gehwagen";"0613 306"
"Geigen";"0951 003"
"Geigenbogen";"0951 005"
"Gelatine, Speisezutaten";"0119 909"
"Gel-Augenmasken zur Kühlung";"0612 305"
"Gelbwurst, Brühwurst (ohne Konserven)";"0112 502"
"Geld, gefunden";"0097 000"
"Geld, Kassenüberschüsse";"0097 000"
"Geld, verloren";"1696 000"
"Geldbörsen aus Leder, Kunststoff oder anderem Material";"1329 116"
"Geldgeschenke an andere private Haushalte ohne Geldgeschenke an Hauspersonal";"1643 200"
"Geldgeschenke an Hauspersonal, Einnahmen";"0011 120"
"Geldgeschenke in das Sparschwein";"1643 200"
"Geldgeschenke in die Sparbüchse";"1643 200"
"Geldgeschenke von anderen privaten Haushalten ohne Geldgeschenke an Hauspersonal";"0033 420"
"Geldkassetten aus Metall";"0540 325"
"Geldscheintaschen aus Leder, Kunststoff oder anderem Material";"1329 116"
"Geldschränke";"0531 900"
"Geldschulden, Aufnahme bei anderen privaten Haushalten";"0085"
"Geldschulden, nicht zinslos, Tilgung bei anderen privaten Haushalten";"1652 200"
"Geldschulden, zinslos, Tilgung bei anderen privaten Haushalten";"1652 300"
"Geldstrafen";"1645 000"
"Geldvermögen, Einnahmen";"0025"
"Geldwerter Vorteil für die private Nutzung eines betrieblichen Kraftfahrzeuges";"0011 160"
"Gelee";"0118 302"
"Geleefrüchte";"0118 909"
"Geleegläser";"0540 105"
"Gelegenheitsarbeit, Einnahmen aus selbständiger Arbeit, brutto";"0013 900"
"Gelegenheitsarbeit, Einnahmen aus unselbständiger Arbeit, brutto";"0011 200"
"Gelierzucker";"0118 100"
"Gelschreiber";"0974 004"
"Gelsohlen für Damenschuhe";"0321 290"
"Gelsohlen für Herrenschuhe";"0321 190"
"Gelsohlen für Kinderschuhe";"0321 390"
"Gemälde, Originale";"0511 407"
"Gemälde, Reproduktionen";"0511 407"
"Gemäldeausstellungen, Eintrittsgelder";"0962 001"
"Gemeinschaftsantennenkosten, Ausgaben der Eigentümerinnen und Eigentümer für vermietete Wohnungen";"1679 400"
"Gemüse, gefroren (ohne Spinat)";"0117 809"
"Gemüse, getrocknet (ohne Hülsenfrüchte, Gewürz- und Küchenkräuter)";"0117 700"
"Gemüse, in Essig, Konserven";"0117 912"
"Gemüsebearbeitungsmaschinen, elektrisch";"0532 102"
"Gemüsebearbeitungsmaschinen, nichtelektrisch";"0532 102"
"Gemüsejungpflanzen";"0931 218"
"Gemüsemaiskonserven";"0117 919"
"Gemüsepaprika, frisch oder gekühlt";"0117 203"
"Gemüsesäfte, Verzehr in Kantinen, Mensen, a.n.g.";"1112 900"
"Gemüsesäfte, Verzehr in Kantinen, Mensen von Hochschulen, Schulen und Kindergärten";"1112 100"
"Gemüsesäfte, Verzehr in Restaurants, Cafés, Bars, mit umfassender Bedienungsleistung";"1111 153"
"Gemüsesäfte";"0121 006"
"Gemüsesalat, Sauerkonserven, mit Essig haltbar gemacht";"0117 912"
"Gemüsesamen";"0931 218"
"Gemüsestecklinge";"0931 218"
"Gemüsesticks mit Dips, Verzehr in Restaurants, Cafés, Bars, mit umfassender Bedienungsleistung";"1111 123"
"Gemüsesülze";"0117 929"
"Gemüsesuppen, gefroren";"0119 133"
"Gemüsesuppen, Konserven";"0119 132"
"Gemüsesuppen, Trockensuppen";"0119 131"
"Gemüsetrunke, Verzehr in Kantinen, Mensen, a.n.g.";"1112 900"
"Gemüsetrunke, Verzehr in Kantinen, Mensen von Hochschulen, Schulen und Kindergärten";"1112 100"
"Gemüsetrunke, Verzehr in Restaurants, Cafés, Bars, mit umfassender Bedienungsleistung";"1111 153"
"Gemüsetrunke";"0121 006"
"Genever, Verzehr in Kantinen, Mensen, a.n.g.";"1112 900"
"Genever, Verzehr in Kantinen, Mensen von Hochschulen, Schulen und Kindergärten";"1112 100"
"Genever, Verzehr in Restaurants, Cafés, Bars, mit umfassender Bedienungsleistung";"1111 141"
"Genever";"0211 040"
"Genossenschaftsanteile, nicht Baugenossenschaftsanteile, Kauf";"1685 700"
"Genossenschaftsanteile, nicht Baugenossenschaftsanteile, Verkauf";"0071 420"
"Geodreiecke";"0974 007"
"Gepäckaufbewahrung";"0736 009"
"Gepäckträgergebühren (ohne  private Zustelldienste)";"0736 009"
"Gepäckversicherung, Prämien";"1639 800"
"Gepäckversicherungen, Entgelte für Dienstleistungen (ohne Versicherungsbeiträge)";"1214 200"
"Gepäckversicherungen, Versicherungsdienstleistungen im Zusammenhang mit dem Verkehr (ohne Versicherungsbeiträge)";"1214 200"
"Geranien, Zierpflanzen (ohne Samen und Vermehrungsgut)";"0931 226"
"Geräte für den Empfang, die Aufnahme und Wiedergabe von Ton, Bild und Text, z.B. E-Book-Reader, digitale Bilderrahmen";"0819 100"
"Geräte für den Empfang, die Aufnahme und Wiedergabe von Ton und Bild (einschl. Zubehör), Reparaturen an";"0835 001"
"Geräte für die Abrechnung von Straßennutzungsgebühren, gemietet oder gekauft";"0724 200"
"Geräte für die Gartenpflege";"0552 104"
"Gerichtskosten, Kauf von Grundstücken, Gebäuden und Eigentumswohnungen";"1661 000"
"Gerichtskosten, nicht Kauf von Grundstücken, Gebäuden und Eigentumswohnungen";"1645 000"
"Gerichtsstrafen";"1645 000"
"Gerstengraupen";"0111 403"
"Gerstengrieß";"0111 205"
"Gerstengrütze";"0111 403"
"Gerstenkerne";"0111 403"
"Gerstenmehl";"0111 205"
"Gesamtschulen, integriert  (Jahrgangsstufen 11 bis 13), Sekundarbereich II, allgemeinbildend, Dienstleistungen";"1020 020"
"Gesamtschulen, integriert (Klassenstufen 5 bis 10), Sekundarbereich I, Dienstleistungen";"1020 010"
"Gesangbücher";"0971 907"
"Gesangskonzerte, Eintrittsgelder (einschl. Garderobe und Programme)";"0961 004"
"Geschäftsanteil, Ausgabe für";"1685 700"
"Geschäftsanteile, GmbH-Anteile, Kauf";"1685 700"
"Geschäftsanteile, GmbH-Anteile, Verkauf";"0071 420"
"Geschäftsanteile an Windkraftanlagen, Kauf von";"1685 700"
"Geschäftsreisekosten";"1691 000"
"Geschäftsreisekostenerstattung";"0095 000"
"Geschenke für anderes Hauspersonal (nicht für die Betreuung von Kindern und älteren Personen), Geldgeschenke";"0562 100"
"Geschenke für anderes Hauspersonal zur Betreuung von älteren Personen";"0562 100"
"Geschenke für Hauspersonal, zur Kinderbetreuung, Geldgeschenke";"0562 100"
"Geschenke für Hauspersonal (Naturallöhne und -geschenke ohne Geldgeschenke)";"0562 100"
"Geschenkgutschein, Beiträge an private Haushalte";"1643 200"
"Geschenkpapier";"0561 902"
"Geschenktüten aus Papier, Pappe, Kunststofffolie";"0561 902"
"Geschicklichkeitsspiele (ohne Elektronikspiele)";"0921 201"
"Geschirrbürsten";"0561 121"
"Geschirre für Zugtiere, für die Freizeit";"0912 402"
"Geschirre für Zugtiere, nicht für die Freizeit";"0714 000"
"Geschirrkörbe aus anderem Material";"0540 325"
"Geschirrkörbe aus Kunststoff";"0540 325"
"Geschirrspülmaschinen, elektrisch";"0531 104"
"Geschirrspülmittel";"0561 113"
"Geschirrspülsalz";"0561 113"
"Geschirrständer für Haushaltsgeschirr";"0561 909"
"Geschirrwärmer, elektrisch";"0532 102"
"Geschnetzeltes vom Kalb, gegart";"0112 509"
"Gesellschaftsspiele (ohne Elektronikspiele)";"0921 201"
"Gesetzbücher, Fachbuch";"0971 906"
"Gesetzessammlungen";"0971 907"
"Gesichtscremes";"1312 234"
"Gesichtslotionen";"1312 234"
"Gesichtsmasken aus Papier, Vlies oder Gewebe, Atemschutz";"0612 209"
"Gesichtspflege, Packungen u.a. Dienstleistungen";"1313 201"
"Gesichtswässer";"1312 234"
"Gestecke für Gräber";"1329 131"
"Gesundheitliche Schädigung durch den SED-Staat, Entschädigung nach dem STRREHAG";"0031 639"
"Gesundheitsbäder, (pflanzliche Arzneimittel und homöopathische Produkte)";"0611 220"
"Gesundheitspflegegeräte, Reparaturen an";"0614 000"
"Gesundheitstees (ohne solche für Tiere)";"0611 220"
"Gesundheitswesen, Mitgliedsbeiträge an Organisationen";"1641 200"
"Gesundheitswesen, Spenden und unregelmäßige Beiträge an Organisationen";"1642 200"
"Getränke, auf der Grundlage von Milch";"0114 707"
"Getränke, nicht aufteilbare Ausgaben, Verzehr in Kantinen, Mensen, a.n.g.";"1112 900"
"Getränke, nicht aufteilbare Ausgaben, Verzehr in Kantinen, Mensen von Hochschulen, Schulen und Kindergärten";"1112 100"
"Getränke, Verzehr in Kantinen, Mensen, a.n.g.";"1112 900"
"Getränke, Verzehr in Kantinen, Mensen von Hochschulen, Schulen und Kindergärten";"1112 100"
"Getränke (zum Bruttoeinkommen aus unselbständiger Arbeit gehörende Sachleistungen)";"0012 220"
"Getränkezubereitungen, Milchmischgetränke";"0114 707"
"Getränke zum Mitnehmen und sofortigen Verbrauch von Straßenverkauf, Take-aways, Kiosken, Automaten u.Ä. –  mit eingeschränkten Bedienungsleistungen";"1111 208"
"Getreidekaffee";"0122 003"
"Getreide zur Aussaat";"0931 218"
"Getriebe für Kraftfahrzeuge";"0721 205"
"Getriebeöle für Kraftfahrzeuge";"0722 409"
"Getriebeöle für Luft- und Wasserfahrzeuge";"0722 409"
"Getriebeteile für Kraftfahrzeuge";"0721 202"
"Gewächshäuser, Fertigteilbauten aus Holz oder Metall, auf Kosten der Mieterinnen und der Mieter";"0431 108"
"Gewächshäuser, Fertigteilbauten aus Holz oder Metall, werterhöhende Maßnahme der Eigentümerinnen und Eigentümer";"1663 000"
"Gewährung von Darlehen, Hypotheken, Ausgaben";"1688 000"
"Gewässerschadenversicherung, Prämien";"1673 000"
"Gewässerunterhaltungsgebühren";"0444 108"
"Gewehre";"0922 114"
"Gewerbesteuer, die für Einnahmen aus einer Fotovoltaikanlage entsteht";"1611 150"
"Gewerblich genutzte Räume, Einnahmen, Miete für";"0021 1"
"Gewerblich genutzte Räume, Mieten, Einnahmen einschl. Umlagen für Nebenkosten";"0021 1"
"Gewerblich selbstgenutzte Räume, im eigenen Wohngebäude, Mietwert, Einnahmen";"0021 1"
"Gewerkschaften, laufende Beiträge";"1641 500"
"Gewerkschaften, Mitgliedsbeiträge";"1641 500"
"Gewerkschaften, Spenden und unregelmäßige Beiträge";"1642 500"
"Gewichte für Fitnessgeräte";"0922 124"
"Gewindebolzen";"0561 905"
"Gewinnbeteiligungen aus einem Arbeits- oder Dienstverhältnis, brutto";"0011 150"
"Gewinnbeteiligungen aus Erbschaftsteuer- u.ä. Versicherungen";"0077 200"
"Gewinnbeteiligungen aus Heirats-, Aussteuer-, Ausbildungs- u.ä. Versicherungen";"0077 200"
"Gewinnbeteiligungen aus Lebens-, Alters-, Sterbegeld- u.ä. Versicherungen";"0077 200"
"Gewinne, aus eigenem Unternehmen, nichtentnommen, Ausgaben";"1665 000"
"Gewinne, aus Lotto, Toto, Lotterie, Spielbank, Rennwette u.ä.";"0033 410"
"Gewinne, Spielgewinne von privaten Haushalten";"0033 420"
"Gewürzblätter, getrocknet";"0119 402"
"Gewürze";"0119 402"
"Gewürzfrüchte, getrocknet";"0119 402"
"Gewürzgurken, Sauerkonserven, mit Essig haltbar gemacht";"0117 911"
"Gewürzketchup";"0119 304"
"Gewürzkräuter, getrocknet";"0119 402"
"Gewürzliköre, Verzehr in Kantinen, Mensen, a.n.g.";"1112 900"
"Gewürzliköre, Verzehr in Kantinen, Mensen  von Hochschulen";"1112 100"
"Gewürzliköre, Verzehr in Restaurants, Cafés, Bars, mit umfassender Bedienungsleistung";"1111 142"
"Gewürzliköre";"0211 010"
"Gewürzmischungen";"0119 402"
"Gewürzmühlen, elektrisch";"0532 102"
"Gewürzmühlen, nichtelektrisch";"0532 102"
"Gewürzpräparate";"0119 402"
"Gewürzsalze";"0119 402"
"Gewürzzubereitungen";"0119 402"
"Gießanzeiger für Hydropflanzen";"0561 909"
"Gießkannen für die Gartenpflege";"0552 104"
"Gießkannen für Zimmerpflanzen aus Glas, Keramik, Porzellan";"0540 105"
"Gießkannen für Zimmerpflanzen aus Kunststoff, Metall";"0540 329"
"Gin, Verzehr in Kantinen, Mensen, a.n.g.";"1112 900"
"Gin, Verzehr in Kantinen, Mensen  von Hochschulen";"1112 100"
"Gin, Verzehr in Restaurants, Cafés, Bars, mit umfassender Bedienungsleistung";"1111 141"
"Gin";"0211 040"
"Gips für die Wohnungsinstandsetzung, auf Kosten der Eigentümerinnen und Eigentümer";"1675 100"
"Gips für die Wohnungsinstandsetzung, auf Kosten der Mieterinnen und der Mieter";"0431 108"
"Gitarren, elektronisch";"0951 002"
"Gitarren, nichtelektronisch";"0951 003"
"Gitarrenkurse";"0969 002"
"Gitarrenverstärker";"0814 017"
"Glanzpapier für kunstgewerbliche Zwecke";"0921 209"
"Glas, Fensterglas, für die Wohnungsinstandsetzung, auf Kosten der Eigentümerinnen und Eigentümer";"1675 100"
"Glas, Fensterglas, für die Wohnungsinstandsetzung, auf Kosten der Mieterinnen und der Mieter";"0431 108"
"Glasaugen (Augenprothesen)";"0613 102"
"Gläser, Trinkgläser";"0540 103"
"Glaserarbeiten in der Wohnung, auf Kosten der Eigentümerinnen und Eigentümer";"1675 100"
"Glaserarbeiten in der Wohnung, auf Kosten der Mieterinnen und der Mieter";"0432 009"
"Glaskeramikkochfelder";"0531 105"
"Glaskeramikreiniger";"0561 115"
"Glasknöpfe für Bekleidung, Haushaltswäsche und Heimtextilien";"0313 209"
"Glasperlen für Bastelzwecke";"0921 209"
"Glasreiniger";"0561 115"
"Glasschmuck";"1321 111"
"Glasschneider";"0552 105"
"Glasversicherungen für Glas innerhalb der Wohnung, Prämien für";"1639 300"
"Glaswaren für die Haushaltsführung, Reparaturen an";"0540 400"
"Glaswolle für die Wohnungsinstandsetzung, auf Kosten der Eigentümerinnen und Eigentümer";"1675 100"
"Glaswolle für die Wohnungsinstandsetzung, auf Kosten der Mieterinnen und der Mieter";"0431 108"
"Glätteisen, elektrisch";"1311 102"
"Gleismaterial für Modelleisenbahnen";"0921 206"
"Gleitflug im Tandem";"0946 207"
"Gleitschutzketten für Kraftfahrzeuge";"0721 305"
"Glieder, künstlich";"0613 304"
"Gliedermaßstäbe";"0552 105"
"Globen";"0973 003"
"Globuli";"0611 220"
"Glockenläutgebühren";"1390 905"
"Glücksspielautomaten, Entgelte für Benutzung";"0947 000"
"Glücksspiele, z.B. Wettscheingebühren";"0947 000"
"Glücksspielgewinne von privaten Haushalten, Einnahmen";"0033 420"
"Glücksspielverluste an andere private Haushalte, Ausgaben";"1647 000"
"Glückwunschkarten";"0973 001"
"Glühlampen für Fotozwecke";"0911 202"
"Glühlampen für Wohnraumleuchten (ohne Energiesparlampen)";"0552 202"
"Glühstrümpfe";"0561 909"
"GmbH-Anteile, Kauf";"1685 700"
"GmbH-Anteile, Verkauf";"0071 420"
"Gobelins";"0511 407"
"Go-Carts, Kindersportfahrzeuge";"0921 203"
"Go-Carts bis 1000 cm³ Hubraum, gebraucht";"0711 200"
"Go-Carts bis 1000 cm³ Hubraum, neu";"0711 100"
"Goldbarren, nichtgewerblicher Kauf, Ausgaben";"1667 100"
"Goldbarren, nichtgewerblicher Verkauf, Einnahmen";"0063 000"
"Goldbarsch, frisch oder gekühlt";"0113 101"
"Goldbarsch, tiefgefroren";"0113 102"
"Goldfische, lebend";"0932 103"
"Goldschmiedewaren für die persönliche Ausstattung (ohne Schmuck, Bestecke u.a. Tischgeräte)";"1329 136"
"Gold- und Silbermünzen, soweit  gesetzliches Zahlungsmittel, nichtgewerblicher Kauf, Ausgaben";"1667 500"
"Gold- und Silbermünzen, soweit  gesetzliches Zahlungsmittel, nichtgewerblicher Verkauf, Einnahmen";"0063 000"
"Gold- und Silbermünzen, soweit nicht  gesetzliches Zahlungsmittel, nichtgewerblicher Verkauf, Einnahmen";"0055 220"
"Golfkurse";"0946 203"
"Golfplätze, Miete und Entgelte für Benutzung";"0946 204"
"Golfplatzwagen";"0912 901"
"Golfschläger";"0922 119"
"Gorgonzola";"0114 503"
"Goudakäse";"0114 502"
"GPS-Geräte für Kraftfahrzeuge, kombinierte Audio-, Video- und Navigationssysteme für Kraftfahrzeuge";"0814 018"
"GPS-Geräte für Kraftfahrzeuge";"0721 301"
"Grabbepflanzung";"0931 228"
"Grabdenkmäler";"1329 131"
"Grabegabeln";"0552 104"
"Grabeinfassungen";"1329 131"
"Grabenräumungsgebühren";"0444 108"
"Grabgestecke";"1329 131"
"Grabkränze";"1329 131"
"Grablampen";"1329 131"
"Grabpflege";"0931 228"
"Grabstättenpflege";"0931 228"
"Grabsteine";"1329 131"
"Grabvasen";"1329 131"
"Grafikkarten, PC-Zubehör";"0819 201"
"Grahambrot";"0111 313"
"Grapefruits, frisch oder gekühlt";"0116 205"
"Grapefruitsaft, Verzehr in Kantinen, Mensen, a.n.g.";"1112 900"
"Grapefruitsaft, Verzehr in Kantinen, Mensen von Hochschulen, Schulen und Kindergärten";"1112 100"
"Grapefruitsaft, Verzehr in Restaurants, Cafés, Bars, mit umfassender Bedienungsleistung";"1111 153"
"Grapefruitsaft";"0121 002"
"Gräser, gefärbt";"0931 213"
"Grassamen";"0931 218"
"Grasscheren, motorisch angetrieben";"0551 001"
"Grasscheren, nichtmotorisch angetrieben";"0552 104"
"Gratifikationen aus einem Arbeits- oder Dienstverhältnis, brutto";"0011 150"
"Gratulationskarten";"0973 001"
"Graubrot (ohne Schrot- und Vollkornbrot)";"0111 312"
"Graupen";"0111 908"
"Graviergeräte, elektrisch";"0551 002"
"Gravur auf Schreibgeräten";"1390 909"
"Greyerzer Käse";"0114 501"
"Grieben für Speisezwecke";"0115 900"
"Griebenwurst, Kochwurst";"0112 503"
"Griebenwurst, Konserve";"0112 504"
"Grieß";"0111 205"
"Grießmehl";"0111 205"
"Grillanzünder, elektrisch";"0532 102"
"Grillanzünder, flüssig";"0561 909"
"Grillfleisch, zubereitet";"0112 509"
"Grillgeräte, elektrisch, auch draußen zu nutzen";"0532 101"
"Grillgeräte, elektrisch (ohne Herde und Backöfen)";"0532 101"
"Grillgeräte (Gasgrill, Kohlegrill)";"0922 204"
"Grillgeräte für Camping";"0922 204"
"Grillgewürzmischungen";"0119 402"
"Grillkohle, Holzkohle, auch gepresst, in Form von Blöcken, Stiften, als Granulat oder Pulver, oder mit Teer oder anderen Substanzen in Briketts, Tabletten, Kugeln usw. agglomeriert";"0454 300"
"Grillkohle, Kohle (ohne Koks), z.B. Braun- und Steinkohle, Kohlebriketts, Torf, Torfbriketts";"0454 100"
"Großmusikinstrumente";"0951 002"
"Grundbesitzer-Haftpflichtversicherung, Prämien";"1673 000"
"Grundbucheintragungen";"1661 000"
"Grunderwerbsteuer";"1661 000"
"Grundgebühren für Elektrizität, Ausgaben der Wohnungsinhaberinnen und Wohnungsinhaber";"0451 011"
"Grundgebühren für Flüssiggastank, Miete";"0452 101"
"Grundgebühren für Stadt-, Erdgas u.ä., Ausgaben der Wohnungsinhaberinnen und Wohnungsinhaber";"0452 101"
"Grundgebühren für Telefaxanschlüsse im Festnetz";"0831 001"
"Grundgebühren für Telefonanschlüsse im Festnetz";"0831 001"
"Grundgebühren für Zusatzeinrichtungen von Fernsprechern, Zweitapparaten, Klingeln u.ä. im Festnetz";"0831 001"
"Grundgehalt, Einnahmen";"0011 110"
"Grundiermittel für Schönheitsreparaturen, auf Kosten der Wohnungsinhaberinnen und Wohnungsinhaber";"0431 103"
"Grundlohn, Einnahmen";"0011 110"
"Grundrenten der Kriegsopferversorgung";"0031 680"
"Grundschulden, Aufnahme, nicht bei Kreditinstituten";"0081 900"
"Grundschulden, Aufnahme bei Bausparkassen";"0081 200"
"Grundschulden, Aufnahme bei Kreditinstituten ohne Bausparkassen";"0081 100"
"Grundschulden, Tilgung";"1651 200"
"Grundschulden, Verzinsung";"1651 400"
"Grundschulen, Dienstleistungen";"1010 200"
"Grundsicherung, bedarfsorientiert, Leistungen nach dem Gesetz über eine bedarfsorientierte Grundsicherung im Alter und bei Erwerbsminderung (GSiG)";"0031 650"
"Grundsicherung im Alter und bei Erwerbsminderung nach dem 4. Kapitel SGB XII (Sozialhilfe)";"0031 650"
"Grundsteuer (auf Mieter umgelegt)";"0444 107"
"Grundsteuer (vom Eigentümer bezahlt)";"1671 000"
"Grundstücke, Instandhaltung ohne Gartenpflege";"1675 100"
"Grundstücke, privat, Kauf";"1661 000"
"Grundstücke, privat, Verkauf";"0061 000"
"Grundstücke, werterhöhende bauliche Maßnahmen";"1663 000"
"Grundstücksverwalter";"1390 909"
"Grünkern";"0111 102"
"Grünkohl, frisch oder gekühlt";"0117 107"
"Grünkohl, gefroren";"0117 809"
"Gruppenberatungsstellen, ambulante Heilbehandlung und medizinische Rehabilitation";"0623 105"
"Grütze aus Getreide (ohne Hafergrütze)";"0111 403"
"GSM-Antennen";"0819 100"
"Guaven, frisch oder gekühlt";"0116 109"
"Gulasch, Rindergulasch, frisch oder gefroren";"0112 217"
"Gulasch, Schweinegulasch, frisch oder gefroren";"0112 220"
"Gulaschsuppen, Konservenfertiggerichte";"0119 132"
"Gulaschsuppen, Verzehr in Kantinen, Mensen, a.n.g.";"1112 900"
"Gulaschsuppen, Verzehr in Kantinen, Mensen von Hochschulen, Schulen und Kindergärten";"1112 100"
"Gulaschsuppen, Verzehr in Restaurants, Cafés, Bars, mit umfassender Bedienungsleistung";"1111 112"
"Gummiabsätze für Damenschuhe";"0321 290"
"Gummiabsätze für Herrenschuhe";"0321 190"
"Gummiabsätze für Kinderschuhe";"0321 390"
"Gummibänder für Bekleidung, Haushaltswäsche und Heimtextilien";"0313 209"
"Gummibonbons";"0118 909"
"Gummihandschuhe für den Haushalt";"0561 909"
"Gummilösung für Fahrradbereifungen";"0721 307"
"Gummipuffer für Türen u.ä.";"0552 208"
"Gummiringe für Bürozwecke";"0974 006"
"Gummiringe für Einmachgläser";"0561 909"
"Gummisauger für Säuglingsflaschen";"0540 326"
"Gummisohlen für Damenschuhe";"0321 290"
"Gummisohlen für Herrenschuhe";"0321 190"
"Gummisohlen für Kinderschuhe";"0321 390"
"Gummistempel";"0974 006"
"Gummistiefel für Damen";"0321 210"
"Gummistiefel für Herren";"0321 110"
"Gummistiefel für Kinder";"0321 310"
"Gummistrümpfe, medizinische Strumpfwaren";"0612 203"
"Gummiunterlagen, medizinisch";"0613 306"
"Gummiwaren für die Haushaltsführung";"0561 909"
"Gurken, frisch oder gekühlt";"0117 204"
"Gurken, Sauerkonserven, mit Essig haltbar gemacht";"0117 911"
"Gurkengewürz";"0119 402"
"Gurkenkonserven mit Essig haltbar gemacht";"0117 911"
"Gürtel, Bekleidungszubehör";"0313 109"
"Gürtel, Sportgürtel für Sport in Räumen";"0922 129"
"Gutachten, zahnärztlich (Zuzahlung)";"0622 905"
"Gutachten, zahnärztlich";"0622 906"
"Güterbeförderung (ohne Paketbeförderung durch die Deutsche Post und private Zustelldienste)";"0749 100"
"Güterbeförderung durch Boten (ohne Beförderung durch die Deutsche Post und private Zustelldienste)";"0736 009"
"Güterbeförderung durch Lastentaxis (ohne Beförderung durch die Deutsche Post und private Zustelldienste)";"0736 009"
"Güterbeförderung im Schienenverkehr (ohne Reisegepäckbeförderung und Fahrradmitnahme durch Reisende im Schienenverkehr)";"0736 009"
"Güter für die Haushaltsführung, Miete für Heimtextilien";"0522 000"
"Güter für die Haushaltsführung, Miete für Möbel, Einrichtungsgegenstände und losen Teppiche";"0512 000"
"Güter für die Haushaltsführung, Miete von Glaswaren, Geschirr u.a. Gebrauchsgütern für den Haushalt";"0540 400"
"Güterlagerung (ohne Beförderung durch die Deutsche Post und private Zustelldienste)";"0749 100"
"Güterwagen für Modelleisenbahnen";"0921 206"
"Guthaben bei Bausparkassen, Auszahlungen";"0071 300"
"Gutscheinbücher für Gastronomie und Freizeit, Kauf von, für eigene Verwendung";"1696 000"
"Gutschriften auf privaten Termingeldkonten, nicht Zinsen";"1682 000"
"Gutschriften auf Sparbüchern, Postsparbüchern, nicht Zinsen,  (ohne vermögenswirksame Leistungen)";"1681 100"
"Gutschriften auf Sparbüchern, Postsparbüchern, nicht Zinsen, Beiträge vermögenswirksamer Leistungen (Arbeitgeber und Arbeitnehmer)";"1681 900"
"Gutschriften von Kapitalertragsteuer";"0025 200"
"Gymnasien (Jahrgangsstufen 11 bis 13), Sekundarbereich II, allgemeinbildend, Dienstleistungen";"1020 020"
"Gymnasien (Klassenstufen 5 bis 10), Sekundarbereich I, Dienstleistungen";"1020 010"
"Gymnastikkurse";"0946 209"
"Gymnastikmatten";"0922 129"
"Gyros vom Schwein, zubereitet";"0112 509"
"Haarbürsten";"1312 102"
"Haarentfernung";"1313 204"
"Haarentfernungsmittel";"1312 240"
"Haarersatz";"1312 102"
"Haarfarben";"1312 212"
"Haarfärben für Damen";"1313 129"
"Haarfestiger";"1312 212"
"Haarfixative";"1312 212"
"Haarföngeräte, elektrisch";"1311 102"
"Haargel";"1312 212"
"Haarglätter, elektrisch";"1311 102"
"Haargummis";"1312 102"
"Haarklemmen";"1312 102"
"Haarnadeln";"1312 102"
"Haarnetze";"1312 102"
"Haaröl";"1312 212"
"Haarpflegegeräte, nichtelektrisch";"1312 102"
"Haarpflegemittel, Frisierartikel";"1312 212"
"Haarschmuck aus Edelmetall, echten Perlen, Edel- oder Schmucksteinen";"1321 112"
"Haarschmuck aus unedlem Metall, Kunststoff, Glas u.ä.";"1321 111"
"Haarschneidemaschinen, elektrisch";"1311 101"
"Haarschneidemaschinen, nichtelektrisch";"1312 102"
"Haarschneiden für Damen (einschl. Waschen und Föhnen)";"1313 121"
"Haarschneiden für Herren";"1313 111"
"Haarschneiden für Jungen";"1313 112"
"Haarschneiden für Mädchen";"1313 112"
"Haarshampoos";"1312 211"
"Haarspangen";"1312 102"
"Haarsprays";"1312 212"
"Haartönungen";"1312 212"
"Haartrimmer, elektrisch";"1311 101"
"Haartrimmer, mechanisch";"1312 101"
"Haartrockenhauben, elektrisch";"1311 102"
"Haartrockner, elektrisch";"1311 102"
"Haarverdichtung für Damen";"1313 129"
"Haarverlängerung für Damen";"1313 129"
"Haarwaschmittel";"1312 211"
"Haarwässer";"1312 212"
"Haarwickler, nichtelektrisch";"1312 102"
"Hacken, motorisch angetrieben";"0551 001"
"Hacken, nichtmotorisch angetrieben";"0552 104"
"Hacken von Holz, Dienstleistungen";"0562 909"
"Hackfleisch, frisch oder gefroren (ohne zubereitetes Hackfleisch), Rindfleisch";"0112 217"
"Hackfleisch, frisch oder gefroren (ohne zubereitetes Hackfleisch), Schweinefleisch";"0112 220"
"Hackfleisch, halb und halb";"0112 220"
"Hackfleisch, zubereitet";"0112 509"
"Hafenleistungen für Boote";"0942 206"
"Haferdrink";"0114 400"
"Haferflocken";"0111 401"
"Hafergrieß";"0111 401"
"Hafergrütze";"0111 401"
"Haferkerne";"0111 401"
"Hafermark";"0111 401"
"Hafermehl für Speisezwecke";"0111 401"
"Haftentschädigung";"0031 639"
"Haftpflichtversicherungen, allgemein, Entgelte für Dienstleistungen (ohne Versicherungsbeiträge)";"1219 000"
"Haftpflichtversicherungen, Bootshaftpflichtversicherung, Prämien";"1639 800"
"Haftpflichtversicherungen, Gewässerschadenversicherung, Prämien";"1673 000"
"Haftpflichtversicherungen, Grundbesitzer-Haftpflichtversicherung, Prämien";"1673 000"
"Haftpflichtversicherungen, Kraftfahrzeug-Haftpflichtversicherung, Prämien";"1633 100"
"Haftpflichtversicherungen, Personen-Haftpflichtversicherung, Prämien";"1639 100"
"Haftpflichtversicherungen, Prämienerstattungen und Versicherungsleistungen";"0033 2"
"Haftpflichtversicherungen für Anhänger";"1633 100"
"Haftpflichtversicherungen für Kraftfahrzeuge, Entgelte für Dienstleistungen für den Verkehr (ohne Versicherungsbeiträge)";"1214 100"
"Hagebutten, frisch oder gekühlt";"0116 409"
"Hagebuttentees, Verzehr in Kantinen, Mensen, a.n.g.";"1112 900"
"Hagebuttentees, Verzehr in Kantinen, Mensen von Hochschulen, Schulen und Kindergärten";"1112 100"
"Hagebuttentees, Verzehr in Restaurants, Cafés, Bars, mit umfassender Bedienungsleistung";"1111 155"
"Hagebuttentees";"0123 003"
"Hähnchen, gefroren (ohne Innereien u.a. Schlachtnebenprodukte)";"0112 241"
"Hähnchen, geschlachtet, frisch (ohne Innereien u.a. Schlachtnebenprodukte)";"0112 241"
"Hähnchen, lebend";"0112 100"
"Hähnchen, lebend";"0932 103"
"Hähnchen, mit Pommes frites, verzehrfertig, von Lieferservices";"1111 207"
"Hähnchen, mit Pommes frites, verzehrfertig, zum Mitnehmen, Straßenverkauf, mit Getränken";"1111 204"
"Hähnchen, mit Pommes frites, verzehrfertig, zum Mitnehmen, Straßenverkauf, ohne Getränke";"1111 205"
"Hähnchen, mit Pommes frites, verzehrfertig, zum sofortigen Verbrauch an Imbissständen, mit Getränken";"1111 204"
"Hähnchen, mit Pommes frites, verzehrfertig, zum sofortigen Verbrauch an Imbissständen, ohne Getränke";"1111 205"
"Hähnchen, mit Pommes frites, Verzehr in Kantinen, Mensen, a.n.g.";"1112 900"
"Hähnchen, mit Pommes frites, Verzehr in Kantinen, Mensen von Hochschulen, Schulen und Kindergärten";"1112 100"
"Hähnchen, mit Pommes frites, Verzehr in Restaurants, Cafés, Bars, mit umfassender Bedienungsleistung";"1111 115"
"Hähnchenfilet, -schnitzel, frisch";"0112 241"
"Hähnchenfilet, -schnitzel, tiefgefroren";"0112 241"
"Hähnchenschenkel, frisch";"0112 241"
"Hähnchenschenkel, gefroren";"0112 241"
"Hair Extensions";"1313 129"
"Häkelgarne";"0313 201"
"Häkelnadeln";"0561 909"
"Haken, Befestigungsmaterial";"0561 905"
"Haken für Bekleidung, Haushaltswäsche und Heimtextilien";"0313 209"
"Haken für Feuerstellen";"0552 208"
"Halbedelsteine";"0921 208"
"Halbgaragen für Kraftfahrzeuge";"0721 305"
"Halbröcke, Unterröcke  für Damen";"0312 279"
"Halbröcke, Unterröcke  für Mädchen";"0312 298"
"Halbschuhe für Damen (ohne orthopädische Schuhe)";"0321 210"
"Halbschuhe für Herren (ohne orthopädische Schuhe)";"0321 110"
"Halbschuhe für Kinder (ohne orthopädische Schuhe)";"0321 310"
"Hallenbäder, Eintrittsgelder (ohne Thermalbäder)";"0946 201"
"Hallenschuhe für Damen (ohne Spezialsportschuhe)";"0321 250"
"Hallenschuhe für Herren (ohne Spezialsportschuhe)";"0321 150"
"Hallenschuhe für Kinder (ohne Spezialsportschuhe )";"0321 350"
"Halogenlampen";"0552 202"
"Halogenlampen für Kraftfahrzeuge";"0721 201"
"Halsketten aus Edelmetall, echten Perlen, Edel- oder Schmucksteinen";"1321 112"
"Halsketten aus unedlem Metall, Kunststoff, Glas u.ä.";"1321 111"
"Halstücher";"0313 107"
"Halter für Frischhaltefolien und Haushaltsrollen";"0561 909"
"Halter für Handtücher";"0540 329"
"Halter für Haushaltsrollen und Frischhaltefolien";"0561 909"
"Hamburger, Verzehr in Fastfoodrestaurants, mit Getränken, mit eingeschränkten Bedienungsleistungen";"1111 202"
"Hamburger, Verzehr in Fastfoodrestaurants, ohne Getränke, mit eingeschränkten Bedienungsleistungen";"1111 203"
"Hamburger, Verzehr in Kantinen, Mensen, a.n.g.";"1112 900"
"Hamburger, Verzehr in Kantinen, Mensen von Hochschulen, Schulen und Kindergärten";"1112 100"
"Hamburger, Verzehr in Restaurants, Cafés, Bars, mit umfassender Bedienungsleistung";"1111 113"
"Hamburger, warm, verzehrfertig, von Lieferservices";"1111 207"
"Hamburger, warm, verzehrfertig, zum Mitnehmen, Straßenverkauf, mit Getränken";"1111 204"
"Hamburger, warm, verzehrfertig, zum Mitnehmen, Straßenverkauf, ohne Getränke";"1111 205"
"Hamburger, warm, verzehrfertig, zum sofortigen Verbrauch an Imbissständen, mit Getränken";"1111 204"
"Hamburger, warm, verzehrfertig, zum sofortigen Verbrauch an Imbissständen, ohne Getränke";"1111 205"
"Hammelbraten, Konserven";"0112 508"
"Hammelfett für Speisezwecke";"0115 900"
"Hammelfleisch, frisch oder gefroren (ohne Innereien)";"0112 230"
"Hammelfleisch, Konserven";"0112 508"
"Hammelkotelett, frisch oder gefroren";"0112 230"
"Hammeltalg für Speisezwecke";"0115 900"
"Hämmer, Handwerkzeuge";"0552 105"
"Hamster, lebend";"0932 102"
"Handarbeitsbücher";"0971 906"
"Handarbeitsgarne";"0313 201"
"Handarbeitskästen";"0511 409"
"Handarbeitskurse";"0946 103"
"Handarbeitsnadeln";"0561 909"
"Handarbeitsunterricht";"0946 103"
"Handarbeitswollgarne";"0313 201"
"Handbälle";"0922 121"
"Handbohrer";"0552 105"
"Handbohrmaschinen, elektrisch";"0551 002"
"Handcremes";"1312 234"
"Handelsdünger";"0931 101"
"Handfeger";"0561 121"
"Handfeuerlöscher (ohne Autofeuerlöscher)";"0431 200"
"Handgelenkschoner";"0922 129"
"Handharmonikas, nichtelektronisch";"0951 003"
"Handkäse";"0114 504"
"Handkoffer aus Leder, Kunststoff oder anderem Material (ohne Aktenkoffer)";"1329 111"
"Handlampen";"0552 204"
"Handleuchten, elektrisch (ohne Batterieleuchten), Taschenlampen";"0552 204"
"Handlotionen";"1312 234"
"Handpflege";"1313 204"
"Handpflegeinstrumente, nichtelektrisch";"1312 105"
"Handpflegemittel";"1312 234"
"Handrasenlüfter, nichtmotorisch angetrieben";"0552 104"
"Handrasenmäher, Ersatzteile";"0552 104"
"Handrasenmäher, nichtmotorisch angetrieben";"0552 104"
"Handreinigungsmittel (ohne Seifen)";"1312 240"
"Handrührgeräte, elektrisch";"0532 102"
"Handsägen";"0552 105"
"Handschuhe, medizinisch";"0612 209"
"Handschuhe aus Gummi, für den Haushalt";"0561 909"
"Handschuhe aus Kunststofffolien, für die Gesundheitspflege, Einwegartikel";"0612 209"
"Handschuhe für Damen";"0313 105"
"Handschuhe für Herren";"0313 104"
"Handschuhe für Kinder";"0313 106"
"Handspiegel (ohne solche aus Edelmetall)";"1312 105"
"Handstrickmaschinen";"0531 900"
"Handstrickwollgarne";"0313 201"
"Handtaschen aus Leder, Kunststoff oder anderem Material, für Damen und Mädchen";"1329 112"
"Handtaschen aus Leder, Kunststoff oder anderem Material, für Herren";"1329 112"
"Handtaschenhalter";"1329 139"
"Handtücher, Miete für";"0522 000"
"Handtücher (ohne Papierhandtücher)";"0521 302"
"Handtuchhalter";"0540 329"
"Handtuchstoffe, Meterware";"0521 909"
"Handwagen für die Gartenpflege";"0552 104"
"Handwebrahmen";"0531 900"
"Handwebstühle";"0531 900"
"Handwerkzeuge, elektrisch";"0551 002"
"Handwerkzeuge, nichtelektrisch";"0552 105"
"Handy, Kauf ohne Vertrag und ohne SIM-Karte";"0812 000"
"Handyfreisprechanlage (Head-Set)";"0819 100"
"Handy-Gebühren, Postpaid (Mobiltelefonverträge), Spezialtarife mit pauschaler Abrechnung (Flatrates), in internationale Fest- und Mobilfunknetze";"0832 221"
"Handy-Gebühren, Postpaid (Mobiltelefonverträge), Spezialtarife mit pauschaler Abrechnung (Flatrates), in nationale Fest- und Mobilfunknetze";"0832 211"
"Handy-Gebühren, Prepaid (jede Leistung wird von einem aufladbaren Guthabenkonto abgebucht), in internationale Fest- und Mobilfunknetze";"0832 222"
"Handy-Gebühren, Prepaid (jede Leistung wird von einem aufladbaren Guthabenkonto abgebucht), in nationale Fest- und Mobilfunknetze";"0832 212"
"Handy-Gebühren für gesprochene, geschriebene und Bild-Nachrichten, z.B. SMS, MMS";"0832 230"
"Handykette";"1329 139"
"Handy-Ladekabel";"0819 209"
"Handytasche";"1329 119"
"Handyversicherungen";"1639 800"
"Hängeleuchten, elektrisch, Wohnraumleuchten";"0511 301"
"Hängematten";"0511 200"
"Hängeschränke, Küchenschränke";"0511 133"
"Hantelbänke";"0922 124"
"Hanteln";"0922 124"
"Harfen, nichtelektronisch";"0951 002"
"Harken, Bodenbearbeitungsgeräte";"0552 104"
"Harmonien, nichtelektronisch";"0951 002"
"Harmonikas, nichtelektronisch";"0951 003"
"Harpunen für die Sportfischerei";"0922 115"
"Hartgrieß";"0111 205"
"Hartkaramellen";"0118 903"
"Hartkäse";"0114 501"
"Hartkekse (auch mit Schokoladenüberzug)";"0111 351"
"Hartspiritus";"0454 900"
"Hartwurst, Rohwurst";"0112 310"
"Harzer Käse";"0114 504"
"Haselnüsse mit oder ohne Schale";"0116 801"
"Haselnusskerne, unbearbeitet";"0116 801"
"Hasen, erlegt, frisch oder gefroren (ohne Innereien)";"0112 250"
"Hasenfleisch, frisch oder gefroren (ohne Innereien)";"0112 250"
"Hauer, Haumesser u.ä.";"0552 104"
"Hauptentschädigung aus dem Lastenausgleich";"0031 639"
"Hauptgericht und Nachtisch, nicht aufteilbare Ausgaben, Verzehr in Kantinen, Mensen, a.n.g.";"1112 900"
"Hauptgericht und Nachtisch, nicht aufteilbare Ausgaben, Verzehr in Kantinen, Mensen von Hochschulen, Schulen und Kindergärten";"1112 100"
"Hauptgericht und Nachtisch, nicht aufteilbare Ausgaben, Verzehr in Restaurants, Cafés, Bars, mit umfassender Bedienungsleistung";"1111 119"
"Hauptgericht und Nachtisch, Verzehr aus Automaten und in öffentlichen Verkehrsmitteln, sofern nicht im Fahrpreis enthalten, mit Getränken";"1111 204"
"Hauptgericht und Nachtisch, Verzehr aus Automaten und in öffentlichen Verkehrsmitteln, sofern nicht im Fahrpreis enthalten, ohne Getränke";"1111 205"
"Hauptschulen, Sekundarbereich I, Dienstleistungen";"1020 010"
"Hausabriss, werterhöhende Maßnahme für das Grundstück";"1663 000"
"Hausanzüge für Damen";"0312 273"
"Hausapotheken, gefüllt";"0612 302"
"Hausbau, Ausgaben";"1661 000"
"Hausbriefkästen aus Holz";"0540 329"
"Hausbriefkästen aus Kunststoff";"0540 329"
"Hausbriefkästen aus Metall";"0540 329"
"Häuser, Modellbausätze";"0921 205"
"Häusermodelle, Bausätze";"0921 205"
"Hausgeld für nicht selbst genutzte Eigentumswohnungen";"1679 600"
"Haushaltsgeräte, eigene Reparaturen";"0561 909"
"Haushaltsgeräte, Zubehörteile";"0561 909"
"Haushaltskrepp";"0561 902"
"Haushaltskühlschränke, elektrisch";"0531 101"
"Haushaltsleitern, Stehleitern";"0552 101"
"Haushaltsmesser, elektrisch";"0532 102"
"Haushaltsmesser, nichtelektrisch";"0540 202"
"Haushaltsschwämme";"0561 123"
"Haushaltswaagen, Küchenwaagen, nicht elektrisch";"0540 321"
"Haushaltswäsche, Miete für";"0522 000"
"Haushaltswäsche, Reparaturen an";"0522 000"
"Hauskauf, Ausgaben";"1661 000"
"Häusliche Pflege mit dem Ziel, eine Verschlechterung des Gesundheitszustandes aufzuhalten oder zu Verlangsamen oder Funktionen aufrecht zu erhalten";"0623 203"
"Hausmeisterkosten, Ausgaben der Eigentümerinnen und Eigentümer für vermietete Wohnungen";"1679 400"
"Hausratversicherung, Prämien, Versicherungsleistungen";"1639 300"
"Hausratversicherung, Prämienerstattung, Versicherungsleistungen";"0033 230"
"Hausreinigungskosten, Ausgaben der Eigentümerinnen und Eigentümer für vermietete Wohnungen";"1679 400"
"Hausschlachtungen, Dienstleistungen";"0562 909"
"Hausschuhe für Damen";"0321 240"
"Hausschuhe für Herren";"0321 140"
"Hausschuhe für Kinder";"0321 340"
"Haustiere, lebend";"0932 1"
"Haustürschlösser";"0431 108"
"Hausverwaltungskosten, Ausgaben der Eigentümerinnen und Eigentümer für vermietete Wohnungen";"1679 400"
"Hauswartkosten, Ausgaben der Eigentümerinnen und Eigentümer für vermietete Wohnungen";"1679 400"
"Hautbemalung mit Henna";"1313 204"
"Hautöle";"1312 234"
"Hautpflegemittel";"1312 234"
"Hautscheren";"1312 105"
"HD-Boxen";"0814 023"
"HDF-Platten, als Bodenbeläge";"0431 104"
"HDMI-Kabel";"0552 204"
"HD-Receiver";"0814 023"
"Hebammenleistungen, ambulant";"0623 105"
"Hebegebühren für Versicherungsprämien, a.n.g.";"1219 000"
"Hebegebühren für Versicherungsprämien der Lebensversicherungen";"1211 001"
"Hebegeräte für Kraftfahrzeuge";"0721 305"
"Hechte, frisch, gekühlt";"0113 101"
"Hechte, gefroren";"0113 102"
"Heckenscheren, motorisch angetrieben";"0551 001"
"Heckenscheren, nichtmotorisch angetrieben";"0552 104"
"Hefeextrakt zum Backen";"0119 905"
"Hefegebäck, frisch, Verzehr in Kantinen, Mensen, a.n.g.";"1112 900"
"Hefegebäck, frisch, Verzehr in Kantinen, Mensen von Hochschulen, Schulen und Kindergärten";"1112 100"
"Hefegebäck, frisch, Verzehr in Restaurants, Cafés, Bars, mit umfassender Bedienungsleistung";"1111 121"
"Hefegebäck";"0111 330"
"Hefeteilchen";"0111 330"
"Hefe zum Backen";"0119 905"
"Heftapparate, Büroartikel";"0974 007"
"Heftklammern, Büroartikel";"0974 007"
"Heftpflaster, medizinisch";"0612 303"
"Heftsägen";"0552 105"
"Heftzwecken";"0561 905"
"Heidelbeeren, frisch oder gekühlt";"0116 409"
"Heidelbeeren, gefroren";"0116 600"
"Heidelbeerkonserven";"0116 907"
"Heidelbeerquark, Verzehr in Kantinen, Mensen, a.n.g.";"1112 900"
"Heidelbeerquark, Verzehr in Kantinen, Mensen von Hochschulen, Schulen und Kindergärten";"1112 100"
"Heidelbeerquark, Verzehr in Restaurants, Cafés, Bars, mit umfassender Bedienungsleistung";"1111 118"
"Heidelbeerquark";"0114 705"
"Heidelbeerweine, Verzehr in Kantinen, Mensen, a.n.g.";"1112 900"
"Heidelbeerweine, Verzehr in Kantinen, Mensen von Hochschulen, Schulen und Kindergärten";"1112 100"
"Heidelbeerweine, Verzehr in Restaurants, Cafés, Bars, mit umfassender Bedienungsleistung";"1111 143"
"Heidelbeerweine";"0212 220"
"Heilbäder, Dienstleistungen der Krankenhäuser, stationäre Behandlung (ohne Pflegeheime)";"0631 002"
"Heilbutt, frisch, gekühlt";"0113 101"
"Heilbutt, gefroren";"0113 102"
"Heilende Steine";"0613 306"
"Heilgeräten, Reparaturen an";"0614 000"
"Heilgymnastik";"0623 105"
"Heilmittel für Haustiere";"0932 204"
"Heilpraktikerleistungen";"0623 105"
"Heilsteine";"0613 306"
"Heimarbeiterlohn, brutto";"0011 110"
"Heimatvereine u.ä., laufende Beiträge";"1641 200"
"Heimatvereine u.ä.,  Mitgliedsbeiträge";"1641 200"
"Heimatvereine u.ä., Spenden und unregelmäßige Beiträge";"1642 200"
"Heimbügler, elektrisch";"0531 204"
"Heimkinosysteme, z.B. mit A/V-Verstärker, DVD/CD-Player, Lautsprecher-Sets";"0814 024"
"Heimsaunas, elektrisch";"1311 103"
"Heimsolarien für die Gesundheitspflege";"0612 305"
"Heimtextilien, Reparaturen an";"0522 000"
"Heimtextilien Miete für";"0522 000"
"Heimtiere, lebend";"0932 1"
"Heimtrainer, Fitnessgerät";"0922 124"
"Heimtrockenhauben, elektrisch";"1311 102"
"Heimwerkerbücher";"0971 906"
"Heiratsanzeigen, Zeitungsinserate";"1390 906"
"Heiratsvermittlungen, Entgelte für Dienstleistungen";"1390 909"
"Heiratsversicherungen, Dienstleistungen der Lebensversicherungen (ohne Versicherungsbeiträge)";"1211 001"
"Heiratsversicherungen, Kapitalauszahlungen, Beitragserstattungen, Gewinnbeteiligungen";"0077 200"
"Heiratsversicherungen, Prämien";"1687 300"
"Heißluftbacköfen";"0531 106"
"Heißluftballone";"0912 200"
"Heißluftherde, mit elektrischer Beheizung, Backöfen";"0531 106"
"Heißluftherde, mit elektrischer Beheizung, Kochmulden und -felder";"0531 105"
"Heißluftpistole";"0551 002"
"Heizdecken";"0532 102"
"Heizdecken";"0532 909"
"Heizgeräten, Reparaturen an";"0533 001"
"Heizkissen";"0532 102"
"Heizkörper auf Kosten der Mieterinnen und der Mieter, Reparaturen an";"0432 003"
"Heizkörper auf Kosten der Mieterinnen und der Mieter";"0431 108"
"Heizkörper für die Wohnungsinstandsetzung, auf Kosten der Eigentümerinnen und Eigentümer";"1675 100"
"Heizkörpern auf Kosten der Eigentümerinnen und Eigentümer, Reparaturen an";"1675 100"
"Heizlüfter, elektrisch, Raumheizgeräte";"0531 306"
"Heizöfen mit elektrischer Beheizung, Raumheizgeräte";"0531 306"
"Heizöfen mit Gasbeheizung, Raumheizgeräte";"0531 306"
"Heizöfen mit Holz- und Kohlenbeheizung, Raumheizgeräte";"0531 306"
"Heizöfen mit Ölbeheizung, Raumheizgeräte";"0531 306"
"Heizöl, Ausgaben der Eigentümerinnen und Eigentümer für vermietete Wohnungen";"1679 500"
"Heizöl, Ausgaben der Wohnungsinhaberinnen und Wohnungsinhaber";"0453 002"
"Heizöl (einschl. anderer flüssiger Brennstoffe; zum Bruttoeinkommen aus unselbständiger Arbeit gehörende Sachleistungen)";"0012 107"
"Heizölkanister";"0540 325"
"Heizölkannen";"0540 325"
"Heizsonnen, Raumheizgeräte";"0531 306"
"Heizspiralen, Raumheizgeräte";"0531 306"
"Heizstäbe für Waschmaschinen";"0552 204"
"Heizungsbrennerinspektionskosten, Ausgaben der Eigentümerinnen und Eigentümer für vermietete Wohnungen";"1675 100"
"Heizungskosten, Ausgaben der Eigentümerinnen und Eigentümer für vermietete Wohnungen";"1679 500"
"Heizventilatoren, Reparaturen an";"0533 001"
"Hemdenbügler";"0531 204"
"Hemden für Säuglinge, aus Gewebe, Säuglingswäsche";"0312 303"
"Hemdenstoffe für Herren-, Damen- und Kinderwäsche, Meterware";"0311 000"
"Hennafarben für Körperbemalung";"1312 232"
"Herde mit elektrischer Beheizung, kombinierte Back- und Kochgeräte";"0531 107"
"Herde mit Gasbeheizung, kombinierte Back- und Kochgeräte";"0531 107"
"Herde mit Holz- und Kohlenbeheizung, kombinierte Back- und Kochgeräte";"0531 107"
"Herde mit Ölbeheizung, kombinierte Back- und Kochgeräte";"0531 107"
"Herden, Reparaturen an";"0533 001"
"Herdpflegemittel";"0561 115"
"Herdreinigung";"0562 909"
"Herdsetzerarbeiten (ohne Reparaturen), falls separat berechnet";"0533 003"
"Heringe, frisch, gekühlt";"0113 101"
"Heringe, gefroren";"0113 102"
"Heringe, geräuchert";"0113 200"
"Heringe, gesalzen";"0113 200"
"Heringe, in Tomatensoße, Konserven";"0113 301"
"Heringsdipp, Marinaden";"0113 302"
"Heringssalat, Verzehr in Kantinen, Mensen, a.n.g.";"1112 900"
"Heringssalat, Verzehr in Kantinen, Mensen von Hochschulen, Schulen und Kindergärten";"1112 100"
"Heringssalat, Verzehr in Restaurants, Cafés, Bars, mit umfassender Bedienungsleistung";"1111 114"
"Heringssalat";"0113 304"
"Heringsstipp, Marinaden";"0113 302"
"Herrendiener";"0511 170"
"Herrenhandschuhe";"0313 104"
"Herrenhandtaschen aus Leder, Kunststoff oder anderem Material";"1329 112"
"Herrenhüte (ohne gewirkte, gestrickte und solche aus Pelz)";"0313 102"
"Herrenkniestrümpfe";"0312 170"
"Herrenoberbekleidung, Reparaturen an";"0314 200"
"Herrenoberbekleidungsstoffe, Meterware";"0311 000"
"Herrenschirme";"1329 134"
"Herrensocken";"0312 170"
"Herrenstrümpfe";"0312 170"
"Herrenstrumpfhosen";"0312 170"
"Herrenumhängetaschen aus Leder, Kunststoff oder anderem Material";"1329 112"
"Herrenwäsche, Reparaturen an";"0314 200"
"Herz, frisch oder gefroren";"0112 400"
"Heuer aus einem Arbeits- oder Dienstverhältnis, brutto";"0011 110"
"Heu für Haustiere";"0932 209"
"Heugabeln";"0552 104"
"Hifi-Kompaktanlagen";"0814 015"
"Hilfsmotoren für Fahrräder";"0721 208"
"Himbeeren, frisch oder gekühlt";"0116 409"
"Himbeeren, gefroren";"0116 600"
"Himbeergeist";"0211 040"
"Himbeersaft";"0121 003"
"Himbeersirup";"0129 009"
"Hinterbliebenenpensionen, öffentlich, als Waisengeld";"0031 730"
"Hinterbliebenenpensionen, öffentlich, als Witwen- und Witwergeld";"0031 730"
"Hinterbliebenenrenten aus der gesetzlichen Rentenversicherung, an Witwen, Witwer und frühere Ehegatten";"0031 120"
"Hinterbliebenenrenten aus der gesetzlichen Rentenversicherung, für Waisen";"0031 120"
"Hinterbliebenenrenten aus der gesetzlichen Unfallversicherung, an Eltern";"0031 300"
"Hinterbliebenenrenten aus der gesetzlichen Unfallversicherung, an Witwen, Witwer und frühere Ehegatten";"0031 300"
"Hinterbliebenenrenten aus der gesetzlichen Unfallversicherung, für Waisen";"0031 300"
"Hinterbliebenenrenten aus der Haftpflichtversicherung";"0033 220"
"Hinterbliebenenrenten aus der knappschaftlichen Rentenversicherung, an Witwen, Witwer und frühere Ehegatten";"0031 120"
"Hinterbliebenenrenten aus der knappschaftlichen Rentenversicherung, für Waisen";"0031 120"
"Hinterbliebenenrenten aus der Kriegsopferversorgung, an Eltern";"0031 680"
"Hinterbliebenenrenten aus der Kriegsopferversorgung, an Witwen, Witwer und frühere Ehegatten";"0031 680"
"Hinterbliebenenrenten aus der Kriegsopferversorgung, für Waisen";"0031 680"
"Hinterbliebenenrenten aus privater Unfallversicherung";"0033 220"
"Hinterbliebenenrenten aus Zusatzversorgungskassen des öffentlichen Dienstes, an Witwen und Witwer";"0033 132"
"Hinterbliebenenrenten aus Zusatzversorgungskassen des öffentlichen Dienstes, für Waisen";"0033 132"
"Hintergrundstrahlung, Messung von gesundheitsschädlichen Stoffen in der Wohnung, Ausgaben der Wohnungsinhaberinnen und Wohnungsinhaber (ohne Umlagen)";"0444 909"
"Hirn, frisch oder gefroren";"0112 400"
"Hirschfleisch, frisch oder gefroren (ohne Innereien)";"0112 250"
"Hirschhornsalz";"0119 905"
"Hirse";"0111 102"
"Hirsegrütze";"0111 403"
"Hobbykurse, a.n.g";"0969 005"
"Hobbykurse, außerschulischer Einzel- oder Gruppenunterricht in Bridge, Schach, Nähen, Kochen usw.";"0946 103"
"Hobbyzeitschriften";"0972 203"
"Hobel, Handwerkzeuge";"0552 105"
"Hobelbänke";"0552 105"
"Hochdruck-Pressluftflaschen";"0912 901"
"Hochdruckreiniger";"0551 002"
"Hochseekreuzfahrten mit Unterhaltungs- und Freizeitprogramm im Ausland";"0980 008"
"Hochstühle für Kleinkinder";"0511 150"
"Hochzeitsgeschenke in Geld an andere private Haushalte, Ausgaben";"1643 200"
"Hocker, Küchensitzmöbel";"0511 131"
"Hockeyschläger";"0922 119"
"Höhensonnen, Reparaturen an";"1311 200"
"Höhensonnen";"1311 103"
"Höhlen, Eintrittsgelder";"0962 001"
"Hohlfiguren, Schokoladenerzeugnisse";"0118 509"
"Hollywoodschaukeln";"0511 200"
"Holunderbeeren, frisch oder gekühlt";"0116 409"
"Holunderbeersaft";"0121 003"
"Holzbrettchen, Tafelgeschirr";"0540 328"
"Holzfässer";"0540 325"
"Holz-Feuchtigkeitsmesser";"0551 002"
"Holz für Brennzwecke";"0454 200"
"Holzhacken, Dienstleistungen";"0562 909"
"Holzknöpfe für Bekleidung, Haushaltswäsche und Heimtextilien";"0313 209"
"Holzkoffer, Handkoffer";"1329 111"
"Holzkohle für Brennzwecke";"0454 300"
"Holzlasur für Schönheitsreparaturen, auf Kosten der Wohnungsinhaberinnen und Wohnungsinhaber";"0431 101"
"Holzleisten, Fußleisten u.ä., für die Wohnungsinstandsetzung auf Kosten der Mieterinnen und der Mieter";"0431 108"
"Holzleisten, Fußleisten u.ä. für die Wohnungsinstandsetzung, auf Kosten der Eigentümerinnen und Eigentümer";"1675 100"
"Holzlöffel, Küchengeräte";"0540 321"
"Holzperlen für Bastelzwecke";"0921 209"
"Holzpfähle für den Garten";"0931 105"
"Holzpflegemittel";"0561 115"
"Holzpfosten für den Garten";"0931 105"
"Holzschneiden, Dienstleistungen";"0562 909"
"Holzschnitte, Originale";"0511 407"
"Holzschnitzereien, Originale";"0511 407"
"Holzschuhe für Damen";"0321 210"
"Holzschuhe für Herren";"0321 110"
"Holzschuhe für Kinder";"0321 310"
"Holzschutzmittel für Schönheitsreparaturen, auf Kosten der Wohnungsinhaberinnen und Wohnungsinhaber";"0431 103"
"Holzspanplatten, Baustoffe auf Kosten der Mieterinnen und der Mieter";"0431 108"
"Holzspanplatten für werterhaltende Maßnahmen der Eigentümerinnen und Eigentümer";"1675 100"
"Holzspanplatten für werterhöhende Maßnahmen der Eigentümerinnen und Eigentümer";"1663 000"
"Holzstifte, Schuhreparaturbedarf für Damenschuhe";"0321 290"
"Holzstifte, Schuhreparaturbedarf für Herrenschuhe";"0321 190"
"Holzstifte, Schuhreparaturbedarf für Kinderschuhe";"0321 390"
"Homebankinggebühren, ohne Überweisungsgebühren, a.n.g.";"1222 000"
"Homebankinggebühren, Überweisungsgebühren";"1229 100"
"Homepages, Erstellen von";"1390 909"
"Homöopathie";"0623 105"
"Homöopathische Präparate, apothekenpflichtig";"0611 220"
"Honig";"0118 306"
"Honiggläser";"0540 105"
"Honigkuchen";"0111 352"
"Honigmelonen, frisch oder gekühlt";"0116 502"
"Honigschleudern";"0932 202"
"Honigweine , a.n.g.";"0212 165"
"Honigweine , ohne Alkohol";"0212 162"
"Honigweine, Verzehr in Kantinen, Mensen, a.n.g.";"1112 900"
"Honigweine, Verzehr in Kantinen, Mensen  von Hochschulen";"1112 100"
"Honigweine, Verzehr in Restaurants, Cafés, Bars, mit umfassender Bedienungsleistung";"1111 143"
"Honorare aus freiberuflicher, unterrichtender und erzieherischer Nebentätigkeit";"0013 900"
"Honorare aus freiberuflicher, wissenschaftlicher, künstlerischer und schriftstellerischer Nebentätigkeit";"0013 900"
"Honorare für Architekten u.ä., Hausbau";"1661 000"
"Honorare für Makler, für den Kauf von Grundstücken, Gebäuden und Eigentumswohnungen";"1661 000"
"Honorare für Notare, Rechtsanwälte, für den Kauf von Grundstücken, Gebäuden und Eigentumswohnungen";"1661 000"
"Honorare für Rechtsberatung (ohne Gerichtskosten, Steuerberatungsgebühren und Notargebühren für den Kauf von Grundstücken, Gebäuden und Eigentumswohnungen)";"1390 903"
"Honorare für Steuerberatung";"1390 904"
"Hörbücher auf CDs, elektronische Bücher ohne Bildungsbezug";"0971 909"
"Hörbücher auf CDs, Lehrbücher";"0971 100"
"Hörbücher auf Kassetten, Elektronische Bücher ohne Bildungsbezug";"0971 909"
"Hörbücher auf Kassetten, Lehrbücher";"0971 100"
"Hörgeräte";"0613 203"
"Hörgeräten, Reparaturen an";"0614 000"
"Hormonpräparate, apothekenpflichtig (ohne solche für Tiere)";"0611 120"
"Hörnchen, Kleingebäck aus Brotteig (ohne Dauerbackwaren)";"0111 320"
"Hörner, Musikinstrumente";"0951 003"
"Hornknöpfe für Bekleidung, Haushaltswäsche und Heimtextilien";"0313 209"
"Hornspäne";"0931 101"
"Hosenanzüge für Damen, aus anderem Material (ohne Sportbekleidung)";"0312 222"
"Hosenanzüge für Damen, aus Baumwolle (ohne Sportbekleidung)";"0312 221"
"Hosenanzüge für Damen, aus zellulosischen und synthetischen Fasern und Fäden (ohne Sportbekleidung)";"0312 221"
"Hosenanzüge für Mädchen (ohne Sportbekleidung)";"0312 294"
"Hosen für Damen, kurz (ohne Sportbekleidung)";"0312 227"
"Hosen für Damen, lang (ohne Sportbekleidung)";"0312 227"
"Hosen für Herren, kurz (ohne Jeanshosen und Sportbekleidung)";"0312 129"
"Hosen für Herren, lang";"0312 129"
"Hosen für Jungen, lang (ohne Sportbekleidung)";"0312 183"
"Hosen für Mädchen, kurz (ohne Sportbekleidung)";"0312 294"
"Hosen für Mädchen, lang (ohne Sportbekleidung)";"0312 293"
"Hosen für Säuglinge";"0312 308"
"Hosengürtel";"0313 109"
"Hosenröcke für Damen";"0312 225"
"Hosenröcke für Mädchen";"0312 294"
"Hosenspanner";"0561 909"
"Hosenstoffe für Damen, Meterware";"0311 000"
"Hosenträger";"0313 109"
"Hospize, Aufwendungen für Verpflegung";"1330 200"
"Hospize, Miete für langfristige Aufenthalte";"1330 200"
"Hospize, nicht aufteilbare Leistungen für langfristige  Aufenthalte";"1330 200"
"Hospize, stationär";"0632 002"
"Hotelübernachtungen";"1120 101"
"Hoverbaords, elektrische Zweiräder mit Geschwindigkeitsbegrenzung bis 20 km/h";"0912 901"
"Hoverboards, Miete von";"0942 204"
"Hubschrauber";"0912 200"
"Hubschrauberflüge, Inlandsflüge";"0733 100"
"Hubschrauberflüge, internationale Flüge";"0733 200"
"Hufschmied, Dienstleistung für Pferde";"0945 001"
"Hufschuhe für Pferde";"0922 116"
"Hüftgürtel, Miederwaren";"0312 271"
"Hüfthalter, Miederwaren";"0312 271"
"Hugo, weinhaltiges Mischgetränk";"0212 165"
"Hühner, gefroren (ohne Innereien u.a. Schlachtnebenprodukte)";"0112 241"
"Hühner, geschlachtet, frisch (ohne Innereien u.a. Schlachtnebenprodukte)";"0112 241"
"Hühner, lebend";"0932 103"
"Hühneraugenpflaster";"0612 303"
"Hühnerbrühe";"0119 906"
"Hühnereier, frisch";"0114 801"
"Hühnerfleisch, Konserven";"0112 508"
"Hühnerfrikassee, gefroren, tafelfertig zubereitet";"0112 506"
"Hühnerfutter (ohne Arzneimittel)";"0932 201"
"Hühnerklein, frisch (ohne Innereien)";"0112 241"
"Hühnerklein, gefroren (ohne Innereien)";"0112 241"
"Hühnersuppen, Konservenfertiggerichte";"0119 132"
"Hühnersuppen, Trockensuppen";"0119 131"
"Hühnersuppen, Verzehr in Kantinen, Mensen, a.n.g.";"1112 900"
"Hühnersuppen, Verzehr in Kantinen, Mensen von Hochschulen, Schulen und Kindergärten";"1112 100"
"Hühnersuppen, Verzehr in Restaurants, Cafés, Bars, mit umfassender Bedienungsleistung";"1111 112"
"Hülsenfrüchte, frisch oder gekühlt";"0117 300"
"Hülsenfrüchte, getrocknet, ausgelöst (auch zerkleinert oder geschält)";"0117 600"
"Hülsenfrüchtemehl";"0117 922"
"Hülsen für Verpackungszwecke";"0561 902"
"Hülsengemüse, frisch oder gekühlt";"0117 300"
"Hummer, frisch, gekühlt (ohne Konserven)";"0113 401"
"Hummer, gefroren (ohne Konserven)";"0113 402"
"Hummererzeugnisse, Konserven";"0113 607"
"Hummererzeugnisse (ohne Konserven), gefroren";"0113 402"
"Hummererzeugnisse (ohne Konserven) frisch oder gekühlt";"0113 401"
"Humoristische Bücher";"0971 901"
"Hunde, lebend";"0932 102"
"Hundefutter";"0932 201"
"Hundehaftpflichtversicherung";"1639 800"
"Hundeleinen";"0932 202"
"Hundepensionen, Unterbringung in";"0945 009"
"Hundeschule";"0945 009"
"Hundesicherheitswesten";"0932 202"
"Hundesteuer";"1612 300"
"Hunde-Trimm-Maschinen, Gebrauchsgüter für die Heimtierhaltung";"0932 202"
"Hustenbonbons (ohne Arzneimittel)";"0118 903"
"Hustenmittel, apothekenpflichtig (ohne Hustenbonbons und solche für Tiere), ohne pflanzliche Arzneimittel und homöopathische Produkte";"0611 120"
"Hustenmittel, apothekenpflichtig (ohne Hustenbonbons und solche für Tiere), pflanzliche Arzneimittel und homöopathische Produkte";"0611 220"
"Hüte, aus Pelz";"0313 101"
"Hüte, gewirkt oder gestrickt";"0313 101"
"Hüte für Damen (ohne gewirkte, gestrickte und solche aus Pelz)";"0313 102"
"Hüte für Herren (ohne gewirkte, gestrickte und solche aus Pelz)";"0313 102"
"Hüte für Kinder (ohne gewirkte, gestrickte und solche aus Pelz)";"0313 103"
"Hüten, Reparaturen an";"0314 200"
"Hutfedern";"0313 209"
"Hutkoffer aus Leder, Kunststoff oder anderem Material";"1329 111"
"Hyazinthen, Topfblumen (einschl. Hydrokulturen)";"0931 222"
"Hydrokugeln, Seramis";"0931 102"
"Hydrokulturtopfpflanzen";"0931 212"
"Hygieneartikel (ohne Kondome und mechanische Empfängnisverhütungsmittel)";"1312 229"
"Hygieneartikel für Säuglinge";"1312 223"
"Hygrometer und kombinierte Instrumente";"1329 137"
"Hypotheken, Aufnahme, nicht bei Kreditinstituten";"0081 900"
"Hypotheken, Aufnahme bei Bausparkassen";"0081 200"
"Hypotheken, Aufnahme bei Kreditinstituten ohne Bausparkassen";"0081 100"
"Hypotheken, gewährt, Wiedereingang, Einnahmen";"0078 000"
"Hypotheken, Gewährung, Ausgaben";"1688 000"
"Hypotheken, Grundschulden und anderen Baudarlehen zur Finanzierung von Grundvermögen oder Kauf von Haus- und Grundbesitz, Einnahmen";"0081"
"Hypotheken, Tilgung";"1651 200"
"Hypotheken, Verzinsung";"1651 400"
"ICE-Zuschlag, internationaler Schienenverkehr";"0731 130"
"ICE-Zuschlag, nationaler Schienenverkehr";"0731 121"
"IC-Kurierdienst, Güterbeförderung in Inter-City-Zügen";"0736 009"
"Igelhäuser für den Garten";"0931 105"
"Ilex, Ziergehölze";"0931 225"
"Illustrierten";"0972 201"
"Imbiss im Fastfoodrestaurant, mit Getränken, mit eingeschränkten Bedienungsleistungen";"1111 202"
"Imbiss im Fastfoodrestaurant, ohne Getränke, mit eingeschränkten Bedienungsleistungen";"1111 203"
"Imbiss im Fastfoodrestaurant, zur Mitnahme, mit Getränken";"1111 204"
"Imbiss im Fastfoodrestaurant, zur Mitnahme, ohne Getränke";"1111 205"
"Imbiss im Schnellrestaurant, zur Mitnahme, mit Getränken";"1111 204"
"Imbiss im Schnellrestaurant, zur Mitnahme, ohne Getränke";"1111 205"
"Imkergeräte";"0932 202"
"Immobilienfonds, Anteile, Kauf";"1685 500"
"Immobilienfonds, Anteile, Verkauf";"0071 410"
"Immobilien für betriebliche Zwecke, Kauf";"1665 000"
"Immobilien für betriebliche Zwecke, Verkauf";"0062 000"
"Immobilien für private Zwecke, Kauf";"1661 000"
"Immobilien für private Zwecke, Verkauf";"0061 000"
"Immobilienmaklerentgelte für Wohnungsvermittlungen";"1390 907"
"Impfen von Hunden";"0945 002"
"Impfstoffe, apothekenpflichtig (ohne solche für Tiere)";"0611 120"
"Impfstoffe für Haustiere";"0932 204"
"Impfungen, ambulant";"0621 103"
"Imprägnieren von Bekleidung";"0314 110"
"Imprägnieren von Heimtextilien";"0562 901"
"Imprägniermittel für Textilien";"0561 111"
"Indirekt gemessene Finanzserviceleistung der Banken (FISIM)";"1221 000"
"Indoorspielplätze, Eintrittsgelder";"0946 101"
"Industrieobligationen, Kauf";"1685 100"
"Industrieobligationen, Verkauf";"0071 410"
"In-Ear Ohrhörer";"0814 091"
"Infrarot-Strahler für die Gesundheitspflege";"0612 305"
"Ingwer, Gewürze";"0119 402"
"Inhaliergeräte";"0612 305"
"Inkassogebühren";"1390 909"
"Inkontinenzunterlagen";"0613 306"
"Inkontinenzvorlagen";"0613 306"
"Inlandsflüge";"0733 100"
"Inlays";"0622 906"
"Inletts";"0521 205"
"Inline-Skaters, Miete für";"0942 204"
"Inline-Skaters, Miete für";"0946 208"
"Inline-Skaters";"0922 117"
"Innenjalousien aus allen Materialien";"0521 101"
"Innen- und Außenwäsche von Personenkraftwagen";"0723 011"
"Innereien für Futterzwecke, Hundefutter";"0932 201"
"Innungskrankenkassen, freiwillige Beiträge";"1622 500"
"Innungskrankenkassen, Pflichtbeiträge";"1621 590"
"Insassenversicherung, Kraftfahrzeugversicherung, Prämien";"1633 500"
"Insektenspray, Insektenschutzmittel für den Haushalt";"0561 906"
"Insektenspray, Insektizide für den Haushalt";"0561 906"
"Insektenvertilgungsmittel für den Garten";"0931 102"
"Insektenvertilgungsmittel für den Haushalt";"0561 906"
"Insektizide für den Haushalt";"0561 906"
"Inserate, Zeitungsinserate";"1390 906"
"Insolvenzgeld nach dem Sozialgesetzbuch III";"0031 570"
"Inspektionen an Kraftwagen und Kraftwagenanhängern";"0723 012"
"Installation einer Wandladestation für Elektroautos durch einen Ellektroinstallateur";"0432 002"
"Installationen von Campinggeräten";"0944 000"
"Installationen von Dunstabzugshauben, falls separat berechnet";"0533 003"
"Installationen von elektrischen Haushaltsgroßgeräten, falls separat berechnet";"0533 003"
"Installationen von elektrischen Haushaltsmaschinen, falls separat berechnet";"0533 003"
"Installationen von elektrischen Körperpflegegeräten";"1311 200"
"Installationen von elektrischen Leuchten";"0512 000"
"Installationen von Fernsehempfangsgeräten (einschl. Antennenanlagen)";"0839 901"
"Installationen von Geschirrspülmaschinen, falls separat berechnet";"0533 003"
"Installationen von Heizgeräten, falls separat berechnet";"0533 003"
"Installationen von Heizöfen, falls separat berechnet";"0533 003"
"Installationen von Herden, falls separat berechnet";"0533 003"
"Installationen von Informationsverarbeitungsgeräten und -programmen";"0839 903"
"Installationen von Kochgeräten, falls separat berechnet";"0533 003"
"Installationen von nichtelektrischen Gebrauchsgütern, für die Körperpflege";"1329 200"
"Installationen von Öfen, falls separat berechnet";"0533 003"
"Installationen von Phonogeräten";"0839 901"
"Installationen von Raumheizgeräten";"0533 003"
"Installationen von Rundfunkempfangsgeräten";"0839 901"
"Installationen von Schwimmbecken, auf Kosten der Mieterinnen und der Mieter";"0432 009"
"Installationen von Sportgeräten";"0944 000"
"Installationen von Ton- und Bildempfangs-, aufnahme- und wiedergabegeräten (einschl. Antennenanlagen)";"0839 901"
"Installationen von Videogeräten (einschl. Antennenanlagen)";"0839 901"
"Installationen von Warmwasserbereitern, falls separat berechnet";"0533 003"
"Installationen von Wäschetrocknern, falls separat berechnet";"0533 003"
"Installationen von Waschmaschinen, falls separat berechnet";"0533 003"
"Installationen von Wohnraumleuchten";"0512 000"
"Instandhaltungsrücklage für nicht selbst genutzte Eigentumswohnungen (keine Nebenkosten bzw. Umlagen)";"1675 300"
"Instandhaltungsrücklagen für selbst genutzte Eigentumswohnungen (Haupt-, Zwei- oder Freizeitwohnungen)";"1675 200"
"Instandhaltung von Eigentumswohnungen (ohne Schönheitsreparaturen an Eigentümerwohnungen)";"1675 100"
"Instandhaltung von Grundstücken (ohne Gartenpflege)";"1675 100"
"Instandhaltung von Wohngebäuden (ohne Reparaturen auf Kosten der Mieterinnen und der Mieter)";"1675 100"
"Instandsetzung von Eigentumswohnungen, werterhöhende bauliche Maßnahmen";"1663 000"
"Instandsetzung von Grundstücken, werterhöhende bauliche Maßnahmen";"1663 000"
"Instandsetzung von Wohngebäuden, werterhöhende bauliche Maßnahmen";"1663 000"
"Instant-Puddingpulver, a.n.g.";"0119 904"
"Instant-Puddingpulver, Desserts aus pflanzlichem Milchersatz";"0114 706"
"Insulin";"0611 120"
"Intarsien, Originale";"0511 407"
"Integrierte Gesamtschulen (Jahrgangsstufen 11 bis 13), Sekundarbereich II, allgemeinbildend, Dienstleistungen";"1020 020"
"Integrierte Gesamtschulen (Klassenstufen 5 bis 10), Sekundarbereich I, Dienstleistungen";"1020 010"
"intelligente Brillen";"0819 100"
"Interkontinentale Flüge";"0733 200"
"Internet-Flatrates und Telefon-Flatrates, im inländischen Festnetz sowie ggf. digitales Fernsehen in einem Paket";"0834 000"
"Internet-Modems";"0813 204"
"Internetsurfen in Klubs, Cafés o.ä. Einrichtungen";"0833 000"
"Internetzugangsgebühren";"0833 000"
"Invertsirup";"0118 208"
"Invertzuckercreme";"0118 208"
"Investmentzertifikate, Kauf";"1685 500"
"Investmentzertifikate, Verkauf";"0071 410"
"Iris, Schnittblumen";"0931 221"
"ISDN-Anlage, Kauf";"0811 009"
"Isoglukose";"0118 208"
"Isolierband für Fenster etc.";"0431 108"
"Isolierflaschen für Getränke";"0540 329"
"Isolierkannen für Getränke";"0540 329"
"Isoliertapeten für Schönheitsreparaturen, auf Kosten der Wohnungsinhaberinnen und Wohnungsinhaber";"0431 102"
"Isomatten für Camping";"0922 205"
"Isotonisches Getränk mit Kohlensäure";"0126 002"
"Isotonisches Getränk ohne Kohlensäure";"0126 004"
"Italienischer Salat auf Fleischbasis";"0112 505"
"Italienischkurse, nicht zum Erwerb von Berufsabschlüssen";"1050 900"
"Jacken für Damen (ohne Strickjacken und Sportbekleidung)";"0312 216"
"Jacken für Herren (ohne Sakkos, Strickjacken und Sportbekleidung)";"0312 117"
"Jacken für Jungen (ohne Strickjacken und Sportbekleidung)";"0312 182"
"Jacken für Mädchen (ohne Strickjacken und Sportbekleidung)";"0312 292"
"Jackenstoffe, Meterware";"0311 000"
"Jagdbüchsen";"0922 114"
"Jagdflinten";"0922 114"
"Jagdgeräte";"0922 114"
"Jagdgewehre";"0922 114"
"Jagdkartengebühren";"0946 207"
"Jagdmesser";"0922 114"
"Jagdpachten";"0946 207"
"Jagdscheingebühren";"1390 902"
"Jagdsportwaffen";"0922 114"
"Jagdsteuer";"1612 800"
"Jagdwurst, Brühwurst (ohne Konserven)";"0112 502"
"Jahresabschlussfahrt eines Lehrers mit Klasse, erstattete Kosten";"0095 000"
"Jahreskarten für Fahrten im internationalen Schienenfernverkehr";"0731 130"
"Jahreskarten für Fahrten im nationalen Schienenfernverkehr";"0731 122"
"Jahreskarten für Personen (ohne solche für Schüler, Studenten, Auszubildende), für den Schienennahverkehr der Hoch-, U-, Schwebe-, Straßenbahnen";"0731 203"
"Jahreskarten für Personen (ohne solche für Schüler, Studenten, Auszubildende), für den  Stadt- und Regionalverkehr der Eisenbahnunternehmen";"0731 113"
"Jahreskarten für Personen (ohne solche für Schüler, Studenten, Auszubildende), in Verkehrsverbünden, Tarif- und Verkehrsgemeinschaften";"0735 015"
"Jahreskarten für Personen (ohne solche für Schüler, Studenten, Auszubildende), mit Omnibussen im Fernverkehr (ohne internationaler Fernverkehr)";"0732 102"
"Jahreskarten für Personen (ohne solche für Schüler, Studenten, Auszubildende), mit Omnibussen im Nahverkehr";"0732 101"
"Jahreskarten für Personen (ohne solche für Schüler, Studenten, Auszubildende) mit Omnibussen, im internationalen Fernverkehr";"0732 103"
"Jahreskarten für Schüler, Studenten, Auszubildende, für den Schienennahverkehr der Hoch-, U-, Schwebe-, Straßenbahnen";"0731 202"
"Jahreskarten für Schüler, Studenten, Auszubildende, für den Stadt- und Regionalverkehr der Eisenbahnunternehmen";"0731 112"
"Jahreskarten für Schüler, Studenten, Auszubildende, in Verkehrsverbünden, Tarif- und Verkehrsgemeinschaften";"0735 013"
"Jahreskarten für Schüler, Studenten, Auszubildende, mit Omnibussen im Fernverkehr (ohne internationaler Fernverkehr)";"0732 102"
"Jahreskarten für Schüler, Studenten, Auszubildende, mit Omnibussen im Nahverkehr";"0732 300"
"Jahreskarten für Schüler, Studenten, Auszubildende mit Omnibussen, im internationalen Fernverkehr";"0732 103"
"Jahresuhren";"0511 408"
"Jahrmärkte, Entgelte für Karussellfahrten u.ä.";"0946 101"
"Jam, Konfitüre";"0118 302"
"Jäter für den Garten";"0552 104"
"Jeansanzüge für Damen (ohne Sportbekleidung)";"0312 221"
"Jeansanzüge für Herren (ohne Sportbekleidung)";"0312 122"
"Jeansanzüge für Jungen (ohne Sportbekleidung)";"0312 187"
"Jeansanzüge für Mädchen (ohne Sportbekleidung)";"0312 294"
"Jeanshosen für Damen, kurz (ohne Sportbekleidung)";"0312 227"
"Jeanshosen für Damen, lang (ohne Sportbekleidung)";"0312 227"
"Jeanshosen für Herren, kurz (ohne Sportbekleidung)";"0312 128"
"Jeanshosen für Herren, lang (ohne Sportbekleidung)";"0312 128"
"Jeanshosen für Jungen, lang (ohne Sportbekleidung)";"0312 183"
"Jeanshosen für Mädchen, kurz (ohne Sportbekleidung)";"0312 294"
"Jeanshosen für Mädchen, lang (ohne Sportbekleidung)";"0312 293"
"Jeansjacken für Damen (ohne Sportbekleidung)";"0312 216"
"Jeansjacken für Herren (ohne Sakkos und Sportbekleidung)";"0312 117"
"Jeansjacken für Jungen (ohne Sportbekleidung)";"0312 182"
"Jeansjacken für Mädchen (ohne Sportbekleidung)";"0312 292"
"Jeanskleider für Damen (ohne Sportbekleidung)";"0312 223"
"Jeanskleider für Mädchen (ohne Sportbekleidung)";"0312 294"
"Jeansröcke für Damen (ohne Sportbekleidung)";"0312 225"
"Jeansröcke für Mädchen (ohne Sportbekleidung)";"0312 294"
"Jobtickets in Verkehrsverbünden";"0735 015"
"Jod, Arzneimittel, apothekenpflichtig (ohne solche für Tiere)";"0611 120"
"Jodverbindungen, Arzneimittel, apothekenpflichtig (ohne solche für Tiere)";"0611 120"
"Joggingschuhe für Damen (ohne Spezialsportschuhe)";"0321 250"
"Joggingschuhe für Herren (ohne Spezialsportschuhe)";"0321 150"
"Joggingschuhe für Kinder (ohne Spezialsportschuhe)";"0321 350"
"Joghurt, auch mit Fruchtzusätzen";"0114 601"
"Johannisbeeren, frisch oder gekühlt";"0116 409"
"Johannisbeergelee";"0118 302"
"Johannisbeersaft, Verzehr in Kantinen, Mensen, a.n.g.";"1112 900"
"Johannisbeersaft, Verzehr in Kantinen, Mensen von Hochschulen, Schulen und Kindergärten";"1112 100"
"Johannisbeersaft, Verzehr in Restaurants, Cafés, Bars, mit umfassender Bedienungsleistung";"1111 153"
"Johannisbeersaft";"0121 003"
"Johannisbeerweine, Verzehr in Kantinen, Mensen, a.n.g.";"1112 900"
"Johannisbeerweine, Verzehr in Kantinen, Mensen von Hochschulen, Schulen und Kindergärten";"1112 100"
"Johannisbeerweine, Verzehr in Restaurants, Cafés, Bars, mit umfassender Bedienungsleistung";"1111 143"
"Johannisbeerweine";"0212 220"
"Johannisbrot";"0116 700"
"Joysticks, PC-Zubehör";"0813 204"
"Jubiläumsgeschenke aus einem Arbeits- oder Dienstverhältnis, Barleistungen, brutto";"0011 120"
"Jubiläumsgeschenke aus einem Arbeits- oder Dienstverhältnis, Sachleistungen, brutto";"0012"
"Jugendherbergsübernachtungen, mit oder ohne Verpflegung";"1120 204"
"Jugendhilfe, frei, Mitgliedsbeiträge an Organisationen";"1641 100"
"Jugendhilfe, frei, Spenden und unregelmäßige Beiträge an Organisationen";"1642 100"
"Jugendhilfe, nach Kinder- und Jugendhilfegesetz (Artikel 1 SGB VIII)";"0031 639"
"Jugendweihe, einmaliger Beitrag";"1642 100"
"Jugendzimmereinrichtungen, komplett";"0511 150"
"Jugendzimmerstühle";"0511 150"
"Jungenoberbekleidung, Reparaturen an";"0314 200"
"Jungenoberbekleidungsstoffe, Meterware";"0311 000"
"Jutesäcke";"0561 909"
"Jutetaschen";"0521 909"
"Juwelen, Schmuck";"1321 112"
"Kabarettaufführungen, Besuch von";"0961 003"
"Kabaretts aus Porzellan, Tafelgeschirr";"0540 105"
"Kabaretts aus Steingut u.a. feinkeramischen Stoffen, Tafelgeschirr";"0540 105"
"Kabel, elektrische Installationsgeräte";"0431 108"
"Kabelfernsehen, Gebühren für";"0839 201"
"Kabel für Phonogeräte";"0814 099"
"Kabelgarnituren, elektrische Installationsgeräte";"0431 108"
"Kabelgarnituren, elektrische Installationsgeräte";"0552 204"
"Kabeljau, frisch, gekühlt";"0113 101"
"Kabeljau, gefroren";"0113 102"
"Kabeljaufilets, frisch oder gekühlt, nicht paniert";"0113 101"
"Kabeljaufilets, gefroren, nicht paniert";"0113 102"
"Kabeljaufilets, paniert (auch vorgebraten)";"0113 303"
"Kabeljaumenues (auch vorgebraten)";"0119 125"
"Kacheln aus keramischen Stoffen, für die Wohnungsinstandsetzung, auf Kosten der Eigentümerinnen und Eigentümer";"1675 100"
"Kachelöfen mit elektrischer Beheizung, Raumheizgeräte";"0531 306"
"Kaffee, geröstet (auch gemahlen oder entkoffeiniert)";"0122 001"
"Kaffee, Verzehr in Kantinen, Mensen, a.n.g.";"1112 900"
"Kaffee, Verzehr in Kantinen, Mensen von Hochschulen, Schulen und Kindergärten";"1112 100"
"Kaffee, Verzehr in Restaurants, Cafés, Bars, mit umfassender Bedienungsleistung";"1111 154"
"Kaffee (ohne Kaffee-Extrakte und ohne Kantinen- und Gaststättenverzehr)";"0122 001"
"Kaffeeautomaten";"0532 201"
"Kaffeebereiter, elektrisch";"0532 201"
"Kaffeedecken aus textilem Material";"0521 301"
"Kaffee-Ersatz";"0122 003"
"Kaffee-Essenzen";"0122 002"
"Kaffee-Extrakte";"0122 002"
"Kaffeefilter, Gerät";"0532 209"
"Kaffeekannen aus Glas, Kristallglas, Keramik und Porzellan";"0540 105"
"Kaffeekapseln";"0122 001"
"Kaffee-Konzentrate";"0122 002"
"Kaffeemaschinen, elektrisch";"0532 201"
"Kaffeemittel";"0122 003"
"Kaffeemittel-Extrakte";"0122 003"
"Kaffeemittelmischungen";"0122 003"
"Kaffeemühlen, elektrisch";"0532 209"
"Kaffeemühlen, nichtelektrisch";"0532 209"
"Kaffeepadmaschinen";"0532 201"
"Kaffeepads";"0122 001"
"Kaffeesahne";"0114 301"
"Kaffeeservices aus Glas";"0540 105"
"Kaffeeservices aus Kunststoff";"0540 328"
"Kaffeeservices aus Porzellan";"0540 102"
"Kaffeeservices aus Steingut u.a. feinkeramischen Stoffen";"0540 102"
"Kaffeeservices aus unedlem Metall";"0540 328"
"Kaffeesiebe";"0540 321"
"Kaffeetassen aus Glas";"0540 105"
"Kaffeetassen aus Porzellan";"0540 102"
"Kaffeetassen aus Steingut u.a. feinkeramischen Stoffen";"0540 102"
"Kaffeetassen aus unedlem Metall, Kunststoff, Holz";"0540 328"
"Kaffee- und Teefilter, Filtertüten aus Papier";"0561 902"
"Kaffeewärmer aus textilem Material";"0521 909"
"Kaffeeweißer, nicht auf Milchbasis";"0119 909"
"Kaffeezusätze";"0122 003"
"Käfige für Heimtiere";"0932 202"
"Kaiserfleisch (ohne Konserven)";"0112 310"
"Kakao, Milchmischgetränke, Verzehr in Kantinen, Mensen, a.n.g.";"1112 900"
"Kakao, Milchmischgetränke, Verzehr in Kantinen, Mensen von Hochschulen, Schulen und Kindergärten";"1112 100"
"Kakao, Milchmischgetränke, Verzehr in Restaurants, Cafés, Bars, mit umfassender Bedienungsleistung";"1111 155"
"Kakao, Milchmischgetränke";"0114 707"
"Kakao, Verzehr in Restaurants, Cafés, Bars, mit umfassender Bedienungsleistung";"1111 155"
"Kakaobutter";"0118 501"
"Kakaogetränke,";"0114 707"
"Kakaogetränke, Verzehr in Kantinen, Mensen, a.n.g.";"1112 900"
"Kakaogetränke, Verzehr in Kantinen, Mensen von Hochschulen, Schulen und Kindergärten";"1112 100"
"Kakaogetränke, Verzehr in Restaurants, Cafés, Bars, mit umfassender Bedienungsleistung";"1111 155"
"Kakaogetränke";"0124 000"
"Kakaopasten";"0118 501"
"Kakaopulver (auch gezuckert)";"0118 501"
"Kakaosirup";"0118 501"
"Kakaotrunkgrundmasse";"0118 501"
"Kakteen, Topfpflanzen  (einschl. Hydrokulturen)";"0931 212"
"Kakteenbänke";"0511 409"
"Kälber, lebend";"0932 102"
"Kalbfleisch, frisch oder gefroren";"0112 219"
"Kalbfleisch, Konserven";"0112 508"
"Kalbfleischkäse (ohne Konserven)";"0112 502"
"Kalbfleischwurst, Brühwurst (ohne Konserven)";"0112 502"
"Kalbsbratwurst (ohne Konserven)";"0112 502"
"Kalbsherz, frisch oder gefroren";"0112 400"
"Kalbskopf, frisch oder gefroren";"0112 400"
"Kalbsleber, frisch oder gefroren";"0112 400"
"Kalbsschnitzel, frisch oder gefroren";"0112 219"
"Kalbszunge, frisch oder gefroren";"0112 400"
"Kalbszunge, Konserven";"0112 508"
"Kalender, elektronisch";"0813 205"
"Kalender";"0973 002"
"Kali, Düngemittel";"0931 101"
"Kalk, Düngemittel";"0931 101"
"Kalk für die Wohnungsinstandsetzung, auf Kosten der Eigentümerinnen und Eigentümer";"1675 100"
"Kalk für die Wohnungsinstandsetzung auf Kosten der Mieterinnen und der Mieter";"0431 108"
"Kältekompressen für die Gesundheit";"0612 305"
"Kaltschalen, pulverförmig, Desserts aus pflanzlichem Milchersatz";"0114 706"
"Kaltschalen, pulverförmig a.n.g.";"0119 904"
"Kaltschalen, Verzehr in Restaurants, Cafés, Bars, mit umfassender Bedienungsleistung";"1111 123"
"Kalziumtabletten und -präparate";"0119 907"
"Kamelfleisch, frisch oder gefroren";"0112 250"
"Kameras, digital";"0911 103"
"Kameras, Spiegelreflex";"0911 101"
"Kameras, Videogeräte";"0911 105"
"Kameras (ohne Reparaturen an Videogeräten), Reparaturen an";"0941 000"
"Kamerataschen für Foto- und Filmgeräte";"0911 202"
"Kamerazubehör";"0911 202"
"Kamillentee, Verzehr in Kantinen, Mensen, a.n.g.";"1112 900"
"Kamillentee, Verzehr in Kantinen, Mensen von Hochschulen, Schulen und Kindergärten";"1112 100"
"Kamillentee, Verzehr in Restaurants, Cafés, Bars, mit umfassender Bedienungsleistung";"1111 155"
"Kamillentee";"0123 003"
"Kamine auf Kosten der Mieterinnen und der Mieter, Reparaturen an";"0432 003"
"Kaminen, Reparaturen an, auf Kosten der Eigentümerinnen und Eigentümer";"1675 100"
"Kaminfegergebühren, Ausgaben der Wohnungsinhaberinnen und Wohnungsinhaber (ohne Umlagen)";"0444 902"
"Kaminholz";"0454 200"
"Kaminofen, transportabel";"0531 306"
"Kammerjäger, Dienstleistungen";"0562 909"
"Kämme zum Frisieren";"1312 102"
"Kanalgebühren, Ausgaben der Wohnungsinhaberinnen und Wohnungsinhaber (ohne Umlagen), Abwasserentsorgung über die Kanalisation";"0443 100"
"Kanalgebühren, Ausgaben der Wohnungsinhaberinnen und Wohnungsinhaber (ohne Umlagen), Abwasserentsorgung über hauseigene Abwassersysteme";"0443 200"
"Kanapees";"0511 113"
"Kanarienvögel, lebend";"0932 103"
"Kandisfarin";"0118 100"
"Kandiszucker";"0118 100"
"Kängurufleisch";"0112 250"
"Kaninchen, lebend";"0932 102"
"Kaninchenfelle";"1329 139"
"Kaninchenfleisch, frisch oder gefroren (ohne Innereien)";"0112 250"
"Kanister aus anderem Material (ohne Kraftstoffkanister für Kraftfahrzeuge)";"0540 325"
"Kanister aus Kunststoff (ohne Kraftstoffkanister für Kraftfahrzeuge)";"0540 325"
"Kanister für Kraftfahrzeuge";"0721 305"
"Kannen aus Glas";"0540 105"
"Kannen aus Holz";"0540 328"
"Kannen aus Kunststoff (ohne Thermoskannen)";"0540 328"
"Kannen aus Porzellan";"0540 105"
"Kannen aus Steingut u.a. feinkeramischen Stoffen";"0540 105"
"Kannen aus unedlem Metall (ohne Thermoskannen)";"0540 328"
"Kantensteine auf Kosten der Eigentümerinnen und Eigentümer, werterhöhend";"1663 000"
"Kantensteine auf Kosten der Mieterinnen und der Mieter";"0431 108"
"Kantinenverzehr, Getränke, a.n.g.";"1112 900"
"Kantinenverzehr, Getränke von Hochschulen, Schulen und Kindergärten";"1112 100"
"Kantinenverzehr, Speisen, a.n.g.";"1112 900"
"Kantinenverzehr, Speisen von Hochschulen, Schulen und Kindergärten";"1112 100"
"Kapern, konserviert";"0119 402"
"Kapitalabfindungen aus der Kriegsopferfürsorge";"0031 639"
"Kapitalabfindungen bei Renten aus der Höherversicherung in der gesetzlichen Rentenversicherung";"0031 580"
"Kapitalauszahlungen aus Erbschaften";"0033 430"
"Kapitalauszahlungen aus Erbschaften an andere private Haushalte, Ausgaben";"1643 200"
"Kapitalauszahlungen aus Erbschaften von anderen privaten Haushalten, Einnahmen";"0033 420"
"Kapitalauszahlungen aus Erbschaftsteuer- u.ä. Versicherungen";"0077 200"
"Kapitalauszahlungen aus Heirats-, Aussteuer-, Ausbildungs- u.ä. Versicherungen";"0077 200"
"Kapitalauszahlungen aus Lebens-, Alters-, Sterbegeld- u.ä. Versicherungen";"0077 200"
"Kapitalentschädigungen für SED-Opfer aufgrund des STRREHAG";"0031 639"
"Kapitalertragsteuer, Ausgaben";"1611 150"
"Kapitalertragsteuer, Gutschriften";"0025 200"
"Kapitallebensversicherung, Prämien für (Risikoabsicherung plus Kapitalbildung)";"1687 300"
"Kapitalversicherung, Prämien für (Schadenversicherung ohne Kapitalbildung)";"1639 600"
"Kappen, Kopfbedeckung, gewirkt oder gestrickt";"0313 101"
"Kapselgehörschutz";"0612 209"
"Karaffen aus Glas";"0540 105"
"Karamalz, Erfrischungsgetränk";"0126 002"
"Karamellen";"0118 903"
"Kardamom, Gewürze";"0119 402"
"Karitative Einrichtungen, Spenden und unregelmäßige Beiträge";"1642 100"
"Karnevalsartikel";"0921 207"
"Karnevalshüte (ohne Papierhüte)";"0921 207"
"Karosseriearbeiten an Kraftwagen und Kraftwagenanhängern";"0723 021"
"Karosseriepflegemittel";"0721 307"
"Karotten, frisch oder gekühlt";"0117 403"
"Karottensaft, Verzehr in Kantinen, Mensen, a.n.g.";"1112 900"
"Karottensaft, Verzehr in Kantinen, Mensen von Hochschulen, Schulen und Kindergärten";"1112 100"
"Karottensaft, Verzehr in Restaurants, Cafés, Bars, mit umfassender Bedienungsleistung";"1111 153"
"Karottensaft";"0121 006"
"Karpfen, frisch (auch lebend), gekühlt";"0113 101"
"Karpfen, gefroren";"0113 102"
"Karten, Ansichts-, Glückwunschkarten u.ä.";"0973 001"
"Karten, astronomisch, im Buchformat";"0973 003"
"Karten, Landkarten, im Buchformat";"0973 003"
"Karten, Postkarten, frankiert, international";"0741 100"
"Karten, Postkarten, frankiert, national";"0741 100"
"Kartenlesegeräte";"0813 204"
"Kartenspiele";"0921 201"
"Kartenspielgewinne von privaten Haushalten, Einnahmen";"0033 420"
"Kartenspielverluste an andere private Haushalte, Ausgaben";"1647 000"
"Kartoffelchips";"0117 925"
"Kartoffelerzeugnisse, gefroren, z.B. Pommes frites, Kroketten, Knödel";"0117 801"
"Kartoffelkloßmehl";"0117 926"
"Kartoffelknödel, gefroren";"0117 801"
"Kartoffelknödel, pulverförmig";"0117 926"
"Kartoffelkonserven";"0117 927"
"Kartoffelkörbe aus anderem Material, Vorratsbehälter";"0540 322"
"Kartoffelkörbe aus Kunststoff, Vorratsbehälter";"0540 322"
"Kartoffeln, frisch oder gekühlt";"0117 501"
"Kartoffeln, getrocknet, für Speisezwecke";"0117 927"
"Kartoffelnasskonserven";"0117 927"
"Kartoffelpuffer, Verzehr in Kantinen, Mensen, a.n.g.";"1112 900"
"Kartoffelpuffer, Verzehr in Kantinen, Mensen von Hochschulen, Schulen und Kindergärten";"1112 100"
"Kartoffelpuffermehl";"0117 926"
"Kartoffelpüreeflocken";"0117 926"
"Kartoffelpüreepulver";"0117 926"
"Kartoffelreiben, elektrisch";"0532 102"
"Kartoffelreiben, nichtelektrisch, Küchenmaschinen";"0540 321"
"Kartoffelsalat, Verzehr in Kantinen, Mensen, a.n.g.";"1112 900"
"Kartoffelsalat, Verzehr in Kantinen, Mensen von Hochschulen, Schulen und Kindergärten";"1112 100"
"Kartoffelsalat";"0117 927"
"Kartoffelschäler, nichtelektrisch";"0540 203"
"Kartoffelschälmaschinen, elektrisch";"0532 102"
"Kartoffelschälmaschinen, nichtelektrisch";"0532 102"
"Kartoffelstampfer, Küchengeräte";"0540 321"
"Kartoffelstärke";"0117 921"
"Kartoffelsticks";"0117 925"
"Kartographische Erzeugnisse, im Buchformat (ohne Globen)";"0973 003"
"Kartonagen";"0561 902"
"Kartons";"0561 902"
"Kartusche für Wasserfilter";"0561 909"
"Kartuschen für elektrische Zigaretten";"0230 904"
"Karussellfahrten, Entgelte";"0946 101"
"Kaschunüsse mit Schale";"0116 809"
"Kaschunusskerne, unbearbeitet";"0116 809"
"Käseaufschnitt";"0114 502"
"Käsebrötchen";"0119 150"
"Käsefondue, fertig";"0114 508"
"Käsegebäck, Dauerbackwaren";"0111 370"
"Käseglocken aus Glas";"0540 105"
"Käsesalat, Verzehr in Kantinen, Mensen, a.n.g.";"1112 900"
"Käsesalat, Verzehr in Kantinen, Mensen von Hochschulen, Schulen und Kindergärten";"1112 100"
"Käsesalat";"0114 508"
"Kaskoversicherung, Kraftfahrzeugversicherung, Prämien";"1633 200"
"Kaskoversicherungen für Anhänger";"1633 200"
"Kaspressknödel (Semmelknödel mit Käse)";"0119 113"
"Kassave, frisch";"0117 508"
"Kasseler, frisch oder gefroren";"0112 310"
"Kasseler Rippenspeer, frisch oder gefroren";"0112 310"
"Kassenüberschüsse";"0097 000"
"Kasserollen aus Metall";"0540 311"
"Kassetten aus Metall, Sicherheitskassetten";"0540 325"
"Kassetten für Videospiele, Miete von Spielesoftware";"0943 100"
"Kassettentonbänder, bespielt, a.n.g.";"0952 003"
"Kassettentonbänder, bespielt, Lehrbücher";"0971 100"
"Kassettentonbänder, bespielt, ohne Bildungsbezug";"0971 909"
"Kassettentonbandgeräte (ohne solche für Kraftfahrzeuge)";"0814 099"
"Kastanien mit Schale, unbearbeitet, Esskastanien";"0116 809"
"Kästen aus anderem Material";"0540 325"
"Kästen aus Kunststoff, Haushaltsbehälter";"0540 325"
"Kästen aus Pappe, Haushaltsbehälter";"0561 902"
"Kastrieren von Katzen";"0945 002"
"Kataloge, Fertighauskataloge";"0973 004"
"Kataloge, Werbemittel";"0973 004"
"Katechismen";"0971 907"
"Katenrauchwurst";"0112 310"
"Katzen, lebend";"0932 102"
"Katzenaugen für Fahrräder, Rückstrahler";"0721 308"
"Katzenbäume";"0932 202"
"Katzenfutter";"0932 201"
"Katzenpflegeartikel, Gebrauchsgüter";"0932 202"
"Katzenpflegeartikel, Verbrauchsgüter";"0932 209"
"Katzenstreu";"0932 209"
"Katzenzungen, Schokoladenerzeugnisse";"0118 509"
"Kauf einer Gegensprechanlage auf Kosten der Mieterinnen und der Mieter";"0431 108"
"Kauf einer Solaranlage auf Kosten der Mieterinnen und der Mieter";"0431 108"
"Kaufläden, Spielwaren";"0921 206"
"Kaufmännischer Unterricht, nicht zum Erwerb von Berufsabschlüssen";"1050 900"
"Kauf von Aerogrammen, international";"0741 100"
"Kauf von Aktien und Bezugsrechten";"1685 300"
"Kauf von Anrufbeantwortern";"0811 009"
"Kauf von Anteilen einer GmbH oder Genossenschaft (ohne Baugenossenschaftsanteile)";"1685 700"
"Kauf von Baugenossenschaftsanteilen, (ohne vermögenswirksame Leistungen)";"1683 100"
"Kauf von Baugenossenschaftsanteilen, (vermögenswirksame Leistungen)";"1683 900"
"Kauf von Bausparverträgen,  (ohne vermögenswirksame Leistungen)";"1683 100"
"Kauf von Bausparverträgen,  (vermögenswirksame Leistungen)";"1683 900"
"Kauf von Eigenheimen";"1661 000"
"Kauf von Eigentumswohnungen";"1661 000"
"Kauf von festverzinslichen Wertpapieren";"1685 100"
"Kauf von Garagen";"1661 000"
"Kauf von Gartenland";"1661 000"
"Kauf von  Geschäftsanteilen an Windkraftanlagen";"1685 700"
"Kauf von Geschäfts- und Genossenschaftsanteilen (ohne Baugenossenschaftsanteile)";"1685 700"
"Kauf von Gold- u.a. Edelmetallbarren";"1667 100"
"Kauf von Gold- und Silbermünzen, soweit gesetzliche Zahlungsmittel";"1667 500"
"Kauf von Grundstücken und Gebäuden für betriebliche Zwecke";"1665 000"
"Kauf von Investmentzertifikaten";"1685 500"
"Kauf von Modems für Datendienste, DFÜ,  Internet";"0813 204"
"Kauf von privaten Grundstücken";"1661 000"
"Kauf von Strandkörben";"0511 200"
"Kauf von Telefaxgeräten";"0811 009"
"Kauf von Telefonanrufbeantwortern";"0811 009"
"Kauf von Telefonen, Festnetztelefone";"0811 001"
"Kauf von Telefonlautsprechern";"0811 009"
"Kauf von Unternehmen";"1665 000"
"Kauf von Waren und Dienstleistungen, für die Instandhaltung von Eigentumswohnungen (ohne Schönheitsreparaturen an Eigentümerwohnungen)";"1675 100"
"Kauf von Waren und Dienstleistungen, für die Instandhaltung von Grundstücken (ohne Gartenpflege)";"1675 100"
"Kauf von Waren und Dienstleistungen, für die Instandhaltung von Wohngebäuden (ohne Reparaturen auf Kosten der Mieterinnen und der Mieter)";"1675 100"
"Kauf von Waren und Dienstleistungen, für geschäftliche und dienstliche Zwecke";"1691 000"
"Kauf von Wohngebäuden und Grundstücken";"1661 000"
"Kauf von Wohn- und Gartenlauben";"1661 000"
"Kaugummi";"0118 909"
"Kautabak (einschl. in Cafés, Restaurants, Tankstellen, öffentlichen Verkehrsmitteln eingekaufter Kautabak)";"0230 902"
"Kaution, Carsharing";"1688 000"
"Kautionen, Gewährung, Ausgaben";"1688 000"
"Kautionen, Wiedereingang, Einnahmen";"0078 000"
"Kaviar, Verzehr in Kantinen, Mensen, a.n.g.";"1112 900"
"Kaviar, Verzehr in Kantinen, Mensen von Hochschulen, Schulen und Kindergärten";"1112 100"
"Kaviar, Verzehr in Restaurants, Bars, Cafés, mit umfassender Bedienungsleistung";"1111 114"
"Kaviar";"0113 304"
"Kefir";"0114 601"
"Kegelbahnen, Entgelte für Benutzung";"0946 204"
"Kegelbahnen, Miete für";"0946 204"
"Kehrgarnituren";"0561 121"
"Kehrschaufeln";"0561 121"
"Keksausstecher";"0540 321"
"Keksdosen aus anderem Material";"0540 322"
"Keksdosen aus Kunststoff";"0540 322"
"Kekse (auch mit Schokoladenüberzug)";"0111 351"
"Keksmischungen";"0111 351"
"Kellen, Küchengeräte";"0540 321"
"Keltern von Obst, Dienstleistung";"0562 909"
"Keltertrauben, frisch oder gekühlt";"0116 501"
"Kennzeichen für Kraftfahrzeuge";"0721 305"
"Keramikbrennöfen, elektrisch";"0551 002"
"Keramikfliesen auf Kosten der Mieterinnen und der Mieter";"0431 104"
"Kerbel, frisch, gekühlt oder gefroren";"0119 401"
"Kerbel, getrocknet";"0119 402"
"Kernobst, frisch oder gekühlt";"0116 309"
"Kernobst, getrocknet";"0116 700"
"Kernobstkonserven";"0116 904"
"Kernobstsäfte, Verzehr in Kantinen, Mensen, a.n.g.";"1112 900"
"Kernobstsäfte, Verzehr in Kantinen, Mensen von Hochschulen, Schulen und Kindergärten";"1112 100"
"Kernobstsäfte, Verzehr in Restaurants, Cafés, Bars, mit umfassender Bedienungsleistung";"1111 153"
"Kernobstsäfte";"0121 001"
"Kernobstweine, Verzehr in Kantinen, Mensen, a.n.g.";"1112 900"
"Kernobstweine, Verzehr in Kantinen, Mensen  von Hochschulen";"1112 100"
"Kernobstweine, Verzehr in Restaurants, Bars, mit umfassender Bedienungsleistung, Cafés, mit umfassender Bedienungsleistung";"1111 143"
"Kernobstweine";"0212 2"
"Kernseife";"0561 115"
"Kernseife für den Haushalt";"0561 115"
"Kernzeitbetreuung an der Schule";"1330 102"
"Kerzen";"0561 903"
"Kerzenhalter";"0511 409"
"Kerzenständer";"0511 409"
"Kescher für den Gartenteich";"0552 104"
"Kescher für Swimmingpools";"0552 104"
"Kessel aus Metall, Kochgeschirr";"0540 312"
"Kesselsteinentferner";"0561 115"
"Ketchup, Tomaten- und Gewürzketchup";"0119 304"
"Ketten aus Edelmetall, echten Perlen, Edel- oder Schmucksteinen, Schmuck";"1321 112"
"Ketten aus unedlem Metall, Kunststoff, Glas u.ä., Schmuck";"1321 111"
"Ketten für Kraftfahrzeuge";"0721 305"
"Ketten für Nutztiere";"0932 202"
"Kettensägeöl";"0561 119"
"KfZ-Dachantennen für Mobilfunk";"0811 009"
"Kichererbsen, frisch oder gekühlt";"0117 300"
"Kickboards für Erwachsene";"0912 901"
"Kickboards für Kinder";"0921 203"
"Kidneybohnen, Konserven";"0117 919"
"Kieferorthopädische Dienstleistungen";"0622 906"
"Kies, Kakteenkies u.ä.";"0931 102"
"Kilometergeld, Erstattung von Aufwendungen durch den Arbeitgeber";"0095 000"
"Kilometerzähler für Fahrräder";"0721 308"
"Kinderautositze";"0721 302"
"Kinderbetreuung außerhalb des Hauses";"1330 101"
"Kinderbetreuung durch Privatpersonen";"0562 100"
"Kinderbetreuungseinrichtungen, Dienstleistungen, für Kinder ab 3 Jahren";"1010 102"
"Kinderbetreuungseinrichtungen, Dienstleistungen, für Kinder unter 3 Jahren";"1010 101"
"Kinderbetreuungseinrichtungen, Dienstleistungen, Kinderheime";"1330 101"
"Kinderbetreuungseinrichtungen, Dienstleistungen, nach der Schule";"1330 102"
"Kinderbettstellen (ohne Matratzen) a.n.g.";"0511 150"
"Kinderbettstellen (ohne Matratzen) für Babys";"1329 122"
"Kinderbonus (zusätzliche Unterstützung für Familien in der Corona-Krise)";"0031 691"
"Kinderbücher (ohne Schulbücher)";"0971 902"
"Kindererziehungsleistungsrenten, Bezieherin nicht verwitwet";"0031 110"
"Kindererziehungsleistungsrenten, Bezieherin verwitwet";"0031 120"
"Kinderfahrräder, Kindersportfahrzeuge";"0921 203"
"Kinderfahrräder (ohne Kindersportfahrzeuge), City-bikes, Touren- und Trekkingräder";"0713 003"
"Kinderfreizeiten, von sozialen Einrichtungen organisiert";"1330 900"
"Kindergärten, Dienstleistungen für Kinder ab 3 Jahren in Kindertageseinrichtungen mit altersreinen und altersgemischten Gruppen (ohne Schulkindergärten)";"1010 102"
"Kindergartentaschen, aus Leder, Kunststoff oder anderem Material";"1329 115"
"Kindergeld nach dem Bundeskindergeldgesetz";"0031 691"
"Kinderhandschuhe";"0313 106"
"Kinderheime, Dienstleistungen (ohne Erholungsheime)";"1330 101"
"Kinderhochstühle";"0511 150"
"Kinderhorte, Dienstleistungen, Betreuung nach der Schule";"1330 102"
"Kinderhüte";"0313 103"
"Kinderkniestrümpfe für Jungen";"0312 188"
"Kinderkniestrümpfe für Mädchen";"0312 298"
"Kinderkrankenhäuser, langfristige stationäre Behandlung (ohne Pflegeheime)";"0632 002"
"Kinderkrankenhäuser, stationäre Heilbehandlung und medizinische Rehabilitation, nicht langfristig";"0631 002"
"Kinderkrippen, Dienstleistungen";"1010 101"
"Kinderlaufgitter";"0511 150"
"Kinderpflegedienstleistungen sozialer Einrichtungen und karitativer Verbände";"1330 900"
"Kinderpost";"0921 201"
"Kinderpuder";"1312 240"
"Kinderschirme";"1329 134"
"Kindersitze für Fahrräder";"0721 302"
"Kindersocken für Jungen";"0312 188"
"Kindersocken für Mädchen";"0312 298"
"Kinderspielgruppen, Dienstleistungen";"1010 101"
"Kindersportfahrzeuge";"0921 203"
"Kindersportwagen";"1329 121"
"Kinderstrümpfe für Jungen";"0312 188"
"Kinderstrümpfe für Mädchen";"0312 298"
"Kinderstrumpfhosen für Jungen";"0312 188"
"Kinderstrumpfhosen für Mädchen";"0312 298"
"Kinderstühle";"0511 150"
"Kindertageseinrichtungen, Dienstleistungen für Kinder ab 3 Jahren (mit altersreinen und altersgemischten Gruppen)";"1010 102"
"Kindertageseinrichtungen, Dienstleistungen für Kinder unter 3 Jahren (Krippen, Tageseinrichtungen mit altersreinen und altersgemischten  Gruppen)";"1010 101"
"Kindertragen";"1329 122"
"Kinderwagen";"1329 121"
"Kinderwagendecken";"0521 909"
"Kinderzeitschriften";"0972 202"
"Kinderzimmereinrichtungen, komplett";"0511 150"
"Kinderzimmertische";"0511 150"
"Kinderzulage aus der gesetzlichen Unfallversicherung";"0031 300"
"Kinderzulagen für Eigenheime, Einnahmen";"0031 628"
"Kinderzuschläge aus einem Arbeits- oder Dienstverhältnis, brutto";"0011 110"
"Kinderzuschlag für einkommensschwache Familien nach dem Bundeskindergeldgesetz";"0031 691"
"Kinderzuschlag für einkommensschwache Familien nach dem Bundeskindergeldgesetz";"0031 692"
"Kinofilmaufführungen, Eintrittsgelder";"0961 001"
"Kinofilmaufnahmegeräte";"0911 202"
"Kinofilmkopien, Miete für";"0839 203"
"Kinofilmkopien (ohne Videofilme), DVDs";"0952 002"
"Kinofilmprojektoren";"0911 108"
"Kinozeitschriften im Abonnement (ohne Programme)";"0972 203"
"Kirchen, Eintrittsgelder";"0962 001"
"Kirchen, Spenden und unregelmäßige Beiträge";"1642 100"
"Kirchenkollekten, -opfer";"1642 100"
"Kirchensteuer, Ausgaben";"1611 400"
"Kirchensteuer, Erstattung";"0031 624"
"Kirchenstuhlgebühren";"1390 200"
"Kirchgeld";"1611 400"
"Kirmesbesuche, Entgelte für Karussellfahrten u.ä.";"0946 101"
"Kirschen, frisch oder gekühlt";"0116 309"
"Kirschgehölze";"0931 215"
"Kirschkonserven";"0116 905"
"Kirschsaft, Verzehr in Kantinen, Mensen, a.n.g.";"1112 900"
"Kirschsaft, Verzehr in Kantinen, Mensen von Hochschulen, Schulen und Kindergärten";"1112 100"
"Kirschsaft, Verzehr in Restaurants, Cafés, Bars, mit umfassender Bedienungsleistung";"1111 153"
"Kirschsaft";"0121 003"
"Kirschwasser, Verzehr in Kantinen, Mensen, a.n.g.";"1112 900"
"Kirschwasser, Verzehr in Kantinen, Mensen  von Hochschulen";"1112 100"
"Kirschwasser, Verzehr in Restaurants, Cafés, Bars, mit umfassender Bedienungsleistung";"1111 141"
"Kirschwasser";"0211 040"
"Kirschweine, Verzehr in Kantinen und Mensen, a.n.g.";"1112 900"
"Kirschweine, Verzehr in Kantinen und Mensen von Hochschulen";"1112 100"
"Kirschweine, Verzehr in Restaurants, Cafés, Bars, mit umfassender Bedienungsleistung";"1111 143"
"Kirschweine";"0212 220"
"Kissen, Kopfkissen";"0521 202"
"Kissenbezüge, Bettwäsche";"0521 204"
"Kisten aus anderem Material, Haushaltsbehälter";"0540 325"
"Kisten aus Kunststoff, Haushaltsbehälter";"0540 325"
"Kisten aus Pappe, Haushaltsbehälter";"0561 902"
"Kitte für die Wohnungsinstandsetzung, auf Kosten der Eigentümerinnen und Eigentümer";"1675 100"
"Kitte für die Wohnungsinstandsetzung auf Kosten der Mieterinnen und der Mieter";"0431 108"
"Kittel für Damen, Arbeitsbekleidung";"0313 109"
"Kiwi, frisch oder gekühlt";"0116 502"
"Kiwikonserven";"0116 907"
"Klammern, Wäscheklammern";"0561 909"
"Klappbetten (ohne Campingmöbel)";"0511 121"
"Klappfahrräder";"0713 003"
"Klappmesser, Taschenmesser (ohne Jagdmesser u.ä.)";"1329 139"
"Klappstühle, Campingmöbel";"0511 200"
"Klappstühle, Gartenmöbel";"0511 200"
"Klappstühle, Küchenstühle";"0511 131"
"Klarer (Kornbranntwein)";"0211 040"
"Klarinetten";"0951 003"
"Klarsichthüllen";"0974 007"
"Klarspülmittel für Geschirrspülmaschinen";"0561 113"
"Klassenfahrt, Aufwendung der Lehrer";"1691 000"
"Klassenfahrt, Vergütung für Ausgaben des Lehrers";"0095 000"
"Klassenfahrten (Landschulheime)";"10"
"Klavichorde";"0951 002"
"Klaviere, elektronisch";"0951 002"
"Klaviere, nichtelektronisch";"0951 002"
"Klavierstimmen, Dienstleistungen";"0942 208"
"Klaviertransporte";"0749 100"
"Klavierunterricht";"0969 002"
"Klebebänder";"0561 909"
"Klebeecken für Fotografien";"0911 207"
"Klebefolien aus Kunststoff";"0561 902"
"Klebepistole, elektrisch";"0551 002"
"Kleberollen für den Haushalt";"0561 909"
"Kleberollen für Schreib- und Bürozwecke";"0974 007"
"Klebestreifen für den Haushalt";"0561 909"
"Klebestreifen für Schreib- und Bürozwecke";"0974 007"
"Klebstoffe für den Haushalt";"0561 909"
"Klebstoffe für Schreib- und Bürozwecke";"0974 007"
"Klebstoffe für Tapeten, für Schönheitsreparaturen, auf Kosten der Wohnungsinhaberinnen und Wohnungsinhaber";"0431 103"
"Klebstoffe zur Reparatur von Bekleidung, Haushaltswäsche und Heimtextilien";"0313 209"
"Kleiderablagen, Garderobenmöbel";"0511 170"
"Kleiderbad, chemisch";"0314 110"
"Kleiderbügel";"0561 909"
"Kleiderbürsten";"0561 121"
"Kleider für Damen, aus Baumwolle (ohne Sportbekleidung)";"0312 223"
"Kleider für Damen, aus zellulosischen und synthetischen Fasern und Fäden (ohne Sportbekleidung)";"0312 223"
"Kleider für Mädchen (ohne Sportbekleidung)";"0312 294"
"Kleider für Säuglinge";"0312 308"
"Kleidergeld, Erstattung von Aufwendungen durch den Arbeitgeber";"0095 000"
"Kleiderhaken";"0552 208"
"Kleiderkittel für Damen, Arbeitsbekleidung";"0313 109"
"Kleiderschränke, Schlafzimmermöbel";"0511 125"
"Kleiderständer, Garderobenmöbel";"0511 170"
"Kleiderstoffe für Damen und Mädchen, Meterware";"0311 000"
"Kleie für Nutztiere, Futtermittel";"0932 201"
"Kleinarmaturen, Sanitärarmaturen, für die Wohnungsinstandsetzung, auf Kosten der Eigentümerinnen und Eigentümer";"1675 100"
"Kleinarmaturen, Sanitärarmaturen, für die Wohnungsinstandsetzung, auf Kosten der Mieterinnen und der Mieter";"0431 108"
"Kleinbild-Sucherkameras (auch APS-Kameras)";"0911 105"
"Kleingärten, Pachten, Ausgaben";"1695 000"
"Kleingärten, Pachten, Einnahmen";"0021 1"
"Kleingebäck aus Brotteig, Stückgewicht bis 250 g (ohne Dauerbackwaren)";"0111 320"
"Kleingeräte, nicht motorbetrieben, und Zubehör, für den Garten,  Reparaturen, Miete und Leasing von";"0553 021"
"Kleingeräte und Zubehör, für das  Haus,  Reparatur, Miete und Leasing von";"0553 022"
"Kleingewächshäuser";"0552 104"
"Kleinkalibergewehre";"0922 114"
"Kleinkindernahrung auf Gemüsebasis (ohne Fleisch- oder Fischanteil)";"0119 203"
"Kleinkindernahrung auf Getreidebasis";"0119 201"
"Kleinkindernahrung auf Milchbasis";"0119 202"
"Kleinkindernahrung auf Obstbasis";"0119 203"
"Kleinkinderoberbekleidungsstoffe, Meterware";"0311 000"
"Kleinkrafträder, dreirädrig bis 45 km/h, bis 50 ccm (Fremdzündungsmotor), bis 500 ccm (Selbstzündungsmotor) bis 4 kW bei Elektromotor, bis 270 kg und zwei Sitzplätzen";"0712 007"
"Kleinkrafträder, leicht, bis 45 km/h, bis 50 ccm, Nenndauerleistung oder maximale Nutzleistung bis 4 kW";"0712 007"
"Kleinkredite, Aufnahme";"0085"
"Kleinkredite, ohne zinslose, Tilgung, nicht bei Kreditinstituten";"1652 200"
"Kleinkredite, ohne zinslose, Tilgung bei Kreditinstituten";"1652 200"
"Kleinkredite, Verzinsung";"1652 500"
"Kleinkredite, zinslos, Tilgung, nicht bei Kreditinstituten";"1652 300"
"Kleinkredite, zinslos, Tilgung bei Kreditinstituten";"1652 300"
"Kleinmusikinstrumente (ohne elektronische Musikinstrumente)";"0951 004"
"Kleinomnibusse bis 9 Sitze, gebraucht";"0711 200"
"Kleinomnibusse bis 9 Sitze, neu";"0711 100"
"Kleintiergeschirr für Haustiere, z.B. Kaninchen";"0932 202"
"Kleintierhaltung, nichtgewerblich, Einnahmen";"0055 100"
"Kleintierställe für Heimtiere";"0932 202"
"Kleintierstreu";"0932 209"
"Klempnerarbeiten im Heizungs- und Klimabereich auf Kosten der Mieterinnen und der Mieter";"0432 003"
"Klempnerarbeiten im Sanitärbereich, auf Kosten der Mieterinnen und der Mieter";"0432 001"
"Klempnerarbeiten in der Wohnung, auf Kosten der Eigentümerinnen und Eigentümer";"1675 100"
"Kletterausrüstungen";"0922 119"
"Klettergerüste";"0921 206"
"Kletterhallen, Benutzung";"0946 204"
"Kletterparks, Benutzung";"0946 204"
"Klimageräte";"0531 307"
"Klingeln, elektrisch, Türklingeln";"0552 204"
"Klingeln, Fahrradklingeln";"0721 308"
"Kliniken, langfristige stationäre Behandlung (ohne Pflegeheime)";"0632 002"
"Kliniken, stationäre Heilbehandlung und medizinische Rehabilitation, nicht langfristig";"0631 002"
"Klippfisch";"0113 200"
"Klöpferwurst, Brühwurst (ohne Konserven)";"0112 502"
"Klöppeldecken und -deckchen, Tischdecken";"0521 301"
"Klöppelspitzen für Bekleidung, Haushaltswäsche und Heimtextilien";"0313 209"
"Klosettbecken für die Wohnungsinstandsetzung, auf Kosten der Eigentümerinnen und Eigentümer";"1675 100"
"Klosettbecken für die Wohnungsinstandsetzung, auf Kosten der Mieterinnen und der Mieter";"0431 108"
"Klosettbürsten";"0561 121"
"Klosettsitze";"0511 140"
"Knäckebrot";"0111 361"
"Knacker, Brühwürstchen, Konserven";"0112 504"
"Knacker, Brühwürstchen (ohne Konserven)";"0112 502"
"Knappschaft-Bahn-See-Versicherung, Pflichtbeiträge";"1621 590"
"Knappschaftsrenten";"0031 110"
"Knappschaftsruhegeld";"0031 110"
"Kneifzangen";"0552 105"
"Knetmassen, Modelliermassen";"0921 209"
"Knieschützer";"0922 119"
"Kniestrümpfe für Damen, Feinstrümpfe";"0312 281"
"Kniestrümpfe für Damen (ohne Feinstrümpfe)";"0312 282"
"Kniestrümpfe für Herren";"0312 170"
"Kniestrümpfe für Jungen";"0312 188"
"Kniestrümpfe für Mädchen";"0312 298"
"Knoblauch, frisch oder gekühlt";"0117 401"
"Knoblauchpulver";"0119 402"
"Knoblauchsalz";"0119 402"
"Knochen, Suppenknochen";"0112 400"
"Knochendüngemehl";"0931 101"
"Knödel, gefroren, Kartoffelerzeugnisse";"0117 801"
"Knödelmehl, Kartoffelerzeugnisse";"0117 926"
"Knollen mit hohem Gehalt an Stärke oder Inulin";"0117 508"
"Knollen von Blumen und Zierpflanzen, Vermehrungsgut";"0931 227"
"Knöpfe aller Art für Bekleidung, Haushaltswäsche und Heimtextilien";"0313 209"
"Knoten, Haarersatz";"1312 102"
"Kochbananen, frisch";"0117 508"
"Kochbananen, gefroren";"0117 809"
"Kochbananenmehl";"0117 922"
"Kochbücher";"0971 906"
"Kochendwasserautomaten mit elektrischer Beheizung";"0531 305"
"Kocher mit Gasbeheizung, ortsbeweglich";"0531 105"
"Kochfelder mit elektrischer Beheizung";"0531 105"
"Kochfelder mit Gasbeheizung";"0531 105"
"Kochgeräte, Reparaturen an";"0533 001"
"Kochgeräte mit nichtelektrischer Beheizung (ohne Campingkocher und Grillgeräte)";"0531 105"
"Kochgeschirr aus Glas";"0540 105"
"Kochgeschirr aus Metall (ohne Dampfdrucktöpfe)";"0540 312"
"Kochgeschirr aus Ton u.a. feinkeramischen Stoffen";"0540 105"
"Kochkäse, Schmelzkäsezubereitung";"0114 505"
"Kochkurse";"0946 103"
"Kochlöffel, Küchengeräte";"0540 321"
"Kochmulden mit elektrischer Beheizung";"0531 105"
"Kochmulden mit Gasbeheizung";"0531 105"
"Kochplatten";"0532 909"
"Kochplatten mit elektrischer Beheizung";"0532 102"
"Kochsalz";"0119 301"
"Kochschinken, Konserven";"0112 508"
"Kochschinken (ohne Konserven)";"0112 310"
"Kochtöpfe aus Metall (ohne Dampfdrucktöpfe)";"0540 312"
"Kochwurst, Konserven";"0112 504"
"Kochwurst (ohne Konserven)";"0112 503"
"Kofferanhänger aus Leder, Kunststoff oder anderem Material";"1329 119"
"Koffer aus Leder, Kunststoff oder anderem Material (ohne Aktenkoffer)";"1329 111"
"Koffergurte";"1329 119"
"Koffer-Rundfunkempfangsgeräte, tragbar, nicht mit Tonaufnahme- und/oder -wiedergabegeräten kombiniert";"0814 011"
"Kofferschreibmaschinen";"0813 205"
"Koffersets aus Leder, Kunststoff oder anderem Material";"1329 111"
"Kohle, Steinkohle (ohne Koks)";"0454 100"
"Kohlefilter für Dunstabzugshauben";"0561 909"
"Kohlefilter für Luftentfeuchter";"0561 909"
"Kohlenanzünder, Verbrauchsgüter";"0561 909"
"Kohlenbadeöfen";"0531 305"
"Kohlenfüller aus Metall";"0540 325"
"Kohlenherde, kombinierte Back- und Kochgeräte";"0531 107"
"Kohlensäurepatronen für den Haushalt";"0561 909"
"Kohlenschaufeln";"0561 909"
"Kohlenträger aus Metall";"0540 325"
"Kohlenzangen";"0561 909"
"Kohleöfen, Raumheizgeräte";"0531 306"
"Kohlepapier";"0974 006"
"Kohletabletten, Arzneimittel (ohne solche für Tiere)";"0611 220"
"Kohlrabi, frisch oder gekühlt";"0117 107"
"Kohlrouladen, Verzehr in Kantinen, Mensen, a.n.g.";"1112 900"
"Kohlrouladen, Verzehr in Kantinen, Mensen von Hochschulen, Schulen und Kindergärten";"1112 100"
"Kohlrouladen, Verzehr in Restaurants, Cafés, Bars, mit umfassender Bedienungsleistung";"1111 113"
"Kohlrouladen";"0119 124"
"Kokosdrink";"0114 400"
"Kokosfett für Speisezwecke";"0115 300"
"Kokosläufer, Bodenbeläge";"0431 106"
"Kokosmilch";"0116 909"
"Kokosnüsse mit Schale";"0116 809"
"Kokosöl für Speisezwecke";"0115 109"
"Kokosraspeln, -flocken";"0116 700"
"Kokosteppiche, Bodenbeläge";"0431 106"
"Koks, Ausgaben der Wohnungsinhaberinnen und Wohnungsinhaber";"0454 900"
"Kollegs, postsekundarer, nicht-tertiärer Bildungsbereich, Dienstleistungen";"1030 000"
"Kollegschulen, Sekundarbereich II, berufsbildend, Dienstleistungen";"1020 030"
"Kölnisch Wasser";"1312 231"
"Kombinationsgeräte, Scanner, Kopierer, Drucker, Faxgeräte in einem Gehäuse";"0813 201"
"Kombinationskraftwagen, gebraucht";"0711 200"
"Kombinationskraftwagen, neu";"0711 100"
"Kombinationszangen";"0552 105"
"Kombinierte Back- und Kochgeräte";"0531 107"
"Kombinierte Fahrausweise zu gewöhnlichen Konditionen außerhalb von Verkehrsverbünden, Tarif- und Verkehrsgemeinschaften";"0735 091"
"Kombinierte Fahrausweise zu gewöhnlichen Konditionen in Verkehrsverbünden, Tarif- und Verkehrsgemeinschaften";"0735 011"
"Kombinierte Fahrausweise zu Sonderkonditionen außerhalb von Verkehrsverbünden, Tarif- und Verkehrsgemeinschaften";"0735 099"
"Kombinierte Fahrausweise zu Sonderkonditionen in Verkehrsverbünden, Tarif- und Verkehrsgemeinschaften";"0735 019"
"Kombinierte Unfall-, Privathaftpflicht-, Hausrat-, Glas- und Verkehrsrechtsschutzversicherung (Beispiel), Kombiversicherungen (mehrere Versicherungen in einem Paket)";"1639 900"
"Kombiversicherungen (mehrere Versicherungen in einem Paket), z.B. kombinierte Unfall-, Privathaftpflicht-, Hausrat-, Glas- und Verkehrsrechtsschutzversicherung";"1639 900"
"Kommanditeinlagen, Ausgaben";"1685 700"
"Kommanditeinlagen, Rückzahlung, Einnahmen";"0071 420"
"Kommoden, Frisierkommoden";"0511 129"
"Kommoden, Wohnzimmerschränke";"0511 114"
"Kommunalobligationen, Kauf";"1685 100"
"Kommunalobligationen, Verkauf";"0071 410"
"Kommunikationsgeräte, andere, z.B. Anrufbeantworter, Telefonlautsprecher, Walkie Talkies (Funkgeräte), Telefaxgeräte";"0811 009"
"Kommunikationsgeräte, andere, z.B. Anrufbeantworter, Telefonlautsprecher, Walkie Talkies (Funkgeräte), Telefaxgeräte";"0819 100"
"Kommunionkerzen";"0561 903"
"Kommunionsunterricht, Gebühren für";"1050 900"
"Kompasse, Reparaturen an";"0941 000"
"Kompasse";"0911 302"
"Komplets für Damen, aus anderem Material (ohne Sportbekleidung)";"0312 222"
"Komplets für Damen, aus Baumwolle (ohne Sportbekleidung)";"0312 221"
"Komplets für Damen, aus zellulosischen und synthetischen Fasern und Fäden (ohne Sportbekleidung)";"0312 221"
"Komplets für Mädchen (ohne Sportbekleidung)";"0312 294"
"Komplette Esszimmereinrichtungen";"0511 111"
"Komplette Jugendzimmereinrichtungen";"0511 150"
"Komplette Kinderzimmereinrichtungen";"0511 150"
"Komplette Kücheneinrichtungen";"0511 139"
"Komplette Schlafzimmereinrichtungen";"0511 129"
"Komplette Spielzimmereinrichtungen";"0511 150"
"Komposter";"0931 105"
"Kompottservices aus Glas";"0540 105"
"Kompottteller aus Glas";"0540 105"
"Kompressen, Verbandstoffe";"0612 303"
"Kompressionsstrümpfe, medizinische Strumpfwaren";"0612 203"
"Kompressoren, elektrisch";"0551 002"
"Kompressoren, mit Benzin";"0551 002"
"Kondensmagermilch";"0114 301"
"Kondensmilch";"0114 301"
"Kondensvollmilch";"0114 301"
"Konditorwaren, Verzehr in Kantinen, Mensen, a.n.g.";"1112 900"
"Konditorwaren, Verzehr in Kantinen, Mensen von Hochschulen, Schulen und Kindergärten";"1112 100"
"Konditorwaren, Verzehr in Restaurants, Cafés, Bars, mit umfassender Bedienungsleistung";"1111 121"
"Kondolenzkarten";"0973 001"
"Kondome, Empfängnisverhütungsmittel";"0612 202"
"Konfekt, Zuckerwaren";"0118 909"
"Konfirmationsunterricht, Gebühren für";"1050 900"
"Konfitüre";"0118 302"
"Königsberger Klopse, gefroren, tafelfertig zubereitet";"0112 506"
"Königsberger Klopse, Konserven";"0112 508"
"Königskuchen, frisch";"0111 344"
"Konservendosen aus Metall";"0540 322"
"Konserveneintöpfe, Fertiggerichte , Suppen und Eintöpfe";"0119 132"
"Konservenfertiggerichte, Reis mit Fleisch, Fisch, Meerestieren oder Gemüse";"0119 121"
"Konservenfertiggerichte auf Gemüsebasis (einschl. Kartoffeln u.a. Knollenfrüchte; ohne Kantinen- und Gaststättenverzehr und ohne Suppen)";"0119 124"
"Konservengläser";"0540 105"
"Konservensuppen, Fertiggerichte";"0119 132"
"Konstruktionsbaukästen";"0921 205"
"Konsumentenkredite, Aufnahme";"0085"
"Konsumentenkredite, ohne Tilgung von zinslosen";"1652 200"
"Konsumentenkredite, Tilgung von zinslosen";"1652 300"
"Konsumentenkredite, Verzinsung";"1652 500"
"Konsumentenkreditversicherung, Prämien";"1639 800"
"Konsumgenossenschaften, Rückvergütungen auf Warenkäufe";"0091 000"
"Konsumvereine, Einlagen, Ausgaben";"1685 700"
"Kontaktlinsen, auch farbig (ohne optisch nicht bearbeitete Gläser)";"0613 102"
"Kontaktlinsen-Pflegemittel";"0612 209"
"Kontoführungsgebühren der Kreditinstitute, ohne Überweisungsgebühren, a.n.g.";"1222 000"
"Kontoführungsgebühren der Kreditinstitute, Überweisungsgebühren";"1229 100"
"Konzerte, Eintrittsgelder (einschl. Garderobe, Programm)";"0961 004"
"Kopfbedeckungen, Reparaturen an";"0314 200"
"Kopfhörer";"0814 091"
"Kopfkissen";"0521 202"
"Kopfkissenbezüge";"0521 204"
"Kopfsalat, frisch oder gekühlt";"0117 101"
"Kopfschutzbedeckungen, Schutzhelme für Motorräder und Fahrräder, auch Sturzhelme mit Kamera";"0721 303"
"Kopfschutzbedeckungen, Sicherheitskopfbedeckungen für das Baugewerbe und die Industrie";"0313 103"
"Kopftücher";"0313 107"
"Kopien von Fotoaufnahmen, Entgelte für Anfertigung";"0963 000"
"Kopierstifte";"0974 005"
"Korallen, lebend, für Aquarien";"0932 103"
"Körbe aus anderem Material";"0540 325"
"Körbe aus Kunststoff";"0540 325"
"Korbflaschen";"0540 105"
"Korbkäse";"0114 504"
"Kordeln für Verpackungszwecke";"0561 909"
"Korianderfrüchte, Gewürze";"0119 402"
"Korinthen";"0116 700"
"Korken";"0561 909"
"Korkenzieher";"0540 203"
"Korkstopfen";"0561 909"
"Kornbranntweine, Verzehr in Kantinen, Mensen, a.n.g.";"1112 900"
"Kornbranntweine, Verzehr in Kantinen, Mensen  von Hochschulen";"1112 100"
"Kornbranntweine, Verzehr in Restaurants, Cafés, Bars, mit umfassender Bedienungsleistung";"1111 141"
"Kornbranntweine";"0211 040"
"Kornkaffee";"0122 003"
"Körperbürsten";"1312 105"
"Körpercremes";"1312 234"
"Körperlotions";"1312 234"
"Körperpflegegeräte, elektrisch";"1311 103"
"Körperpflegegeräteinstallationen (elektrische Geräte)";"1311 200"
"Körperpuder";"1312 240"
"Korrekturlack";"0974 006"
"Korseletts, Miederwaren";"0312 271"
"Kosmetikartikel";"1312 232"
"Kosmetikbehandlung, Gesichtskosmetik";"1313 201"
"Kosmetikbehandlung, Haarentfernung";"1313 204"
"Kosmetikkoffer aus Leder, Kunststoff oder anderem Material";"1329 111"
"Kosmetikkurse";"0946 103"
"Kosmetikpinsel";"1312 105"
"Kosmetiktaschen";"1329 119"
"Kosmetiktücher";"1312 229"
"Kosmetische Cremes";"1312 234"
"Kostenerstattung für ärztliche und stationäre Behandlung u. Arzneimittel aus der gesetzlichen Krankenversicherung";"0031 420"
"Kostenerstattung für ärztliche und stationäre Behandlung u. Arzneimittel aus privater Krankenversicherung";"0033 210"
"Kosten für geschäftliche und dienstliche Zwecke";"1691 000"
"Kosten für Heizöl, Ausgaben der Eigentümerinnen und Eigentümer für vermietete Wohnungen";"1679 500"
"Kosten für Müllabfuhr und  Straßenreinigung, Ausgaben der Eigentümerinnen und Eigentümer für vermietete Wohnungen";"1679 400"
"Kostgeld, Einnahmen von Hausangestellten usw.";"0055 100"
"Kostgeld von Hausangestellten, einschl. steuerlichem Wert für Unterkunft und Verpflegung, Einnahmen";"0055 100"
"Kostüme für Damen, aus anderem Material (ohne Sportbekleidung)";"0312 222"
"Kostüme für Damen, aus Baumwolle (ohne Sportbekleidung)";"0312 221"
"Kostüme für Damen, aus zellulosischen und synthetischen Fasern und Fäden (ohne Sportbekleidung)";"0312 221"
"Kostüme für Mädchen (ohne Sportbekleidung)";"0312 294"
"Kostümstoffe, Meterware";"0311 000"
"Kotelett, Schweinekotelett, frisch oder gefroren";"0112 220"
"Kotflügel für Kraftfahrzeuge";"0721 202"
"Krabbeldecken";"0521 201"
"Krabben, frisch, gekühlt (ohne Konserven)";"0113 401"
"Krabben, gefroren (ohne Konserven)";"0113 402"
"Krabbenchips";"0113 608"
"Krabbenerzeugnisse, frisch, gekühlt  (ohne Konserven)";"0113 401"
"Krabbenerzeugnisse, gefroren (ohne Konserven)";"0113 402"
"Krabbenkonserven";"0113 607"
"Krabbensalat";"0113 608"
"Kraftfahrunterricht";"0724 310"
"Kraftfahrzeuganhänger, Miete für";"0724 400"
"Kraftfahrzeuganhänger (ohne Mobilheime, Campinganhänger)";"0912 103"
"Kraftfahrzeugbeleuchtungen";"0721 201"
"Kraftfahrzeuge, gebraucht, nichtgewerblicher Verkauf, Einnahmen";"0055 220"
"Kraftfahrzeuge mit Fahrerinnen oder Fahrer, Miete für";"0732 206"
"Kraftfahrzeug-Haftpflichtversicherungen, Entgelte für Dienstleistungen für den Verkehr (ohne Versicherungsbeiträge)";"1214 100"
"Kraftfahrzeug-Haftpflichtversicherungen, Prämien";"1633 100"
"Kraftfahrzeug-Insassenversicherungen, Prämien";"1633 500"
"Kraftfahrzeuginspektionen";"0723 012"
"Kraftfahrzeug-Kaskoversicherungen, Prämien";"1633 200"
"Kraftfahrzeug-Kaskoversicherungen, Versicherungsdienstleistungen im Zusammenhang  mit dem Verkehr (ohne Versicherungsbeiträge)";"1214 100"
"Kraftfahrzeugmieten (ohne Fahrer)";"0724 400"
"Kraftfahrzeugmieten mit Fahrerinnen oder Fahrer";"0732 206"
"Kraftfahrzeugpflegemittel";"0721 307"
"Kraftfahrzeug-Rechtsschutzversicherungen, Prämien";"1639 700"
"Kraftfahrzeugschutzbrief, Prämien";"1639 800"
"Kraftfahrzeugsteuer, Ausgaben";"0724 323"
"Kraftfahrzeugsteuer, Erstattung";"0031 624"
"Kraftfahrzeug-Untersuchungen, Gebühren für Schadensgutachten";"0724 328"
"Kraftfahrzeugverbandtaschen, gefüllt";"0612 302"
"Kraftfahrzeugversicherungen, einmalige und unregelmäßige Einnahmen für Personen- und Sachschäden";"0033 220"
"Kraftfahrzeugversicherungen, Entgelte für Dienstleistungen für den Verkehr (ohne Versicherungsbeiträge)";"1214 100"
"Kraftfahrzeugversicherungen, Prämienerstattung";"0033 220"
"Kraftfahrzeugversicherungen, Unfallrenten";"0033 220"
"Kraftfahrzeugversicherungen (ohne Haftpflicht-, -Kasko-, -Insassenversicherung), Prämien";"1633 700"
"Krafträder, leistungsbeschränkt), bis 35 kW, die nicht von einem Kraftrad mit einer Leistung über 70 kW abgeleitet ist, Verhältnis der Leistung zum Gewicht max. 0,2 kW/kg, auch mit Beiwagen";"0712 008"
"Krafträder, Miete für";"0724 400"
"Krafträder mit Hilfsmotor bis 125 ccm, bis 11 kW, mit einem Verhältnis der Leistung zum Gewicht max. 0,1 kW/kg, auch mit Beiwagen";"0712 007"
"Krafträder mit mehr als 125 ccm ohne Geschwindigkeitsbegrenzung";"0712 008"
"Krafträdern, auch Reifen und Schläuchen, Reparaturen an";"0723 028"
"Krafträder über 50 ccm über 45 km/h";"0712 008"
"Kraftradreparaturen, auch Reparaturen an Reifen und Schläuchen";"0723 028"
"Kraftstoffkanister für Kraftfahrzeuge";"0721 305"
"Kraftwagenanhänger (ohne Mobilheime, Campinganhänger und Seitenwagen für Krafträder)";"0912 103"
"Kraftwagenbremsen, Reparaturen an";"0723 021"
"Kraftwageninspektionen";"0723 012"
"Kraftwagenkupplungen, Reparaturen an";"0723 021"
"Kragen, Bekleidungszubehör";"0313 109"
"Kragenknöpfe";"0313 209"
"Krakauer, Brühwurst, grob (ohne Konserven)";"0112 502"
"Krakauer, Rohwurst";"0112 310"
"Krampen für Bekleidung, Haushaltswäsche und Heimtextilien";"0313 209"
"Krampfadernstrümpfe, medizinische Strumpfwaren";"0612 203"
"Krankenbetten";"0613 306"
"Krankenfahrstühle, Reparaturen an";"0614 000"
"Krankenfahrstühle";"0613 306"
"Krankenfahrten, Zuzahlungen und Eigenanteile der gesetzlich Versicherten zu Notfalltransporten und Notrettungen von Patientinnen  und Patienten";"0642 001"
"Krankengeld aus der gesetzlichen Krankenversicherung";"0031 410"
"Krankengeld aus privater Krankenversicherung";"0033 210"
"Krankengeldzuschüsse aus einem Arbeits- oder Dienstverhältnis, brutto";"0011 160"
"Krankengymnastik";"0623 105"
"Krankenhausaufenthalt, Eigenanteil zu langfristigen stationären Gesundheitsdienstleistungen";"0632 001"
"Krankenhausaufenthalt, Eigenanteil zu stationärer Heilbehandlung und medizinischer Rehabilitation";"0631 001"
"Krankenhauskosten, Entgelte für langfristige stationäre Gesundheitsdienstleistungen";"0632 002"
"Krankenhauskosten, Entgelte für stationäre Heilbehandlung und medizinische Rehabilitation, nicht langfristig";"0631 002"
"Krankenhauskosten, Erstattung aus der gesetzlichen Krankenversicherung";"0031 420"
"Krankenhauskosten, Erstattung aus privater Krankenversicherung";"0033 210"
"Krankenkassenbeiträge zur gesetzlichen Krankenversicherung, freiwillige Beiträge";"1622 500"
"Krankenkassenbeiträge zur gesetzlichen Krankenversicherung, Pflichtbeiträge";"1621 590"
"Krankenpflege in der Wohnung, befristet, langfristige ambulante Gesundheitsdienstleistungen";"0623 203"
"Krankentransporte, durch Taxi";"0732 201"
"Krankentransporte, Erstattung durch Krankenkasse";"0031 420"
"Krankentransporte durch Hilfsdienste";"0642 002"
"Krankenversicherungen, gesetzlich, einmalige und unregelmäßige Einnahmen";"0031 420"
"Krankenversicherungen, gesetzlich, freiwillige Beiträge";"1622 500"
"Krankenversicherungen, gesetzlich, Krankengeld, Tagegeld";"0031 410"
"Krankenversicherungen, gesetzlich, Pflichtbeiträge";"1621 590"
"Krankenversicherungen, gesetzliche Arbeitgeberzuschüsse";"0011 110"
"Krankenversicherungen, privat, einmalige und unregelmäßige Einnahmen";"0033 210"
"Krankenversicherungen, privat, Entgelte für Dienstleistungen für die Gesundheit (ohne Versicherungsbeiträge)";"1212 002"
"Krankenversicherungen, privat, Krankengeld, Tagegeld";"0033 210"
"Krankenversicherungen, privat, Prämien (Vollversicherung)";"1632 100"
"Krankenversicherungen, privat, Prämien (Zusatzversicherung)";"1632 200"
"Krankenversicherungen, privat, Prämienerstattung";"0033 230"
"Krankheitskosten in Einrichtungen des Gesundheitswesens, langfristige stationäre Gesundheitsdienstleistungen";"0632 002"
"Krankheitskosten in Einrichtungen des Gesundheitswesens, stationäre Heilbehandlung und medizinische Rehabilitation, nicht langfristig";"0631 002"
"Kränze, Grabkränze";"1329 131"
"Kränze, natürlich (ohne Grabkränze)";"0931 221"
"Kratzbäume für Katzen";"0932 202"
"Kräuter, Küchen- und Würzkräuter, frisch, gekühlt oder gefroren";"0119 401"
"Kräuterbutter";"0115 200"
"Kräuterkäse, Sauermilchkäse";"0114 504"
"Kräuterliköre, Verzehr in Kantinen, Mensen, a.n.g.";"1112 900"
"Kräuterliköre, Verzehr in Kantinen, Mensen  von Hochschulen";"1112 100"
"Kräuterliköre, Verzehr in Restaurants, Cafés, Bars, mit umfassender Bedienungsleistung";"1111 142"
"Kräuterliköre";"0211 010"
"Kräuterpflanzen";"0931 226"
"Kräuterstauden";"0931 226"
"Kräutertees (ohne Arzneimittel und Kantinen- und Gaststättenverzehr)";"0123 003"
"Krawatten";"0313 107"
"Krawattennadeln aus Edelmetall, echten Perlen, Edel- oder Schmucksteinen";"1321 112"
"Krawattennadeln aus unedlem Metall, Kunststoff, Glas u.ä.";"1321 111"
"Krawattenspanner";"0561 909"
"Krawattenstoffe, Meterware";"0311 000"
"Krebstiere, frisch, gekühlt (ohne Konserven)";"0113 401"
"Krebstiere, gefroren (ohne Konserven)";"0113 402"
"Krebstiere, Konserven";"0113 607"
"Krebstiererzeugnisse, frisch, gekühlt  (ohne Konserven)";"0113 401"
"Krebstiererzeugnisse, gefroren (ohne Konserven)";"0113 402"
"Krebstiergerichte, Verzehr in Kantinen, Mensen, a.n.g.";"1112 900"
"Krebstiergerichte, Verzehr in Kantinen, Mensen von Hochschulen, Schulen und Kindergärten";"1112 100"
"Krebstiergerichte, Verzehr in Restaurants, Cafés, Bars, mit umfassender Bedienungsleistung";"1111 114"
"Kreditaufnahme bei anderen Kreditgebern, Einnahmen";"0081 900"
"Kreditaufnahme bei Bausparkassen, Einnahmen";"0081 200"
"Kreditaufnahme bei Kreditinstituten (ohne Bausparkassen), Einnahmen";"0081 100"
"Kreditbearbeitungsgebühren";"1229 900"
"Kredite, Aufnahme von Hypotheken, Grundschulden und anderen Baudarlehen, nicht bei Kreditinstituten";"0081 900"
"Kredite, Aufnahme von Hypotheken, Grundschulden und anderen Baudarlehen bei Bausparkassen";"0081 200"
"Kredite, Aufnahme von Hypotheken, Grundschulden und anderen Baudarlehen bei Kreditinstituten ohne Bausparkassen";"0081 100"
"Kredite, Aufnahme von Teilzahlungs-, Klein- u.ä. Krediten";"0085"
"Kredite, gewährt, Wiedereingang, Einnahmen";"0078 000"
"Kredite, Gewährung, Ausgaben";"1688 000"
"Kredite, Tilgung";"1651 200"
"Kredite, Tilgung von Teilzahlungs-, Klein- u.ä. Krediten (ohne zinslose)";"1652 200"
"Kredite, Tilgung von zinslosen Teilzahlungs-, Klein- u.ä. Krediten";"1652 300"
"Kredite, Verzinsung von Hypotheken, Grundschulden und anderen Baudarlehen";"1651 400"
"Kredite, Verzinsung von Teilzahlungs-, Klein- u.ä. Krediten";"1652 500"
"Kredite für die allgemeine Lebensführung";"0085 600"
"Kredite für die Anschaffung von anderen langlebigen Gebrauchsgütern (ohne Möbel und Kraftfahrzeuge)";"0085 300"
"Kredite für die Anschaffung von Kraftfahrzeugen";"0085 100"
"Kredite für die Anschaffung von Möbeln";"0085 200"
"Kredite für Hochzeiten, Familienfeiern u.ä.";"0085 500"
"Kredite für Urlaubs- und Erholungsreisen";"0085 400"
"Kredite ohne Einzelnachweis (ohne Kredite zur Finanzierung von Haus- und Grundbesitz)";"0085 900"
"Kreditkartengebühren, a.n.g.";"1222 000"
"Kreditkartengebühren, Überweisungsgebühren";"1229 100"
"Kreditkartenversicherung, Entgelt Versicherungsdienstleistungen";"1219 000"
"Kreditkäufe,  (ohne Tilgung von zinslosen Raten- und Konsumentenkrediten, Abzahlungen";"1652 200"
"Kreditkäufe, zinslos, Abzahlungen";"1652 300"
"Kreditversicherung, Prämien";"1639 800"
"Kreditzinsen auf Baudarlehen";"1651 400"
"Kreissägen, elektrisch";"0551 002"
"Krematorien, Dienstleistungen";"1390 905"
"Kreppel, frisch";"0111 344"
"Kresse, frisch";"0117 102"
"Kreuze";"0921 303"
"Kreuze";"1322 000"
"Kreuzfahrten im Ausland";"0980 008"
"Kriegsbeschädigtenrenten";"0031 680"
"Kriegsbeschädigten-Vereinigungen, Mitgliedsbeiträge";"1641 900"
"Kriegsbeschädigten-Vereinigungen, Spenden und unregelmäßige Beiträge";"1642 900"
"Kriegsopferfürsorge nach dem Bundesversorgungsgesetz";"0031 639"
"Kriegsopferversorgung, Beschädigtenrenten";"0031 680"
"Kriegsopferversorgung, Hinterbliebenenrenten";"0031 680"
"Kriegsopferversorgung";"0031 639"
"Krippen, Weihnachtskrippen";"0921 303"
"Krippenfiguren";"0921 303"
"Kristallraffinade";"0118 100"
"Kristallzucker";"0118 100"
"Krokant";"0118 909"
"Krokantpralinen";"0118 502"
"Kroketten, gefroren, Kartoffelerzeugnisse";"0117 801"
"Kronleuchter, elektrisch, Wohnraumleuchten";"0511 301"
"Kronsbeeren, frisch oder gekühlt";"0116 409"
"Krücken, Unterarmgehstützen, orthopädiemechanische Erzeugnisse";"0613 306"
"Krüge aus Glas (ohne Trinkgläser)";"0540 105"
"Krüge aus Porzellan (ohne Trinkgefäße)";"0540 105"
"Krüge aus Steingut u.a. feinkeramischen Stoffen (ohne Trinkgefäße)";"0540 105"
"Krümelbürsten";"0561 121"
"Krümelschaufeln";"0561 909"
"Kruzifixe aus Edelmetall oder Schmucksteinen";"1322 000"
"Kruzifixe aus unedlem Metall, Kunststoff, Glas u.ä.";"1322 000"
"Kübel aus anderem Material";"0540 325"
"Kübel aus Kunststoff";"0540 325"
"Kuchen, frisch";"0111 344"
"Kuchen, gefroren";"0111 343"
"Kuchen, Verzehr in Kantinen, Mensen, a.n.g.";"1112 900"
"Kuchen, Verzehr in Kantinen, Mensen von Hochschulen, Schulen und Kindergärten";"1112 100"
"Kuchen, Verzehr in Restaurants, Cafés, Bars, mit umfassender Bedienungsleistung";"1111 121"
"Kuchenbacken, Dienstleistungen";"0562 909"
"Kücheneckbänke";"0511 131"
"Kücheneinrichtungen, komplett";"0511 139"
"Kuchenformen, aus Metall und Silikon";"0540 313"
"Kuchengabeln";"0540 201"
"Kuchenhauben aus Kunststoff";"0540 322"
"Küchenherde mit elektrischer Beheizung, kombinierte Back- und Kochgeräte";"0531 107"
"Küchenherde mit Gasbeheizung, kombinierte Back- und Kochgeräte";"0531 107"
"Küchenherde mit Holz- und/oder Kohlenbeheizung, kombinierte Back- und Kochgeräte";"0531 107"
"Küchenherde mit Ölbeheizung, kombinierte Back- und Kochgeräte";"0531 107"
"Küchenkräuter, frisch, gekühlt oder gefroren";"0119 401"
"Küchenkräuter, getrocknet";"0119 402"
"Küchenkräutersamen";"0931 218"
"Küchenmaschinen, elektrisch";"0532 102"
"Küchenmaschinen, nichtelektrisch, a.n.g.";"0532 102"
"Küchenmaschinen, nichtelektrisch, für die Zubereitung von Getränken";"0532 209"
"Küchenmaschinen und -geräten, Reparaturen an";"0533 001"
"Kuchenmehl, backfertig";"0111 901"
"Küchenmesser, elektrisch";"0532 102"
"Küchenmesser, nichtelektrisch";"0540 202"
"Kuchenplatten aus Edelmetall";"0540 328"
"Kuchenplatten aus Glas";"0540 105"
"Kuchenplatten aus Porzellan";"0540 105"
"Kuchenplatten aus Steingut u.a. feinkeramischen Stoffen";"0540 105"
"Kuchenplatten aus unedlem Metall, Kunststoff, Holz";"0540 328"
"Küchenscheren";"0540 203"
"Küchenschränke";"0511 133"
"Küchensiebe";"0540 321"
"Kuchenstückchen";"0111 330"
"Küchenstühle";"0511 131"
"Kuchenteig, backfertig";"0111 901"
"Küchentische";"0511 132"
"Kuchentransportboxen aus Kunststoff";"0540 322"
"Küchentücher aus Papier";"0561 902"
"Küchenuhren";"0511 408"
"Küchenwaagen, nicht elektrisch";"0532 102"
"Küchenzutaten, die ausschließlich auf Obst basieren";"0116 909"
"Küchenzutaten, mit Kakaoanteil";"0118 507"
"Kuckucksuhren";"0511 408"
"Kugelschreiberminen";"0974 004"
"Kugelschreiber mit auswechselbarer Mine";"0974 004"
"Kühe, lebend";"0932 102"
"Kühlakkus für den Haushalt";"0540 329"
"Kühl-Augenmasken";"0612 305"
"Kühlflüssigkeit für Kraftfahrzeuge";"0722 409"
"Kühlgeräte, elektrisch, Reparaturen an";"0533 001"
"Kühlkissen";"0612 305"
"Kühlschränke, elektrisch";"0531 101"
"Kühltaschen";"0540 329"
"Kühl- und Gefrierkombinationen, elektrisch";"0531 103"
"Küken, lebend";"0932 103"
"Kulthandlungen, z.B. Messelesen";"1390 200"
"Kultivatoren, motorisch angetrieben";"0551 001"
"Kultur, Mitgliedsbeiträge an Organisationen";"1641 200"
"Kultur, Spenden und unregelmäßige Beiträge an Organisationen";"1642 200"
"Kulturabgaben";"1612 800"
"Kulturbeutel, ausgestattet";"1312 105"
"Kulturförderabgaben";"1612 800"
"Kulturtaschen- und beutel";"1329 119"
"Kümmel, Gewürze";"0119 402"
"Kümmel, Spirituosen, Verzehr in Kantinen, Mensen, a.n.g.";"1112 900"
"Kümmel, Spirituosen, Verzehr in Kantinen, Mensen  von Hochschulen";"1112 100"
"Kümmel, Spirituosen, Verzehr in Restaurants, Cafés, Bars, mit umfassender Bedienungsleistung";"1111 141"
"Kümmel, Spirituosen";"0211 040"
"Kummet für Zugtiere, für die Freizeit";"0912 402"
"Kummet für Zugtiere, nicht für die Freizeit";"0714 000"
"Kunstausstellungen u.ä., Eintrittsgelder";"0962 001"
"Kunstblumen, Bekleidungszubehör (ohne Papierblumen)";"0313 209"
"Kunstblumen, Papierblumen";"0931 213"
"Kunstdärme";"0561 909"
"Kunstfingernägel, Dienstleistungen von Nagelstudios";"1313 204"
"Kunstgegenstände, Originale";"0511 407"
"Kunstgegenstände, Reproduktionen von Gemälden u.ä.";"0511 407"
"Kunsthonig";"0118 208"
"Künstlerfarben";"0974 008"
"Künstlerpinsel";"0974 009"
"Künstliche Blätter";"0931 213"
"Künstliche Blumen";"0931 213"
"Kunststoffbodenbeläge";"0431 106"
"Kunststoffboxen, Haushaltsbehälter";"0540 325"
"Kunststofffolien zum Braten u.ä.";"0561 902"
"Kunststofffrischhaltefolien für den Haushalt";"0561 902"
"Kunststoffgirlanden für Freizeit und Unterhaltung";"0921 303"
"Kunststoffknöpfe für Bekleidung, Haushaltswäsche und Heimtextilien";"0313 209"
"Kunststoffschwämme für den Haushalt";"0561 123"
"Kunststoffstiefel für Damen, Arbeitsstiefel";"0321 220"
"Kunststoffstiefel für Herren, Arbeitsstiefel";"0321 120"
"Kunststofftapeten für Schönheitsreparaturen, auf Kosten der Wohnungsinhaberinnen und Wohnungsinhaber";"0431 102"
"Kunststofftassen, Trinkgefäße";"0540 328"
"Kunststoffvorhänge, konfektioniert";"0521 101"
"Kunstwerke, Originale";"0511 407"
"Kunstwerke, Reproduktionen von Gemälden u.ä.";"0511 407"
"Kupferstiche, Originale";"0511 407"
"Kuraufenthalte, in Kurkrankenhäusern u.ä., Entgelte für langfristige stationäre Behandlung (ohne Pflegeheime)";"0632 002"
"Kuraufenthalte, in Sanatorien, Entgelte für langfristig stationäre Behandlung (ohne Pflegeheime)";"0632 002"
"Kuraufenthalte, Zuschüsse aus der gesetzlichen Krankenversicherung";"0031 420"
"Kürbiskerne";"0119 402"
"Kürbisse, frisch oder gekühlt";"0117 209"
"Kurkosten, Eigenanteil";"0632 001"
"Kurse für EDV";"1050 900"
"Kurtaxe";"1390 909"
"Kurzarbeitergeld, Zuschuss des Arbeitgebers";"0011 160"
"Kurzarbeitergeld und Winterbauförderung nach der Arbeitsförderung nach SGB III";"0031 520"
"Kurzreisen (weniger als 5 Tage) im Inland";"0980 001"
"Kurzreisen (weniger als 5 Tage) ins Ausland";"0980 004"
"Kurzzeitpflege,";"1330 200"
"Kutschen für andere Tiere (ohne solche für Pferde und Ponys für Sport und Freizeit)";"0714 000"
"Kutschen für Pferde (ohne solche für Pferde und Ponys für Sport und Freizeit)";"0714 000"
"Kutschen für Pferde und Ponys, für Sport und Freizeit";"0912 402"
"Kutschfahrten";"0946 207"
"Kutteln, frisch oder gefroren";"0112 400"
"Kuverts";"0974 001"
"Kuvertüre mit einem Kakaoanteil von weniger als 50 %";"0118 509"
"Lachs, frisch oder gekühlt";"0113 101"
"Lachs, gefroren";"0113 102"
"Lachs, geräuchert";"0113 200"
"Lachs, in Öl, Konserven";"0113 301"
"Lachsschinken (ohne Konserven)";"0112 310"
"Lacke für Schönheitsreparaturen, auf Kosten der Wohnungsinhaberinnen und Wohnungsinhaber";"0431 101"
"Lackieren von Kraftwagen und Kraftwagenanhängern";"0723 021"
"Lackieren von Wänden, Decken, Fenstern, Türen, Fußböden an Mietwohnungen";"0432 004"
"Lackieren von Wänden, Decken, Fenstern, Türen, Fußböden in Eigentümerwohnungen";"0432 004"
"Lackpflegemittel für Fahrräder";"0721 307"
"Lackpflegemittel für Kraftfahrzeuge";"0721 307"
"Lactose";"0118 208"
"Ladekabel für Handys";"0819 209"
"Laden von Kraftfahrzeugbatterien";"0723 021"
"Lagerbier";"0213 001"
"Laken für Betten";"0521 204"
"Lakritzwaren";"0118 909"
"Laminatböden auf Kosten der Mieterinnen und der Mieter";"0431 104"
"Laminiergeräte";"0974 006"
"Lammbraten, Konserven";"0112 508"
"Lämmer, lebend";"0932 102"
"Lammfelle (z.B. für Säuglinge)";"1329 139"
"Lammfleisch, frisch oder gefroren (ohne Innereien)";"0112 230"
"Lammfleisch, Konserven";"0112 508"
"Lampen für den Garten";"0511 309"
"Lampen für Fahrräder";"0721 308"
"Lampen für Kraftfahrzeuge";"0721 201"
"Lampen für Wohnraumleuchten (ohne Energiesparlampen)";"0552 202"
"Lampengläser für Petroleumlampen";"0511 309"
"Lampenöl";"0561 903"
"Lampenschirme für Wohnraumleuchten";"0511 309"
"Lampenzylinder für Petroleumlampen";"0511 309"
"Landabgaberente aus der Altershilfe für Landwirte, an landwirtschaftliche Unternehmer";"0031 130"
"Landabgaberente aus der Altershilfe für Landwirte, an Witwen, Witwer und frühere Ehegatten";"0031 130"
"Landbutter";"0115 200"
"Landjäger, Rohwurst";"0112 310"
"Landkarten im Buchformat";"0973 003"
"Landkrebse, gefroren (ohne Konserven)";"0113 402"
"Landrahm, Milchmischerzeugnisse";"0114 900"
"Landschaftsgestaltung, Ausgaben der Wohnungsinhaberinnen und Wohnungsinhaber (ohne Umlagen)";"0444 909"
"Landschnecken, frisch, gekühlt (ohne Konserven)";"0113 401"
"Landschnecken, gefroren (ohne Konserven)";"0113 402"
"Landschulheime (Klassenfahrten)";"10"
"Landsmannschaften, laufende Beiträge";"1641 900"
"Landsmannschaften, Mitgliedsbeiträge";"1641 900"
"Landsmannschaften, Spenden und unregelmäßige Beiträge";"1642 900"
"Landwirtschaftliche Geräte, nichtmotorisch";"0552 104"
"Landwirtschaftliche Krankenkassen, freiwillige Beiträge";"1622 500"
"Landwirtschaftliche Krankenkassen, Pflichtbeiträge";"1621 590"
"Langlaufloipen, Benutzungsentgelte für";"0946 205"
"Langusten, frisch, gekühlt (ohne Konserven)";"0113 401"
"Langusten, gefroren (ohne Konserven)";"0113 402"
"Langusten, Konserven";"0113 607"
"Langustenerzeugnisse, frisch, gekühlt  (ohne Konserven)";"0113 401"
"Langustenerzeugnisse, gefroren (ohne Konserven)";"0113 402"
"Laptops";"0813 103"
"Lasagne";"0119 111"
"Lastanhänger für Kraftwagen (ohne Mobilheime, Campinganhänger und Seitenwagen für Krafträder)";"0912 103"
"Lastenausgleich, Hauptentschädigung";"0031 639"
"Lastenausgleich, laufende Einnahmen";"0031 680"
"Lastenausgleichsrenten";"0031 680"
"Lastkraftwagen (ohne Fahrer), Miete für";"0724 400"
"Laternen für flüssige oder gasförmige Brennstoffe";"0511 309"
"Latexmatratzen";"0511 124"
"Latten aus Holz, für werterhaltende Maßnahmen der Eigentümerinnen und Eigentümer";"1675 100"
"Latten aus Holz, für werterhöhende Maßnahmen der Eigentümerinnen und Eigentümer";"1663 000"
"Lattenroste";"0511 122"
"Lätzchen für Säuglinge";"0312 303"
"Laubbaum (z.B. Ahorn, Birke)";"0931 225"
"Laubsägeblätter";"0552 105"
"Laubsägen";"0552 105"
"Lauch, frisch oder gekühlt";"0117 409"
"Laufende Einnahmen aus privaten Lebensversicherungen";"0077 100"
"Laufende Hilfe zum Lebensunterhalt (Sozialhilfe) nach dem 3. Kapitel SGB XII";"0031 615"
"Läufer, Teppiche, aus textilem Material (ohne handgeknüpfte oder handgewebte)";"0511 406"
"Laufgeschirr für Kinder";"1329 122"
"Lauflernhilfen für Kinder";"1329 122"
"Laufräder";"0921 203"
"Laufschuhe, Spezialsportschuhe für Herren, Damen und Kinder";"0922 117"
"Laufställe für Kleinkinder";"0511 150"
"Laugengebäck, Dauerbackwaren";"0111 370"
"Laugengebäck";"0111 370"
"Lauten";"0951 003"
"Lautsprecher, PC-Zubehör";"0813 204"
"Lautsprecherboxen";"0814 016"
"Lautsprecher für Kraftfahrzeuge";"0814 018"
"Lavendelwasser";"1312 231"
"Laxativa, apothekenpflichtig (ohne solche für Tiere)";"0611 120"
"Leasing für Elektrowerkzeuge, für den Garten";"0553 011"
"Leasing für Elektrowerkzeuge, nicht für den Garten";"0553 012"
"Leasing für motorbetriebene Werkzeuge und Geräte, für den Garten";"0553 011"
"Leasing für motorbetriebene Werkzeuge und Geräte, nicht für den Garten";"0553 012"
"Leasing und Miete für elektrische u.a. Haushaltsgroßgeräte";"0533 002"
"Leasing und Miete von Handwerkzeugen (ohne Gartengeräte)";"0553 022"
"Leasing und Miete von Kleingeräten und Zubehör, für das Haus";"0553 022"
"Leasing und Miete von nicht motorbetriebenen Gartengeräten";"0553 021"
"Leasing und Miete von nicht motorbetriebenen Handwerkzeugen, für den Garten";"0553 021"
"Leasing und Miete  von nicht motorbetriebenen Kleingeräten und Zubehör, für den Garten";"0553 021"
"Leasing und Miete von nicht motorbetriebenen Werkzeugen, für den Garten";"0553 021"
"Leasing und Miete von Werkzeugen, für das Haus";"0553 022"
"Lebendfutter für Zierfische";"0932 201"
"Lebendköder für die Sportfischerei (z.B. Würmer, Maden)";"0922 115"
"Lebensversicherungen, Einkauf";"1687 300"
"Lebensversicherungen, Einnahmen";"0077"
"Lebensversicherungen, Entgelte für Dienstleistungen (ohne Versicherungsbeiträge)";"1211 001"
"Lebensversicherungen, Kapitalauszahlung, Beitragserstattung, Gewinnbeteiligung";"0077 200"
"Lebensversicherungen, laufende Einnahmen";"0077 100"
"Lebensversicherungen, Prämien";"1687 300"
"Leber, frisch oder gefroren";"0112 400"
"Leberkäse (ohne Konserven)";"0112 502"
"Leberpastete, geräuchert (ohne Konserven)";"0112 310"
"Leberpastete, Konserven";"0112 504"
"Lebertran, Medizinallebertran";"0611 220"
"Leberwurst, Kochwurst (ohne Konserven)";"0112 503"
"Leberwurst, Konserven";"0112 504"
"Lebkuchen";"0111 352"
"Lebkuchengewürzmischungen";"0119 402"
"Lederbälle, Sportbälle, für Sport im Freien";"0922 111"
"Lederbälle, Sportbälle, für Sport in Räumen";"0922 121"
"Lederfette";"0561 117"
"Ledergürtel, Bekleidungszubehör";"0313 109"
"Ledergürtel, Sportgürtel, für Sport im Freien";"0922 119"
"Ledergürtel, Sportgürtel, für Sport in Räumen";"0922 129"
"Lederhandschuhe für Damen";"0313 105"
"Lederhandschuhe für Herren";"0313 104"
"Lederhandschuhe für Kinder";"0313 106"
"Lederhosen für Damen, kurz (ohne Sportbekleidung)";"0312 227"
"Lederhosen für Damen, lang (ohne Sportbekleidung)";"0312 227"
"Lederhosen für Herren, (ohne Sportbekleidung)";"0312 129"
"Lederhosen für Jungen, lang (ohne Sportbekleidung)";"0312 183"
"Lederhosen für Mädchen, kurz (ohne Sportbekleidung)";"0312 294"
"Lederhosen für Mädchen, lang (ohne Sportbekleidung)";"0312 293"
"Lederhüte für Damen";"0313 102"
"Lederhüte für Herren";"0313 102"
"Lederjacken für Damen (ohne Sportbekleidung)";"0312 216"
"Lederjacken für Herren (ohne Sportbekleidung) (ohne Sakkos)";"0312 117"
"Lederjacken für Jungen (ohne Sportbekleidung)";"0312 182"
"Lederjacken für Mädchen (ohne Sportbekleidung)";"0312 292"
"Lederknöpfe für Bekleidung, Haushaltswäsche und Heimtextilien";"0313 209"
"Lederöle";"0561 117"
"Lederpflegemittel";"0561 117"
"Ledertücher, Putztücher, für den Haushalt";"0561 122"
"Lederwaren, Feintäschnerwaren, Reparaturen an";"1329 200"
"LED-Kerzen, a.n.g.";"0511 309"
"LED-Kerzen, Weihnachtsbaumbeleuchtung";"0921 303"
"LEDs für Kraftfahrzeuge";"0721 201"
"LEDs zu Leuchtzwecken";"0552 202"
"Leerdamer Käse";"0114 502"
"Leergut, Einnahmen";"0091 000"
"Leggings für Damen";"0312 227"
"Lehrbücher";"0971 100"
"Lehren, Messwerkzeuge";"0552 105"
"Lehrprogramme für Computer";"0820 000"
"Leibbinden, medizinisch";"0613 304"
"Leibrenten an andere private Haushalte, Ausgaben, gesetzlich und vertraglich";"1643 100"
"Leibrenten von anderen privaten Haushalten, Einnahmen";"0033 420"
"Leibrenten von Organisationen ohne Erwerbszweck, Einnahmen";"0033 410"
"Leibrenten von Unternehmen, Einnahmen (ohne Sachbezüge)";"0033 110"
"Leibwächter";"1390 909"
"Leichtkrafträder bis 50 ccm, Nenndauerleistung oder maximale Nutzleistung bis 4 kW";"0712 007"
"Leihgebühren für Bücher";"0962 002"
"Leihgebühren für DVDs";"0839 203"
"Leihgebühren für Musikinstrumente";"0969 001"
"Leihgebühren für Videofilme";"0839 203"
"Leihhausgebühren";"1390 909"
"Leihhauskredite, Aufnahme";"0085"
"Leihhauskredite, ohne Tilgung von zinslosen Raten- und Konsumentenkrediten, Tilgung";"1652 200"
"Leihhauskredite, Verzinsung";"1652 500"
"Leihhauskredite, zinslos, Tilgung";"1652 300"
"Leihwagen (ohne Fahrer/in),- krafträder und -fahrräder sowie Carsharing";"0724 400"
"Leime für Bürozwecke";"0974 007"
"Leime für den Haushalt";"0561 909"
"Leime für Tapeten, für Schönheitsreparaturen, auf Kosten der Wohnungsinhaberinnen und Wohnungsinhaber";"0431 103"
"Leimfarben für Schönheitsreparaturen, auf Kosten der Wohnungsinhaberinnen und Wohnungsinhaber";"0431 101"
"Leinöl für Speisezwecke";"0115 109"
"Leinsamen, geschrotet";"0119 402"
"Leinsamen";"0119 402"
"Leinwand";"0974 009"
"Leinwände, Projektionswände";"0911 202"
"Leipziger Allerlei, Konserven";"0117 919"
"Leisten, Fußleisten u.ä., für die Wohnungsinstandsetzung, auf Kosten der Mieterinnen und der Mieter";"0431 104"
"Leisten für Damenschuhe";"0321 290"
"Leisten für Herrenschuhe";"0321 190"
"Leisten für Kinderschuhe";"0321 390"
"Leistungen aus den europäischen Sozialfonds";"0031 639"
"Leistungen aus privaten anderen Schadenversicherungen";"0033 230"
"Leistungen aus privaten Kraftfahrzeugversicherungen";"0033 220"
"Leistungen aus privaten Krankenversicherungen";"0033 210"
"Leistungen aus privaten Pflegeversicherungen";"0033 230"
"Leistungen aus privaten Unfallversicherungen";"0033 220"
"Leistungen nach dem 5. bis 9. Kapitel SGB XII (bis 2004 sog. 'Hilfe in besonderen Lebenslagen')";"0031 616"
"Leistungen nach dem Gesetz über eine bedarfsorientierte Grundsicherung im Alter und bei Erwerbsminderung (GSiG)";"0031 650"
"Leistungsprämien aus einem Arbeits- oder Dienstverhältnis, brutto";"0011 160"
"Leitern";"0552 101"
"Leitungsdraht, elektrische Installationsgeräte";"0431 108"
"Lenkdrachen für Kinder";"0921 206"
"Lenkdrachen für Sport";"0922 209"
"Lernprogramme für Computer";"0820 000"
"Lesebrillen (ohne optisch nicht bearbeitete Gläser)";"0613 102"
"Lesering, Miete für Zeitschriften oder Bücher";"0962 002"
"Lesezeichen";"0973 004"
"Lesezirkel, Miete für Zeitschriften";"0962 002"
"Leuchten, Christbaumbeleuchtungen";"0921 303"
"Leuchten, elektrisch,  Reparatur an";"0512 000"
"Leuchten, Taschenlampen";"0552 204"
"Leuchten (ohne Taschen- und Handlampen)";"0511 3"
"Leuchten für Fahrräder";"0721 308"
"Leuchten für Foto- und Kinozwecke";"0911 202"
"Leuchten für Kraftfahrzeuge";"0721 201"
"Leuchtfarben für Schönheitsreparaturen, auf Kosten der Wohnungsinhaberinnen und Wohnungsinhaber";"0431 101"
"Leuchtstoffröhren";"0552 202"
"Lexika";"0971 100"
"Lichtbildwände";"0911 202"
"Lichterketten, a.n.g.";"0511 309"
"Lichterketten, Weihnachtsbaumbeleuchtung";"0921 303"
"Licht- und Tonshows, Eintrittsgelder (einschl. Garderobe, Programm)";"0961 005"
"Liederbücher";"0971 907"
"Lieferantenkredite für private Warenlieferungen, Aufnahme";"0085"
"Lieferantenkredite für private Warenlieferungen, ohne zinslose, Tilgung";"1652 200"
"Lieferantenkredite für private Warenlieferungen, Verzinsung";"1652 500"
"Lieferantenkredite für private Warenlieferungen, zinslos, Tilgung";"1652 300"
"Liefergebühren für Blumen, z.B. Fleurop-Dienst";"0749 200"
"Liefergebühren für Pflanzen, z.B. Fleurop-Dienst";"0749 200"
"Liegen, Campingmöbel";"0511 200"
"Liegen, Polstermöbel (ohne Campingmöbel)";"0511 121"
"Liegen und Sonnenschirme, Miete für";"0944 000"
"Liegeplatzmiete für Boote (ohne Ferienliegeplatzmiete)";"0942 206"
"Liegesofas";"0511 113"
"Liegestuhlauflagen (ohne einzelne Bezüge)";"0521 909"
"Liegestühle";"0511 200"
"Liegewagenfahrkarten zu gewöhnlichen Konditionen im Schienenfernverkehr, international";"0731 130"
"Liegewagenfahrkarten zu gewöhnlichen Konditionen im Schienenfernverkehr, national";"0731 121"
"Liegewagenfahrkarten zu Sonderkonditionen im Schienenfernverkehr, international";"0731 130"
"Liegewagenfahrkarten zu Sonderkonditionen im Schienenfernverkehr, national";"0731 123"
"Liköre, Verzehr in Kantinen, Mensen, a.n.g.";"1112 900"
"Liköre, Verzehr in Kantinen, Mensen  von Hochschulen";"1112 100"
"Liköre, Verzehr in Restaurants, Cafés, Bars, mit umfassender Bedienungsleistung";"1111 142"
"Liköre";"0211 010"
"Likörgläser";"0540 103"
"Likörweine, Dessertweine, Verzehr in Kantinen, Mensen, a.n.g.";"1112 900"
"Likörweine, Dessertweine, Verzehr in Kantinen, Mensen von Hochschulen";"1112 100"
"Likörweine, Dessertweine, Verzehr in Restaurants, Cafés, Bars, mit umfassender Bedienungsleistung";"1111 143"
"Likörweine, Sherry";"0212 150"
"Limburger Käse";"0114 503"
"Limetten, frisch oder gekühlt";"0116 207"
"Limonaden, chininhaltige (auch diätetische aber ohne Kantinen- und Gaststättenverzehr)";"0126 002"
"Limonaden, koffeinhaltige";"0126 001"
"Limonaden, kräuterhaltige (auch diätetische aber ohne Kantinen- und Gaststättenverzehr)";"0126 002"
"Limonaden, Verzehr in Kantinen, Mensen, a.n.g.";"1112 900"
"Limonaden, Verzehr in Kantinen, Mensen von Hochschulen, Schulen und Kindergärten";"1112 100"
"Limonaden, Verzehr in Restaurants, Cafés, Bars, mit umfassender Bedienungsleistung";"1111 152"
"Limonaden (auch diätetische aber ohne koffeinhaltige und ohne Kantinen- und Gaststättenverzehr)";"0126 002"
"Limonaden ohne Kohlensäure";"0126 004"
"Limonen, frisch oder gekühlt";"0116 207"
"Lindenblütentee, Medizinaltee";"0611 220"
"Lineale";"0974 007"
"Linienblätter";"0974 003"
"Linoleum, Bodenbeläge";"0431 106"
"Linsen, getrocknet, ausgelöst (auch zerkleinert oder geschält)";"0117 600"
"Linsen, Konserven";"0117 919"
"Lippenlack";"1312 232"
"Lippenstifte";"1312 232"
"Literaturzeitschriften, wissenschaftlich";"0972 206"
"Lithografien, Originale";"0511 407"
"Litzen für Bekleidung, Haushaltswäsche und Heimtextilien";"0313 209"
"Locher, Bürogeräte";"0974 007"
"Lockennadeln";"1312 102"
"Lockenstab, elektrisch";"1311 102"
"Lockenwickler, nichtelektrisch";"1312 102"
"Löffel, Einwegbestecke";"0561 901"
"Löffel";"0540 201"
"Logopädische Therapie";"0623 105"
"Lohn aus einem Arbeits- oder Dienstverhältnis, brutto";"0011 110"
"Lohnausgleichszahlungen im Baugewerbe, brutto";"0011 160"
"Löhne für anderes Hauspersonal, Barentlohnung";"0562 100"
"Löhne für anderes Hauspersonal, z.B. für Haushälterinnen";"0562 100"
"Löhne für anderes Hauspersonal zur Betreuung von älteren Personen, Barentlohnung";"0562 100"
"Löhne für Hauspersonal zur Betreuung von Kindern (ohne Naturallöhne und Geschenke)";"0562 100"
"Lohnfortzahlung durch den Arbeitgeber im Krankheitsfall, brutto";"0011 110"
"Lohnpfändungen";"1649 002"
"Lohnsteuer, Ausgaben";"1611 150"
"Lohnsteuer, Erstattung";"0031 624"
"Lokomotiven für Modelleisenbahnen";"0921 206"
"Lorbeerblätter, getrocknet";"0119 402"
"Löschpapier";"0974 003"
"Lose, Glücksspiel-Gebühren";"0947 000"
"Lötgeräte, elektrisch";"0551 002"
"Lötgeräte, nichtelektrisch";"0552 105"
"Lötkolben, elektrisch";"0551 002"
"Lötkolben, nichtelektrisch, Gas";"0552 105"
"Lotterieeinsätze";"1647 000"
"Lotteriegebühren";"0947 000"
"Lotteriegewinne";"0033 410"
"Lottoeinsätze";"1647 000"
"Lottogewinne";"0033 410"
"Lötzinn";"0561 909"
"LTE-Antennen";"0811 009"
"Luftballons";"0921 303"
"Luftbefeuchter, elektrisch";"0531 307"
"Luftdruckgewehre";"0922 114"
"Luftdruckpistolen";"0922 114"
"Luftdruckwaffen für Paintball";"0922 114"
"Luftentfeuchter";"0531 307"
"Lufterfrischer, elektrisch";"0532 102"
"Lufterfrischer, nicht elektrisch";"0561 119"
"Lüfter für Aquarien";"0932 202"
"Luftfahrzeuge";"0912 200"
"Luftfahrzeugteile (ohne Verbrauchsgüter)";"0912 200"
"Luftmatratzen, Campingartikel";"0922 205"
"Luftmatratzen u.ä., Miete für";"0944 000"
"Luftpostgebühren, international";"0741 100"
"Luftpostleichtbriefe, international";"0741 100"
"Luftpumpen für Fahrräder";"0721 308"
"Luftpumpen für Luftmatratzen";"0922 205"
"Luftsprudelmatten";"0532 102"
"Lumberjacken für Damen";"0312 216"
"Lumberjacken für Herren";"0312 117"
"Lumberjacken für Jungen";"0312 182"
"Lumberjacken für Mädchen";"0312 292"
"Lunge, frisch oder gefroren";"0112 400"
"Lupen, Reparaturen an";"0941 000"
"Lupen";"0911 302"
"Lüster, elektrisch, Wohnraumleuchten";"0511 301"
"Lutscher";"0118 909"
"Lyoner Wurst, Brühwurst (ohne Konserven)";"0112 502"
"Lyrik, Bücher";"0971 901"
"Mädchenhandtaschen aus Leder, Kunststoff oder anderem Material";"1329 112"
"Mädchenoberbekleidung (ohne Reparaturen an Sportbekleidung), Reparaturen an";"0314 200"
"Mädchenoberbekleidungsstoffe, Meterware";"0311 000"
"Mädchenumhängetaschen aus Leder, Kunststoff oder anderem Material";"1329 112"
"Magazine, Publikumszeitschriften";"0972 203"
"Magenbitter, Verzehr in Kantinen, Mensen, a.n.g.";"1112 900"
"Magenbitter, Verzehr in Kantinen, Mensen von Hochschulen";"1112 100"
"Magenbitter, Verzehr in Restaurants, Cafés, Bars, mit umfassender Bedienungsleistung";"1111 142"
"Magenbitter";"0211 010"
"Magenbrot, Dauerbackwaren";"0111 352"
"Magermilch, entrahmt";"0114 200"
"Magermilchpulver";"0114 301"
"Magnesiumtabletten und -präparate";"0119 907"
"Magnete zur Befestigung";"0561 905"
"Magnet Resonanz Therapie";"0641 002"
"Magnettafeln";"0974 007"
"Magnettonbänder, bespielt, a.n.g.";"0952 003"
"Magnettonbänder, bespielt, elektronische Bücher ohne Bildungsbezug";"0971 909"
"Magnettonbänder, bespielt, Lehrbücher";"0971 100"
"Mahlzeiten, nicht aufteilbare Ausgaben für Getränke und Speisen, in Kantinen, Mensen, a.n.g.";"1112 900"
"Mahlzeiten, nicht aufteilbare Ausgaben für Getränke und Speisen, in Kantinen, Mensen von Hochschulen, Schulen und Kindergärten";"1112 100"
"Mahlzeiten, nicht aufteilbare Ausgaben für Getränke und Speisen, Verzehr in Restaurants, Cafés, Bars, mit umfassender Bedienungsleistung";"1111 119"
"Mahlzeiten, Verzehr aus Automaten und in öffentlichen Verkehrsmitteln, sofern nicht im Fahrpreis enthalten, mit Getränken";"1111 204"
"Mahlzeiten, Verzehr aus Automaten und in öffentlichen Verkehrsmitteln, sofern nicht im Fahrpreis enthalten, ohne Getränke";"1111 205"
"Mahlzeiten an einer Tafel";"1330 900"
"Mahlzeiten und Imbisse von Caterern";"1111 207"
"Mahlzeiten und Imbisse von Lieferservices";"1111 207"
"Mahlzeiten und Imbisse von Partyservices";"1111 207"
"Mahlzeiten und Imbisse von Pizzaservices";"1111 207"
"Mahngebühren";"1645 000"
"Maikräuter, frisch, gekühlt oder gefroren";"0119 401"
"Mainzer Käse";"0114 504"
"Mairüben, frisch oder gekühlt";"0117 409"
"Mais, frisch oder gekühlt";"0117 209"
"Mais, Futtermittel für Nutztiere";"0932 201"
"Mais, Gemüsemaiskonserven (ohne Sauerkonserven)";"0117 919"
"Maischips";"0117 925"
"Maisgrieß";"0111 205"
"Maismehl für Speisezwecke";"0111 205"
"Maisöl für Speisezwecke";"0115 109"
"Maisstärke";"0117 921"
"Majoran, frisch, gekühlt oder gefroren";"0119 401"
"Majoran, getrocknet";"0119 402"
"Make-up";"1312 232"
"Make-up Entferner";"1312 240"
"Makkaroni";"0111 500"
"Maklergebühren, Kauf von Grundstücken, Gebäuden und Eigentumswohnungen";"1661 000"
"Maklergebühren, Kreditvermittlung";"1229 900"
"Maklergebühren, Versicherungsvermittlung, a.n.g.";"1219 000"
"Maklergebühren, Versicherungsvermittlung der Lebensversicherungen";"1211 001"
"Maklergebühren, Wohnungsvermittlung";"1390 907"
"Makrelen, frisch oder gekühlt";"0113 101"
"Makrelen, gefroren";"0113 102"
"Makrelen, geräuchert";"0113 200"
"Makronen, Dauerbackwaren";"0111 352"
"Malblöcke";"0974 002"
"Malbücher";"0974 003"
"Malen von Wänden, Decken, Fenstern, Türen und Fußböden, an Mietwohnungen";"0432 004"
"Malen von Wänden, Decken, Fenstern, Türen und Fußböden, in Eigentümerwohnungen";"0432 004"
"Malerpinsel";"0552 105"
"Malfolien, Verbrauchsgüter für Malzwecke";"0974 008"
"Malkästen, leer";"0974 009"
"Malkästen, Unterrichts- und Künstlerfarben";"0974 008"
"Malkurse";"0969 005"
"Malleinen, Verbrauchsgüter für Malzwecke";"0974 008"
"Malpapier (ohne Malblöcke)";"0974 003"
"Malschule";"0969 005"
"Malstative";"0974 009"
"Maltose";"0118 208"
"Malunterricht";"0969 005"
"Malz";"0111 908"
"Malzbier, Verzehr in Kantinen, Mensen, a.n.g.";"1112 900"
"Malzbier, Verzehr in Kantinen, Mensen von Hochschulen, Schulen und Kindergärten";"1112 100"
"Malzbier, Verzehr in Restaurants, Cafés, Bars, mit umfassender Bedienungsleistung";"1111 144"
"Malzbier";"0213 003"
"Malzextrakt";"0111 908"
"Malzkaffee";"0122 003"
"Malzkeime";"0111 908"
"Malzmehl";"0111 908"
"Malztrunk";"0213 003"
"Malzweine";"0212 220"
"Malzzucker";"0118 208"
"Mandarinen, frisch oder gekühlt";"0116 202"
"Mandarinen, Konserven";"0116 907"
"Mandeldrink";"0114 400"
"Mandelkerne, unbearbeitet";"0116 809"
"Mandeln, gebrannt";"0118 903"
"Mandeln, mit oder ohne Schale";"0116 809"
"Mandelschokoladen, Tafelschokoladen";"0118 503"
"Mandolinen";"0951 003"
"Mangeln von Bekleidung";"0314 120"
"Mangeln von Haushaltswäsche";"0562 901"
"Mangeln von Heimtextilien";"0562 901"
"Mango, frisch oder gekühlt";"0116 109"
"Mango, Konserven";"0116 907"
"Mangold, frisch oder gekühlt";"0117 102"
"Mangostan, frisch oder gekühlt";"0116 109"
"Manicures aus Leder, Kunststoff oder anderem Material (nicht ausgestattet)";"1329 119"
"Maniküren, Dienstleistungen";"1313 204"
"Maniküretuis, gefüllt";"1312 105"
"Manikürgeräte, nichtelektrisch";"1312 105"
"Maniok, frisch";"0117 508"
"Maniok, Mehl";"0117 922"
"Manschetten";"0313 109"
"Manschettenknöpfe aus Edelmetall, echten Perlen, Edel- oder Schmucksteinen";"1321 112"
"Manschettenknöpfe aus unedlem Metall, Kunststoff, Glas u.ä.";"1321 111"
"Mäntel für Damen (ohne Sportbekleidung)";"0312 218"
"Mäntel für Herren, (ohne Sportbekleidung)";"0312 117"
"Mäntel für Jungen (ohne Sportbekleidung)";"0312 182"
"Mäntel für Mädchen (ohne Sportbekleidung)";"0312 292"
"Mäntel für Säuglinge";"0312 308"
"Mantelstoffe, Meterware";"0311 000"
"Mappen, z.B. Aktenmappen (ohne Schulranzen)";"1329 113"
"Maraschinokirschen, kandiert";"0118 901"
"Margarine mit geringem Fettgehalt";"0115 300"
"Margarine mit normalem Fettgehalt";"0115 300"
"Marinaden";"0113 302"
"Markenbutter";"0115 200"
"Markierstifte";"0974 004"
"Markisen";"0521 101"
"Markisenhalter";"0561 905"
"Markisenstangen";"0561 909"
"Markisenstoffe, Meterware";"0521 909"
"Markklößchen";"0112 509"
"Markknochen, Suppenknochen";"0112 400"
"Marmelade";"0118 302"
"Marmeladengläser";"0540 105"
"Marmite, (Brotaufstrich/Würzmittel aus Hefeextrakt)";"0119 304"
"Maronen, geröstet";"0116 901"
"Maronen, nicht geröstet";"0116 809"
"Marzipanschokoladen, Tafelschokoladen";"0118 503"
"Marzipanwaren";"0118 909"
"Maschendraht";"0552 104"
"Maskara";"1312 232"
"Maskenbälle, Eintrittsgelder";"0946 101"
"Masken für die Körperpflege";"1312 234"
"Masken für Vorbeugungs- und Schutzmaßnahmen aus  Kunststoff, Papier, Vlies oder Gewebe";"0612 209"
"Massagebürsten, medizinisch";"0612 305"
"Massagegeräte, medizinisch";"0612 305"
"Massagegeräte, nicht medizinisch";"1311 103"
"Massagegeräte, Reparaturen an";"0614 000"
"Massagehandschuhe, nicht elektrisch, für die Körperpflege";"1312 105"
"Massagen, ambulante Heilbehandlung und medizinische Rehabilitation";"0623 105"
"Massagen, nicht medizinisch";"1313 204"
"Massageöle";"1312 234"
"Massagesteine";"1329 139"
"Maßschuhe für Damen, orthopädisch";"0613 303"
"Maßschuhe für Damen (ohne orthopädische Schuhe)";"0321 210"
"Maßschuhe für Herren, orthopädisch";"0613 303"
"Maßschuhe für Herren (ohne orthopädische Schuhe)";"0321 110"
"Maßschuhe für Kinder, orthopädisch";"0613 303"
"Maßschuhe für Kinder (ohne orthopädische Schuhe)";"0321 310"
"Maßstäbe (ohne Zeichengeräte)";"0552 105"
"Maste für den Garten";"0931 105"
"Matchsäcke aus Kunststofffolien";"0922 203"
"Mate";"0123 001"
"Matjesfilets, Marinaden";"0113 302"
"Matjesheringe (ohne Marinaden)";"0113 200"
"Matjessalat, Verzehr in Kantinen, Mensen, a.n.g.";"1112 900"
"Matjessalat, Verzehr in Kantinen, Mensen von Hochschulen, Schulen und Kindergärten";"1112 100"
"Matjessalat, Verzehr in Restaurants, Cafés, Bars, mit umfassender Bedienungsleistung";"1111 114"
"Matjessalat";"0113 304"
"Matratzen mit Federkern";"0511 124"
"Matratzen mit Latexfüllung";"0511 124"
"Matratzen mit Schaumstofffüllung";"0511 124"
"Matratzenrahmen aus Metall oder Holz";"0511 122"
"Matratzenschoner";"0521 205"
"Matten, Abstreicher";"0521 901"
"Matten für Badezimmer";"0521 901"
"Matten für Kraftfahrzeuge";"0721 305"
"Matzen";"0111 319"
"Maulkörbe für Hunde";"0932 202"
"Maultaschen, Verzehr in Kantinen, Mensen, a.n.g.";"1112 900"
"Maultaschen, Verzehr in Kantinen, Mensen von Hochschulen, Schulen und Kindergärten";"1112 100"
"Maultaschen, Verzehr in Restaurants, Cafés, Bars, mit umfassender Bedienungsleistung";"1111 116"
"Maultaschen mit Fleischanteil";"0119 112"
"Maultierfleisch, frisch, gekühlt oder gefroren";"0112 250"
"Mausefallen";"0561 909"
"Mautgebühren für Brücken-, Straßen- und Tunnelbenutzung mit Kraftfahrzeugen";"0724 200"
"Mayonnaise";"0119 305"
"Mayonnaise ähnliche Erzeugnisse, pastenförmig";"0119 305"
"Media Player, digital, zum Speichern und Abspielen von Videos, Musik und Fotosammlungen";"0814 022"
"Medikamente, apothekenpflichtig (ohne solche für Tiere)";"0611 120"
"Medikamente, pflanzliche Arzneimittel und homöopathische Produkte (ohne solche für Tiere)";"0611 220"
"Medikamente für Haustiere";"0932 204"
"Medizinallebertran";"0611 220"
"Medizinalseifen";"1312 216"
"Medizinaltees";"0611 220"
"Medizinbälle";"0922 121"
"Medizinische Bäder, ambulante Heilbehandlung und medizinische Rehabilitation";"0623 105"
"Medizinische Strumpfwaren";"0612 203"
"Meerespflanzen, essbar, frisch oder gekühlt";"0117 409"
"Meeressäugertierfleisch";"0112 250"
"Meerfenchel, frisch oder gekühlt";"0117 409"
"Meerforelle, frisch, gekühlt";"0113 101"
"Meerforelle, gefroren";"0113 102"
"Meerrettich, frisch oder gekühlt";"0117 102"
"Meerrettichpulver";"0119 402"
"Meersalz";"0119 301"
"Meerschweinchen, lebend";"0932 102"
"Megaphon";"0814 017"
"Mehl (ohne Hafermehl)";"0111 205"
"Mehlsiebe";"0540 321"
"Mehl von Hülsenfrüchten";"0117 922"
"Mehrere Versicherungen in einem Paket, Kombiversicherungen, z.B. kombinierte Unfall-, Privathaftpflicht-, Hausrat-, Glas- und Verkehrsrechtsschutzversicherung";"1639 900"
"Mehrfach-Einkaufstaschen aus allen Materialien";"0521 909"
"Mehrkornbrot";"0111 313"
"Mehrwertsteuer, soweit bezogene Güterart nicht feststellbar";"1612 800"
"Mehrzweck-Gartengeräte, nichtmotorisch angetrieben, Bodenbearbeitungsgeräte";"0552 104"
"Melderegisterauskünfte, Gebühren";"1390 909"
"Melissengeist";"0611 220"
"Melkfett als Pflegemittel für den Haushalt";"0561 119"
"Melkfett für die Körperpflege";"1312 234"
"Melkfett für Haustiere";"0932 209"
"Melone mit Schinken, Verzehr in Restaurants, Cafés, Bars, mit umfassender Bedienungsleistung";"1111 123"
"Melonen, frisch oder gekühlt";"0116 502"
"Memorycards für Digitalkamera u.a. transportable Geräte";"0815 004"
"Menora mit Gebeten";"1322 000"
"Menschenaugen, künstlich";"0613 102"
"Menüs mit Vorspeise, nicht aufteilbare Ausgaben, Verzehr in Kantinen, Mensen, a.n.g.";"1112 900"
"Menüs mit Vorspeise, nicht aufteilbare Ausgaben, Verzehr in Kantinen, Mensen von Hochschulen, Schulen und Kindergärten";"1112 100"
"Menüs mit Vorspeise, nicht aufteilbare Ausgaben, Verzehr in Restaurants, Cafés, Bars, mit umfassender Bedienungsleistung";"1111 119"
"Menüs mit Vorspeise, Verzehr aus Automaten und in öffentlichen Verkehrsmitteln, sofern nicht im Fahrpreis enthalten, mit Getränken";"1111 204"
"Menüs mit Vorspeise, Verzehr aus Automaten und in öffentlichen Verkehrsmitteln, sofern nicht im Fahrpreis enthalten, ohne Getränke";"1111 205"
"Merkbücher, Taschen- oder Tischkalender";"0973 002"
"Merlan, frisch oder gekühlt";"0113 101"
"Merlan, gefroren";"0113 102"
"Messbecher, Küchengeräte";"0540 321"
"Messeausstellungen, Besuch von einschl.  Garderobe und Programm";"0962 001"
"Messelesen";"1390 200"
"Messer, Bestecke";"0540 201"
"Messer, Einwegbestecke";"0561 901"
"Messer, elektrisch";"0532 102"
"Messer, nichtelektrisch, Küchenmesser";"0540 202"
"Messerschärfer";"0561 909"
"Messerschleifen, Dienstleistungen";"0562 909"
"Messgefäße, Küchengeräte";"0540 321"
"Metallbaukästen";"0921 205"
"Metallfolien zum Braten u.ä.";"0561 902"
"Metallknöpfe für Bekleidung, Haushaltswäsche und Heimtextilien";"0313 209"
"Metallputzmittel (ohne Autopflegemittel)";"0561 115"
"Metallsägen";"0552 105"
"Metallschwämme für den Haushalt";"0561 123"
"Metermaße";"0552 105"
"Mett, frisch, gefroren oder tiefgefroren";"0112 509"
"Mettwurst, Rohwurst";"0112 310"
"Miederhöschen";"0312 271"
"Miesmuscheln, frisch, gekühlt  (ohne Konserven)";"0113 401"
"Miesmuscheln, gefroren (ohne Konserven)";"0113 402"
"Mietbeihilfe, Sozialhilfe, laufende Einnahmen";"0031 615"
"Miete für Bekleidung (ohne Schuhe)";"0314 200"
"Miete für Benutzung  Sporteinrichtungen";"0946 204"
"Miete für Bootsliegeplätze";"0942 206"
"Miete für Daueraufenthalt in Gasthöfen mit Verpflegung";"0411 053"
"Miete für Daueraufenthalt in Hotels mit Verpflegung";"0411 053"
"Miete für Daueraufenthalt in Hotels ohne Verpflegung";"0411 051"
"Miete für Daueraufenthalt in Pensionen mit Verpflegung";"0411 053"
"Miete für Daueraufenthalt in Pensionen ohne Verpflegung";"0411 051"
"Miete für Einfamilienhäuser, Einnahmen einschl. Umlagen für Nebenkosten";"0021 110"
"Miete für Einfamilienhäuser, Einnahmen ohne Umlagen für Nebenkosten";"0021 120"
"Miete für Elektrowerkzeuge, nicht für den Garten";"0553 012"
"Miete für Fahrzeugstellplätze (ohne Mieten für Stellplätze, die zur Wohnung gehören)";"0724 102"
"Miete für Ferienhäuser (ohne Pauschalreisen und Dauermieten)";"1120 202"
"Miete für Ferienwohnungen (ohne Pauschalreisen und Dauermieten)";"1120 102"
"Miete für Freizeitwohnungen bis 70 m² (ohne Nebenkosten und Mieten für Ferienwohnungen, -Häuser u.ä.)";"0412 121"
"Miete für Freizeitwohnungen über 70 m² (ohne Nebenkosten und Mieten für Ferienwohnungen, -Häuser u.ä.)";"0412 122"
"Miete für Gaszähler, Ausgaben der Wohnungsinhaberinnen und Wohnungsinhaber";"0452 101"
"Miete für Geschirr";"0540 400"
"Miete für Kletterausrüstungen, Spezialschuhe";"0946 208"
"Miete für Kletterausrüstungen";"0944 000"
"Miete für Kraftfahrzeuge (ohne Fahrer)";"0724 400"
"Miete für Mobilheime, für Freizeit- und Erholungszwecke";"0942 100"
"Miete für motorbetriebene Werkzeuge und Geräte, nicht für den Garten";"0553 012"
"Miete für Wohneinheiten, in Arbeiterwohnheimen";"1120 900"
"Miete für Wohneinheiten, in Jugendwohnheimen";"1120 900"
"Miete für Wohneinheiten, in Schwesternwohnheimen";"1120 900"
"Miete für Wohneinheiten, in Umsiedlerwohnheimen";"1120 900"
"Miete für Wohneinheiten, in Wohnheimen für Umsiedler";"1120 900"
"Miete für Wohneinheiten in Altenheimen, für langfristige Aufenthalte";"1330 200"
"Miete für Wohneinheiten in Altenwohnheimen, für langfristige Aufenthalte";"1330 200"
"Miete für Wohneinheiten in Behindertenwohnheimen, für langfristige Aufenthalte";"1330 200"
"Miete für Wohneinheiten in Hospizen, für langfristige Aufenthalte";"1330 200"
"Miete für Wohnmobile";"0942 100"
"Miete für Wohnungen, Einnahmen einschl. Umlagen für Nebenkosten";"0021 110"
"Miete für Wohnungen, Einnahmen ohne Umlagen für Nebenkosten";"0021 120"
"Miete für Wohnungen, errichtet 1949 bis 1990, (ohne Nebenkosten, Zweit- und Freizeitwohnungen), bis 70 m²";"0411 021"
"Miete für Wohnungen, errichtet 1949 bis 1990, (ohne Nebenkosten, Zweit- und Freizeitwohnungen), über 70 m²";"0411 024"
"Miete für Wohnungen, errichtet 1991 bis 2000, (ohne Nebenkosten, Zweit- und Freizeitwohnungen), bis 70 m²";"0411 031"
"Miete für Wohnungen, errichtet 1991 bis 2000, (ohne Nebenkosten, Zweit- und Freizeitwohnungen), über 70 m²";"0411 034"
"Miete für Wohnungen, errichtet 2001 oder später, (ohne Nebenkosten, Zweit- und Freizeitwohnungen), bis 70 m²";"0411 041"
"Miete für Wohnungen, errichtet 2001 oder später, (ohne Nebenkosten, Zweit- und Freizeitwohnungen), über 70 m²";"0411 044"
"Miete für Wohnungen, errichtet bis 1948, (ohne Nebenkosten, Zweit- und Freizeitwohnungen), bis 70 m²";"0411 011"
"Miete für Wohnungen, errichtet bis 1948,  (ohne Nebenkosten, Zweit- und Freizeitwohnungen), über 70 m²";"0411 014"
"Miete für Zusatzeinrichtungen von Fernsprechern, Zweitapparaten, Klingeln u.ä. im Festnetz";"0831 001"
"Miete für Zweitwohnungen bis 70 m²";"0412 111"
"Miete für Zweitwohnungen über 70 m²";"0412 112"
"Mietervereine, laufende Beiträge";"1641 900"
"Mietervereine, Mitgliedsbeiträge";"1641 900"
"Mietervereine, Spenden und unregelmäßige Beiträge";"1642 900"
"Miete und Leasing für elektrische u.a. Haushaltsgroßgeräte";"0533 002"
"Miete und Leasing nicht motorbetriebener Handwerkzeuge u.a. Gebrauchsgüter für den Garten";"0553 021"
"Miete und Leasing von Handwerkzeugen (ohne Gartengeräte)";"0553 022"
"Miete und Leasing von Kleingeräten und Zubehör, für das Haus";"0553 022"
"Miete und Leasing von nicht motorbetriebenen Gartengeräten";"0553 021"
"Miete und Leasing von nicht motorbetriebenen Handwerkzeugen, für den Garten";"0553 021"
"Miete und Leasing von nicht motorbetriebenen Kleingeräten und Zubehör, für den Garten";"0553 021"
"Miete und Leasing von nicht motorbetriebenen Werkzeugen, für den Garten";"0553 021"
"Miete und Leasing von Werkzeugen, für das Haus";"0553 022"
"Miete von Beamern";"0835 005"
"Miete von Hoverboards";"0942 204"
"Miete von Navigationsgeräten";"0942 204"
"Miete von Outdoornavis";"0942 204"
"Miete von Schmuck";"1321 201"
"Miete von Schuhen";"0322 000"
"Miete von Segways";"0942 204"
"Miete von Spielen, Spielzeug und Hobbywaren";"0943 200"
"Miete von Uhren";"1321 202"
"Miete von Wandernavis";"0942 204"
"Mietkostenzuschüsse aus einem Arbeits- oder Dienstverhältnis, brutto";"0011 160"
"Mietvorauszahlungen, Ausgaben";"041"
"Mietvorauszahlungen, Wiedereingang, Einnahmen";"0078 000"
"Mietwert der Eigentümergaragen, Einnahmen";"0021 1"
"Mietwert der Eigentümerwohnungen, nicht für Freizeitzwecke, Einnahmen";"0021 200"
"Mietwert der Eigentümerwohnungen als Hauptwohnungen";"0421 000"
"Mietwert der Eigentümerwohnungen für Freizeitzwecke, Einnahmen";"0021 200"
"Mietwert der Eigentumswohnungen als Zweitwohnungen";"0422 000"
"Mietwert des selbstgenutzten Einfamilienhauses, Einnahmen";"0021 200"
"Mietwert für Freizeitwohnungen, Ausgaben (ohne Nebenkosten)";"0422 000"
"Mietwert von freiwohnenden Haushalten, Ausgaben";"0422 000"
"Mietwert von Garagen und Stellplätzen (brutto/netto)";"0021 200"
"Mietwert von selbstgenutzten Garagen, Ausgaben (ohne Mieten von Garagen und Stellplätzen, die zur Wohnung gehören)";"0724 102"
"Mietwert von selbstgenutzten Garagen, Einnahmen";"0021 200"
"Mietwert von selbstgenutzten gewerblichen Räumen im eigenen Wohngebäude, Einnahmen";"0021 200"
"Mietwert von Wochenendeigentümerwohnungen und -häusern (netto)";"0021 200"
"Mikrochipimplantation bei Haustieren";"0945 002"
"Mikrofone";"0814 017"
"Mikrofotografische Vorsatzgeräte";"0911 202"
"Mikroskope, Reparaturen an";"0941 000"
"Mikroskope";"0911 302"
"Mikrowellengeschirr, aus Kunststoff";"0540 328"
"Mikrowellengeschirr, aus Porzellan (Schüsseln u.ä.)";"0540 105"
"Mikrowellengeschirr, aus Porzellan (Teller, Tassen, Becher u.a. Trinkgefäße)";"0540 102"
"Mikrowellengeschirr, aus Steingut u.a. feinkeramischen Stoffen (Schüsseln u.ä.)";"0540 105"
"Mikrowellengeschirr, aus Steingut u.a. feinkeramischen Stoffen (Teller, Tassen, Becher u.a. Trinkgefäße)";"0540 102"
"Mikrowellenherde";"0531 108"
"Milch, entrahmte Milch (Magermilch)";"0114 200"
"Milch, Roh- und Vollmilch";"0114 100"
"Milch, Verzehr in Kantinen, Mensen, a.n.g.";"1112 900"
"Milch, Verzehr in Kantinen, Mensen von Hochschulen, Schulen und Kindergärten";"1112 100"
"Milch, Verzehr in Restaurants, Cafés, Bars, mit umfassender Bedienungsleistung";"1111 152"
"Milchaufschäumer";"0532 102"
"Milchbonbons";"0118 903"
"Milchbrötchen";"0111 320"
"Milchhalbfett";"0115 200"
"Milchkannen aus Glas";"0540 105"
"Milchkannen aus Kunststoff, Milchtransportbehälter";"0540 322"
"Milchkannen aus Kunststoff, Tafelgeschirr";"0540 328"
"Milchkannen aus Porzellan";"0540 105"
"Milchkannen aus Steingut u.a. feinkeramischen Stoffen";"0540 105"
"Milchkannen aus unedlem Metall, Milchtransportbehälter";"0540 322"
"Milchkannen aus unedlem Metall, Tafelgeschirr";"0540 328"
"Milchmischgetränke, Verzehr in Kantinen, Mensen, a.n.g.";"1112 900"
"Milchmischgetränke, Verzehr in Kantinen, Mensen von Hochschulen, Schulen und Kindergärten";"1112 100"
"Milchmischgetränke, Verzehr in Restaurants, Cafés, Bars, mit umfassender Bedienungsleistung";"1111 152"
"Milchmischgetränke";"0114 707"
"Milchpulver";"0114 301"
"Milchpumpe";"0612 305"
"Milchreis, geschält";"0111 101"
"Milchreis, verzehrfertig";"0114 704"
"Milchreis, Verzehr in Kantinen, Mensen, a.n.g.";"1112 900"
"Milchreis, Verzehr in Kantinen, Mensen von Hochschulen, Schulen und Kindergärten";"1112 100"
"Milchreis, Verzehr in Restaurants, Cafés, Bars, mit umfassender Bedienungsleistung";"1111 118"
"Milchschnitte";"0118 909"
"Milchschokoladen, Tafelschokoladen";"0118 503"
"Milchspeisen, Verzehr in Kantinen, Mensen, a.n.g.";"1112 900"
"Milchspeisen, Verzehr in Kantinen, Mensen von Hochschulen, Schulen und Kindergärten";"1112 100"
"Milchspeisen, Verzehr in Restaurants, Cafés, Bars, mit umfassender Bedienungsleistung";"1111 118"
"Milchzucker";"0118 208"
"Milzwurst, Brühwurst (ohne Konserven)";"0112 502"
"Minen für Blei- und Farbstifte";"0974 005"
"Mineralarme Wässer";"0125 000"
"Mineralogische Sammlungen und Sammlungsstücke";"0921 208"
"Mineralwässer,";"0125 000"
"Mineralwässer, Verzehr in Kantinen, Mensen, a.n.g.";"1112 900"
"Mineralwässer, Verzehr in Kantinen, Mensen von Hochschulen, Schulen und Kindergärten";"1112 100"
"Mineralwässer, Verzehr in Restaurants, Cafés, Bars, mit umfassender Bedienungsleistung";"1111 151"
"Miniaturwecker";"0511 408"
"Mini-Fluets zum Aufbacken";"0111 320"
"Minigolfbahnen, Entgelte für Benutzung";"0946 204"
"Minigolfbahnen, Miete für";"0946 204"
"Minigruppenfahrkarten für Personen (ohne solche für Schüler, Studenten, Auszubildende), in Verkehrsverbünden, Tarif- und Verkehrsgemeinschaften";"0735 019"
"Minigruppenfahrkarten zu Sonderkonditionen im Schienenfernverkehr";"0731 123"
"Ministerialzulage";"0011 110"
"Minitreibhäuser für Balkon";"0552 104"
"Mirabellen, frisch";"0116 309"
"Mirabellenkonserven";"0116 905"
"Mischbrot (ohne Schrot- und Vollkornbrot)";"0111 312"
"Mischdünger";"0931 101"
"Mischfutter für Haustiere";"0932 201"
"Mischfutter für Tauben (ohne Arzneimittel)";"0932 201"
"Mischgemüse, Konserven (ohne Erbsen mit Möhren)";"0117 919"
"Mischobst, getrocknet";"0116 700"
"Mischungen aus Kaffee und Kaffeemitteln";"0122 003"
"Missionsspenden";"1642 100"
"Mitfahrzentralen, Teilnahme an Fahrten über";"0732 206"
"Mitgliedsbeiträge an Arbeitnehmerorganisationen";"1641 500"
"Mitgliedsbeiträge an Frauenverbände";"1641 900"
"Mitgliedsbeiträge an Gewerkschaften";"1641 500"
"Mitgliedsbeiträge an Heimatvereine u.ä.";"1641 200"
"Mitgliedsbeiträge an Landsmannschaften";"1641 900"
"Mitgliedsbeiträge an Mietervereine";"1641 900"
"Mitgliedsbeiträge an Organisationen der Bildung, Wissenschaft, Forschung und Kultur";"1641 200"
"Mitgliedsbeiträge an Organisationen der freien Jugendhilfe";"1641 100"
"Mitgliedsbeiträge an Organisationen der freien Wohlfahrtspflege";"1641 100"
"Mitgliedsbeiträge an Organisationen des Gesundheitswesens";"1641 200"
"Mitgliedsbeiträge an politische Parteien";"1641 700"
"Mitgliedsbeiträge an religiöse und weltanschauliche Vereinigungen";"1641 100"
"Mitgliedsbeiträge an Schulvereine";"1641 900"
"Mitgliedsbeiträge an Soldatenbünde";"1641 900"
"Mitgliedsbeiträge an Sportvereine und Sportorganisationen";"1641 300"
"Mitgliedsbeiträge an Studentenvereinigungen";"1641 900"
"Mitgliedsbeiträge an Verbraucherverbände";"1641 900"
"Mitgliedsbeiträge an Vereinigungen von Kriegs- und Zivilbeschädigten";"1641 900"
"Mitgliedschaften an Streamingportalen für Musik";"0839 204"
"Mitgliedschaften bei Notfalltransportdiensten";"0642 002"
"Mittagessen, nicht aufteilbare Ausgaben, Verzehr in Kantinen, Mensen, a.n.g.";"1112 900"
"Mittagessen, nicht aufteilbare Ausgaben, Verzehr in Kantinen, Mensen  von Hochschulen";"1112 100"
"Mit Wermut aromatisierter Wein";"0212 150"
"Mixbecher, Küchengeräte";"0540 321"
"Mixed Pickles, Sauerkonserven, mit Essig haltbar gemacht";"0117 912"
"Mixgeräte, elektrisch (einschl. Rührständern und Zusatzgeräten)";"0532 102"
"Mixgetränke, alkoholisch, Verzehr in Kantinen, Mensen, a.n.g.";"1112 900"
"Mixgetränke, alkoholisch, Verzehr in Kantinen, Mensen von Hochschulen, Schulen und Kindergärten";"1112 100"
"Mixgetränke auf Likörbasis alkoholisch, Verzehr in Restaurants, Cafés, Bars, mit umfassender Bedienungsleistung";"1111 142"
"Mixgetränke auf Spirituosenbasis, alkoholisch, Verzehr in Restaurants, Cafés, Bars, mit umfassender Bedienungsleistung";"1111 141"
"Möbel, Miete für";"0512 000"
"Möbel (ohne Reparaturen an Campingmöbeln, Kühl- und Gefriergeräten), Reparaturen an";"0512 000"
"Möbelaufstellen, Dienstleistungen (ohne Kühl- und Gefriergeräte)";"0749 200"
"Möbelbeschläge";"0431 108"
"Möbelgleiter";"0561 909"
"Möbellagerung";"0749 100"
"Möbelpflegemittel";"0561 115"
"Möbelpolitur";"0561 115"
"Möbelpolstern, Reparaturen";"0512 000"
"Möbelschlösser";"0431 108"
"Möbelstoffe, Meterware";"0521 102"
"Möbeltransporte u.ä. (einschl. Möbellagerung)";"0749 100"
"Mobile Navigationsgeräte (ohne Kfz)";"0912 901"
"Mobilfunkantennen";"0811 009"
"Mobilfunkrouter";"0813 204"
"Mobilfunk-Telefongespräche (einschl. monatlicher Grundgebühr), in internationale Fest- und Mobilfunknetze, Postpaid (Mobiltelefonverträge)";"0832 221"
"Mobilfunk-Telefongespräche (einschl. monatlicher Grundgebühr), Prepaid (jede Leistung wird von einem aufladbaren Guthabenkonto abgebucht), nationale Fest- und Mobilfunknetze";"0832 212"
"Mobilfunk-Telefongespräche (einschl. monatlicher Grundgebühr) in internationale Fest- und Mobilfunknetze, Prepaid";"0832 222"
"Mobilfunk-Telefongespräche Postpaid (Mobiltelefonverträge), nationale Fest- und Mobilfunknetze";"0832 211"
"Mobilheime, fest abgestellt, während der Ferienzeit (ohne Pauschalreisen und Dauermieten), Miete für";"1120 202"
"Mobilheime, Reparaturen an";"0942 100"
"Mobilheime";"0912 101"
"Mobiltelefone ohne Vertrag und ohne SIM-Karte, ausgestattet mit verschiedenen Funktionen, aber hauptsächlich zum Telefonieren genutzt, z.B. Smartphones";"0812 000"
"Modellautos";"0921 206"
"Modellbausätze";"0921 205"
"Modelleisenbahnen, elektrisch";"0921 206"
"Modelliermassen";"0921 209"
"Modems, Reparaturen an";"0835 001"
"Modems für Datendienste ( DFÜ, Internet)";"0813 204"
"Modeschmuck";"1321 111"
"Modezeitschriften, Publikumszeitschriften";"0972 206"
"Mohnbrötchen";"0111 320"
"Mohn-Fix (backfertige Kuchenfüllung)";"0116 909"
"Mohn für Speisezwecke";"0119 402"
"Mohnöl für Speisezwecke";"0115 109"
"Möhren, frisch oder gekühlt";"0117 403"
"Möhren, Konserven (ohne Sauerkonserven)";"0117 919"
"Möhrensaft";"0121 006"
"Möhrensalat, Sauerkonserven, mit Essig haltbar gemacht";"0117 912"
"Mokkaschokoladen, Tafelschokoladen";"0118 503"
"Mokkaservices aus Porzellan";"0540 102"
"Mokkaservices aus Steingut und aus feinkeramischen Stoffen";"0540 102"
"Molke";"0114 900"
"Molkepulver";"0114 900"
"Molkereibutter";"0115 200"
"Molkereiprodukte, die nicht auf Milch basieren, z.B. Sojadrink";"0114 400"
"Molkeriegel";"0119 907"
"Monatsgehalt oder -lohn aus einem Arbeits- oder Dienstverhältnis, brutto";"0011 110"
"Monatskalender";"0973 002"
"Monatskarten für Fahrten im Schienenfernverkehr, international";"0731 130"
"Monatskarten für Fahrten im Schienenfernverkehr, national";"0731 122"
"Monatskarten für Personen (ohne solche für Schüler, Studenten, Auszubildende), für den Schienennahverkehr der Hoch-, U-, Schwebe-, Straßenbahnen";"0731 203"
"Monatskarten für Personen (ohne solche für Schüler, Studenten, Auszubildende), für den Stadt- und Regionalverkehr der Eisenbahnunternehmen";"0731 113"
"Monatskarten für Personen (ohne solche für Schüler, Studenten, Auszubildende), in Verkehrsverbünden, Tarif- und Verkehrsgemeinschaften";"0735 015"
"Monatskarten für Personen (ohne solche für Schüler, Studenten, Auszubildende), mit Omnibussen im Fernverkehr (ohne internationaler Fernverkehr)";"0732 102"
"Monatskarten für Personen (ohne solche für Schüler, Studenten, Auszubildende), mit Omnibussen im Nahverkehr";"0732 101"
"Monatskarten für Personen (ohne solche für Schüler, Studenten, Auszubildende) mit Omnibussen, im internationalen Fernverkehr";"0732 103"
"Monatskarten für Schüler, Studenten, Auszubildende, für den Schienennahverkehr der Hoch-, U-, Schwebe-, Straßenbahnen";"0731 202"
"Monatskarten für Schüler, Studenten, Auszubildende, für den Stadt- und Regionalverkehr der Eisenbahnunternehmen";"0731 112"
"Monatskarten für Schüler, Studenten, Auszubildende, in Verkehrsverbünden, Tarif- und Verkehrsgemeinschaften";"0735 013"
"Monatskarten für Schüler, Studenten, Auszubildende, mit Omnibussen im Fernverkehr (ohne internationaler Fernverkehr)";"0732 102"
"Monatskarten für Schüler, Studenten, Auszubildende, mit Omnibussen im Nahverkehr";"0732 300"
"Monatskarten für Schüler, Studenten, Auszubildende mit Omnibussen, im internationalen Fernverkehr";"0732 103"
"Monitore für Informationsverarbeitungsgeräte";"0813 203"
"Monstera, Topfpflanzen (einschl. Hydrokulturen)";"0931 212"
"Mopedreparaturen, auch Reparaturen an Reifen und Schläuchen";"0723 028"
"Mopeds bis 50 ccm, Nenndauerleistung oder maximale Nutzleistung bis 4 kW";"0712 007"
"Mopps, Staubwischer";"0561 121"
"Morcheln, frisch oder gekühlt";"0117 402"
"Morgenmäntel für Damen";"0312 250"
"Morgenmäntel für Herren";"0312 139"
"Morgenmäntel für Jungen";"0312 187"
"Morgenmäntel für Mädchen";"0312 297"
"Mörser, Haushaltsgeräte";"0540 321"
"Mortadella, Brühwurst (ohne Konserven)";"0112 502"
"Moskitonetze, mit Insektiziden behandelt";"0612 209"
"Moskitonetze, nicht mit Insektiziden behandelt";"0521 205"
"Mostäpfel, frisch oder gekühlt";"0116 301"
"Mostbirnen, frisch oder gekühlt";"0116 302"
"Mostrich, Senf";"0119 303"
"Motelübernachtungen";"1120 101"
"Motherboards, PC-Zubehör";"0819 201"
"Motorbaumsägen";"0551 001"
"Motorbetriebene Gartengeräte";"0551 001"
"Motorbetriebene Werkzeuge und Geräte, nicht für den Garten, Reparatur, Miete und Leasing";"0553 012"
"Motorbetriebene Werkzeuge und Geräte für den Garten, Reparatur, Miete und Leasing";"0553 011"
"Motorbodenfräsen, Gartengeräte";"0551 001"
"Motorboote";"0912 301"
"Motorcaravans";"0912 101"
"Motorcaravans für Freizeit- und Erholungszwecke, Miete für";"0942 100"
"Motordiagnosen an Kraftfahrzeugen";"0723 012"
"Motoren für Elektrowerkzeuge";"0552 204"
"Motoren für Flugsportgeräte";"0912 200"
"Motoren für Krafträder";"0721 208"
"Motoren für Kraftwagen";"0721 205"
"Motoren für Modellbausätze";"0921 205"
"Motoren für Mofas und Mopeds";"0721 208"
"Motorenöl für Kraftfahrzeuge";"0722 401"
"Motorenteile für Kraftfahrzeuge (ohne elektrische und feinmechanische)";"0721 202"
"Motorenteile für Kraftfahrzeuge für Krafträder und Fahrräder (ohne elektrische und feinmechanische)";"0721 208"
"Motorflugzeuge";"0912 200"
"Motorgartenspritzen";"0551 001"
"Motorhacken, Gartengeräte";"0551 001"
"Motorradbrillen";"0922 119"
"Motorräder als Taxis, Beförderung mit";"0732 900"
"Motorräder mit mehr als 125 ccm ohne Geschwindigkeitsbegrenzung";"0712 008"
"Motorradhandschuhe aus Leder für Herren";"0313 104"
"Motorradjacken, -hosen und -anzüge für Damen";"0312 265"
"Motorradjacken, -hosen und -anzüge für Herren";"0312 155"
"Motorradreparaturen, auch Reparaturen an Reifen und Schläuchen";"0723 028"
"Motorradschutzhelme";"0721 303"
"Motorrasenmäher, Ersatzteile";"0551 001"
"Motorrasenmäher";"0551 001"
"Motorroller mit mehr als 125 ccm ohne Geschwindigkeitsbegrenzung";"0712 008"
"Mottenschutzmittel";"0561 906"
"Mountainbikes";"0713 004"
"Mouses, PC-Zubehör";"0813 204"
"MP3-Player, Reparaturen an";"0835 001"
"MP3-Player";"0814 030"
"Mückenschutz";"1312 234"
"Mulch (f. Garten); mit Düngemitteln versetzt";"0931 101"
"Mull, Verbandstoffe";"0612 303"
"Müllabfuhrgebühren, Ausgaben der Eigentümerinnen und Eigentümer für vermietete Wohnungen";"1679 400"
"Müllabfuhrgebühren, Ausgaben der Wohnungsinhaberinnen und Wohnungsinhaber (ohne Umlagen)";"0442 000"
"Müllbeutel aus Kunststoff";"0561 904"
"Müllbeutel aus Papier";"0561 902"
"Mullbinden, Verbandstoffe";"0612 303"
"Mülleimer";"0540 325"
"Müllsäcke aus  Kunststoff";"0561 904"
"Müllsäcke aus Papier";"0561 902"
"Mülltonnen aus anderem Material";"0540 325"
"Mülltonnen aus Kunststoff";"0540 325"
"Multifunktionsgeräte, Scanner, Kopierer, Drucker, Faxgeräte in einem Gehäuse";"0813 201"
"Multimedia-Receiver";"0814 099"
"Multivitaminsäfte, Verzehr in Kantinen, Mensen, a.n.g.";"1112 900"
"Multivitaminsäfte, Verzehr in Kantinen, Mensen von Hochschulen, Schulen und Kindergärten";"1112 100"
"Multivitaminsäfte, Verzehr in Restaurants, Cafés, Bars, mit umfassender Bedienungsleistung";"1111 153"
"Multivitaminsäfte";"0121 003"
"Mundduschen, elektrisch";"1311 103"
"Mundharmonikas";"0951 004"
"Mund-Nase-Schutz aus Kunststoff, Papier, Vlies oder Gewebe, steril und unsteril";"0612 209"
"Mundpflegemittel";"1312 214"
"Mundschutzmasken aus Kunststoff, Papier, Vlies oder Gewebe";"0612 209"
"Mundwässer";"1312 214"
"Munition für Sportwaffen";"0922 114"
"Munitionsbehälter für Paintball";"0922 114"
"Münsterkäse";"0114 503"
"Münzalben";"0921 208"
"Münzen, soweit nicht gesetzliche Zahlungsmittel, nichtgewerblicher Verkauf, Einnahmen";"0055 220"
"Münzen für Duschen, Benutzungsgebühren";"1313 204"
"Münzen für Waschmaschinen, Benutzungsgebühren";"0562 909"
"Münzsammlungen und -sammlungsstücke";"0921 208"
"Mürbekeks";"0111 351"
"Mus, Marmelade";"0118 302"
"Muschelerzeugnisse, frisch, gekühlt  (ohne Konserven)";"0113 401"
"Muschelerzeugnisse,  gefroren (ohne Konserven)";"0113 402"
"Muscheln, frisch, gekühlt (ohne Konserven)";"0113 401"
"Muscheln,  gefroren (ohne Konserven)";"0113 402"
"Muscheln, getrocknet, geräuchert oder gesalzen";"0113 500"
"Muscheln, Konserven";"0113 607"
"Museen, Eintrittsgelder";"0962 001"
"Musicalaufführungen, Besuch von";"0961 002"
"Musikerproben beim Orchester, Ausgaben für";"0969 002"
"Musikinstrumente, elektronisch";"0951 002"
"Musikinstrumente, stationär";"0951 002"
"Musikinstrumenten, Miete von";"0969 001"
"Musikinstrumenten, Reparaturen an";"0942 208"
"Musikinstrumenten, Reparatur von";"0969 001"
"Musikinstrumentenversicherung, Entgelt Versicherungsdienstleistungen";"1219 000"
"Musikkapelle, Entgelt, für Privatveranstaltungen";"0961 005"
"Musikkapellen für Privatveranstaltungen, Miete für";"0961 005"
"Musikkassetten, bespielt";"0952 003"
"Musikkassetten, unbespielt";"0815 005"
"Musikunterricht";"0969 002"
"Musikunterricht  im Rahmen eines Aufenthaltes, z.B. mit einem Jugendorchester";"0969 002"
"Musikwecker (ohne Uhrenradios)";"0511 408"
"Muskat, gemahlen, Gewürze";"0119 402"
"Muskatblüte, Gewürze";"0119 402"
"Muskatnüsse, Gewürze";"0119 402"
"Müsli";"0111 403"
"Müsli-Riegel";"0111 403"
"Muttern";"0561 905"
"Mutterschaftsgeld nach dem Mutterschutzgesetz";"0031 612"
"Mützen, Kopfbedeckung, gewirkt oder gestrickt";"0313 101"
"Nabelbinden, gummielastisch";"0613 304"
"Naben für Fahrräder";"0721 208"
"Nachfüllgranulat für Luftentfeuchter";"0561 909"
"Nachfüllkassetten für Windeleimer";"0561 902"
"Nachfüllpacks für elektrische Zigaretten";"0230 904"
"Nachfüllpacks für Luftentfeuchter";"0561 909"
"Nachhilfeunterricht für allgemeinbildende und weiterführende Schulen";"1050 100"
"Nachnahmegebühren für internationale Briefsendungen";"0741 100"
"Nachnahmegebühren für nationale Briefsendungen";"0741 100"
"Nachsendeantragsgebühren, international";"0741 100"
"Nachsendeantragsgebühren, national";"0741 100"
"Nachspeisen, Dessert, Verzehr in Kantinen, Mensen, a.n.g.";"1112 900"
"Nachspeisen, Dessert, Verzehr in Kantinen, Mensen von Hochschulen, Schulen und Kindergärten";"1112 100"
"Nachspeisen, Dessert, Verzehr in Restaurants, Cafés, Bars, mit umfassender Bedienungsleistung";"1111 118"
"Nachtgeschirre";"0561 909"
"Nachthemden für Damen";"0312 273"
"Nachthemden für Herren";"0312 162"
"Nachthemden für Jungen";"0312 188"
"Nachthemden für Mädchen";"0312 298"
"Nachtspeicherheizung, Stromverbrauch";"0451 015"
"Nachttische, Schlafzimmermöbel";"0511 129"
"Nachttischleuchten, elektrisch, Wohnraumleuchten";"0511 302"
"Nachttöpfe";"0561 909"
"Nachtwäsche für Damen";"0312 273"
"Nachtwäsche für Herren";"0312 162"
"Nachtwäsche für Jungen";"0312 188"
"Nachtwäsche für Mädchen";"0312 298"
"Nachtwäsche für Säuglinge, aus Gewebe";"0312 303"
"Nachzahlung von Einkommensteuer";"1611 150"
"Nachzahlung von Kirchensteuer";"1611 400"
"Nachzahlung von Lohn und Gehalt, brutto";"0011 110"
"Nackenrollen (ohne einzelne Bezüge)";"0521 909"
"Nackenstützen";"0613 304"
"Nadeln, Handarbeitsnadeln";"0561 909"
"Nägel (ohne Schuhnägel)";"0561 905"
"Nagelbürsten";"1312 105"
"Nagelfeilen";"1312 105"
"Nagellack";"1312 240"
"Nagellackentferner";"1312 240"
"Nagellackhärter";"1312 240"
"Nagelpflege, Dienstleistungen";"1313 204"
"Nagelpflegemittel";"1312 240"
"Nagelscheren";"1312 105"
"Nähen von Gardinen";"0522 000"
"Nähen von Vorhängen";"0522 000"
"Nähgarne";"0313 205"
"Nähkästen";"0540 329"
"Nähkurse";"0946 103"
"Nähmaschinen, Reparaturen an";"0533 001"
"Nähmaschinen";"0531 900"
"Nähmaschinennadeln";"0561 909"
"Nähmaschinenöl";"0561 909"
"Nähmaschinenzubehör";"0561 909"
"Nähnadeln";"0561 909"
"Nähpulver";"0313 209"
"Nährhefe";"0119 402"
"Nährpräparate, pflanzliche Arzneimittel und homöopathische Produkte, apothekenpflichtig (ohne solche für Tiere)";"0611 220"
"Nährpräparate, pharmazeutischen Erzeugnisse, apothekenpflichtig (ohne solche für Tiere), a.n.g.";"0611 120"
"Nahrungsergänzungsmittel, Tabletten, Kapseln usw.";"0119 907"
"Nahrungsmittel (zum Bruttoeinkommen aus unselbständiger Arbeit gehörende Sachleistungen)";"0012 210"
"Nähscheren";"0540 203"
"Nähseide";"0313 205"
"Namensänderungen, Gebühren";"1390 901"
"Namensschilder";"0552 208"
"Napolitains";"0118 503"
"NAS (Network Attached Storage)";"0815 005"
"Nasi Goreng, gefroren";"0119 121"
"Nationalparks, Eintritt für ; einschl. Garderobe und Programmheft";"0962 003"
"Natron, Arzneimittel";"0611 220"
"Naturalgeschenke für Hauspersonal";"0562 100"
"Naturallöhne für Hauspersonal";"0562 100"
"Naturheilmittel, nicht medizinisch";"0119 907"
"Natursteinfliesen auf Kosten der Mieterinnen und der Mieter";"0431 104"
"Navigationsgeräte, Miete von";"0942 204"
"Navigationsgeräte (ohne Kfz)";"0912 901"
"Navigationsgeräte für Fahrräder";"0721 308"
"Navigationshilfen für den Flugsport";"0946 207"
"Navigationshilfen für den Wassersport";"0946 207"
"Navigationssysteme für Kraftfahrzeuge";"0721 301"
"Navigationssysteme für Kraftfahrzeuge in Stereoanlage kombiniert";"0814 018"
"Nebenberufliche Arbeit, Einnahmen aus unselbständiger Arbeit, brutto";"0011 200"
"Nektarinen, frisch";"0116 309"
"Nelken, Gewürze";"0119 402"
"Nelken, Schnittblumen";"0931 221"
"Nelkenpfeffer, Gewürze";"0119 402"
"Neonröhren";"0552 202"
"Nesteier";"0932 202"
"Nettoeinnahmen aus Vermietung und Verpachtung";"0021 120"
"Network Attached Storage";"0815 005"
"Netze, Einkaufsnetze u.ä.";"0521 909"
"Netze, Tischtennis, Badminton u.ä.";"0922 123"
"Netze für Tennis";"0922 113"
"Netzgeräte für Kofferradios";"0819 100"
"Netzgeräte für tragbare Radios";"0819 100"
"Neujahrskarten";"0973 001"
"Nicht aufteilbare Leistungen der Altenheime, für langfristige  Aufenthalte";"1330 200"
"Nicht aufteilbare Leistungen der Altenwohnheime, für langfristige  Aufenthalte";"1330 200"
"Nicht aufteilbare Leistungen der Behindertenheime, für langfristige  Aufenthalte";"1330 200"
"Nicht aufteilbare Leistungen der Hospize, für langfristige  Aufenthalte";"1330 200"
"Nicht aufteilbare Leistungen der Pflegeheime, für langfristige  Aufenthalte";"1330 200"
"Nicht aufteilbare Leistungen der Rehabilitationseinrichtungen, für langfristige  Aufenthalte";"1330 200"
"Nichtelektrischen Gebrauchsgüter, für die Körperpflege, Reparaturen an";"1329 200"
"Nichtelektrische Strickmaschinen";"0531 900"
"Nichtentnommene Gewinne aus eigenem Unternehmen, Ausgaben";"1665 000"
"Niederspannungssicherungen, elektrische Installationsgeräte";"0552 204"
"Nieren, frisch oder gefroren";"0112 400"
"Nierenfett für Speisezwecke";"0115 900"
"Nierengurte";"0313 109"
"Niete";"0561 905"
"Nistkästen für den Garten";"0931 105"
"Nordic-Walking-Stöcke";"0922 119"
"Normteile (ohne Gewinde)";"0561 905"
"Nostalgie-Radios, stationäre Rundfunkempfangsgeräte, nicht mit Tonaufnahme- und/oder -wiedergabegeräten kombiniert";"0814 011"
"Notargebühren, nicht für den Kauf von Grundstücken, Gebäuden und Eigentumswohnungen";"1390 903"
"Notargebühren für den Kauf von Grundstücken, Gebäuden und Eigentumswohnungen";"1661 000"
"Notargebühren für Rechtsberatung (nicht für den Kauf von Grundstücken, Gebäuden und Eigentumswohnungen)";"1390 903"
"Notebooks, PC-Komplettsystem (mindestens ein Rechner kombiniert mit einer Eingabe- und einer Ausgabeeinheit)";"0813 103"
"Notebooktaschen";"1329 119"
"Notenblätter";"0971 907"
"Notenbücher";"0971 907"
"Notenhefte, Schulhefte";"0974 002"
"Notenschreibmaschinen";"0813 205"
"Notenständer";"0951 005"
"Notfalltransportdienste, Mitgliedschaften";"0642 002"
"Notizblöcke";"0974 003"
"Notizbücher (ohne Taschenkalender)";"0974 003"
"Notrufgebühr";"1390 909"
"Nougatschokoladen, Tafelschokoladen";"0118 503"
"Nougatwaren";"0118 909"
"Nudeln";"0111 500"
"Nudelrollen, Küchengeräte";"0540 321"
"Nudelsalat";"0119 113"
"Nudelwalzen, Küchengeräte";"0540 321"
"Nummernschilder für Kraftfahrzeuge";"0724 321"
"Nussknacker, Küchengeräte";"0540 321"
"Nusskohle, Steinkohle";"0454 100"
"Nussnougatcreme";"0118 505"
"Nuss-Schokoladen, Tafelschokoladen";"0118 503"
"Nutzfische, lebend, Setzfische";"0932 103"
"Nutzungspauschale für Dienstkraftwagen";"0724 400"
"Oberbekleidungsstoffe, Meterware";"0311 000"
"Oberbetten, gesteppt und ungesteppt";"0521 202"
"Oberhemden für Herren (ohne Arbeitshemden)";"0312 131"
"Oberhemden für Jungen";"0312 185"
"Oberleitungen für Modelleisenbahnen";"0921 206"
"Oberschulen, technisch, postsekundarer, nicht-tertiärer Bildungsbereich";"1030 000"
"Objektive für Foto- und Kinogeräte";"0911 201"
"Oblaten aus Brotteig";"0111 319"
"Obligationen, Kauf";"1685 100"
"Obligationen, Verkauf";"0071 410"
"Obst, gefroren";"0116 600"
"Obst, getrocknet";"0116 700"
"Obst, kandiert";"0118 901"
"Obstbäume";"0931 215"
"Obstbranntweine, Verzehr in Kantinen, Mensen, a.n.g.";"1112 900"
"Obstbranntweine, Verzehr in Kantinen, Mensen  von Hochschulen";"1112 100"
"Obstbranntweine, Verzehr in Restaurants, Cafés, Bars, mit umfassender Bedienungsleistung";"1111 141"
"Obstbranntweine";"0211 040"
"Obstdicksäfte";"0121 008"
"Obstentkerner, elektrisch";"0532 102"
"Obstentkerner, nichtelektrisch";"0540 321"
"Obstgehölze";"0931 215"
"Obstgelee";"0118 302"
"Obstkonserven (ohne Kern- und Steinobstkonserven)";"0116 907"
"Obstkraut";"0118 302"
"Obstkuchen, frisch";"0111 344"
"Obstkuchen, gefroren";"0111 343"
"Obstkuchen, Verzehr in Kantinen, Mensen, a.n.g.";"1112 900"
"Obstkuchen, Verzehr in Kantinen, Mensen von Hochschulen, Schulen und Kindergärten";"1112 100"
"Obstkuchen, Verzehr in Restaurants, Cafés, Bars, mit umfassender Bedienungsleistung";"1111 121"
"Obstpressen, elektrisch";"0532 209"
"Obstpressen, nichtelektrisch (ohne Zitronenpressen u.ä.)";"0532 209"
"Obstriegel";"0116 909"
"Obstsäfte, Verzehr in Kantinen, Mensen, a.n.g.";"1112 900"
"Obstsäfte, Verzehr in Kantinen, Mensen von Hochschulen, Schulen und Kindergärten";"1112 100"
"Obstsalat, a.n.g., frisch oder gekühlt";"0116 502"
"Obstsalat, aus tropischen Früchten, frisch oder gekühlt";"0116 109"
"Obstsalat, Konserven";"0116 907"
"Obststräucher";"0931 215"
"Obstweine, Verzehr in Kantinen, Mensen, a.n.g.";"1112 900"
"Obstweine, Verzehr in Kantinen, Mensen von Hochschulen";"1112 100"
"Obstweine, Verzehr in Restaurants, Cafés, Bars, mit umfassender Bedienungsleistung";"1111 143"
"Obstzusammenstellungen, Verzehr in Restaurants, Cafés, Bars, mit umfassender Bedienungsleistung";"1111 123"
"Ochsen, lebend";"0932 102"
"Ochsenfleisch zum Braten oder Schmoren, frisch oder gefroren (ohne Hackfleisch sowie Innereien)";"0112 217"
"Ochsenfleisch zum Kochen, frisch oder gefroren (ohne Hackfleisch sowie Innereien)";"0112 211"
"Ochsenmaulsalat";"0112 505"
"Ochsenschwanzsuppen, Konservenfertiggerichte";"0119 132"
"Ochsenschwanzsuppen, Verzehr in Kantinen, Mensen, a.n.g.";"1112 900"
"Ochsenschwanzsuppen, Verzehr in Kantinen, Mensen von Hochschulen";"1112 100"
"Ochsenschwanzsuppen, Verzehr in Restaurants, Cafés, Bars, mit umfassender Bedienungsleistung";"1111 112"
"Öfen, Reparaturen an";"0533 001"
"Öfen mit elektrischer Beheizung, Raumheizgeräte";"0531 306"
"Öfen mit Gasbeheizung, Raumheizgeräte";"0531 306"
"Öfen mit Holz- und Kohlenbeheizung, Raumheizgeräte";"0531 306"
"Öfen mit Ölbeheizung, Raumheizgeräte";"0531 306"
"Ofenreinigung";"0562 909"
"Ofenreinigungsmittel";"0561 115"
"Ofenrohre";"0561 909"
"Ofenrohrknie";"0561 909"
"Ofenschirme";"0561 909"
"Ofensetzerarbeiten (ohne Reparaturen), falls separat berechnet";"0533 003"
"Öffentliche Pensionen als Waisengeld";"0031 730"
"Öffentliche Pensionen als Witwen- und Witwergeld";"0031 730"
"Öffentliche Pensionen aus eigener früherer Erwerbstätigkeit";"0031 710"
"Öffentliche Pensionen und Pensionen der öffentlichen Unternehmen (brutto), aus eigener früherer Erwerbstätigkeit";"0031 710"
"Öffentliche Pensionen und Pensionen der öffentlichen Unternehmen (brutto), für Hinterbliebene";"0031 730"
"Ohrlöcher, Stechen von";"1313 204"
"Ohrringe aus Edelmetall, echten Perlen, Edel- oder Schmucksteinen";"1321 112"
"Ohrringe aus unedlem Metall, Kunststoff, Glas u.ä.";"1321 111"
"Ohrstecker, aus Edelmetall";"1321 112"
"Ohrstöpsel, Gehörschutz";"0612 209"
"Okarinas";"0951 003"
"Ökosteuer, unabhängig vom Reisepreis, auf Mallorca";"1612 800"
"Öle für die Körperpflege (ohne ätherische Öle und Duftöle)";"1312 234"
"Oleo, Rindertalg, für Speisezwecke";"0115 900"
"Öle pflanzlichen Ursprungs (ohne Olivenöl)";"0115 109"
"Öle von Oliven";"0115 105"
"Ölfilter für Kraftfahrzeuge";"0721 202"
"Ölgemälde, Originale";"0511 407"
"Ölheizung, Umlagen";"0453 005"
"Ölherde, kombinierte Back- und Kochgeräte";"0531 107"
"Oliven, frisch oder gekühlt";"0117 409"
"Olivenkonserven";"0117 919"
"Olivenöl";"0115 105"
"Ölkanister";"0540 325"
"Ölmalfarben, Unterrichts- und Künstlerfarben";"0974 008"
"Ölöfen, Raumheizgeräte";"0531 306"
"Ölsamen, geschrotet";"0119 402"
"Ölsardinen, Konserven";"0113 301"
"Öltanks, Kauf für Heizungszwecke, auf Kosten der Eigentümerinnen und Eigentümer";"1675 100"
"Ölwechsel an Kraftfahrzeugen";"0723 012"
"Omeletts, auf der Grundlage von Eiern, Fertiggericht";"0119 129"
"Omnibusmieten (ohne Fahrer/in)";"0724 400"
"Omnibusse (ohne Fahrer), Miete für";"0724 400"
"Onlinedienstgebühren";"0833 000"
"Onlinedienstzugänge (einschl. Aktivierungskosten, monatliche Gebühren, Miete von Geräten für den Internetzugang)";"0833 000"
"Online erworbene audiovisuelle Inhalte, die ohne zeitliche Einschränkungen genutzt werden können, z.B. MP3-Dateien";"0952 004"
"Onlinegebühren";"0833 000"
"Online Spiele, Gebühren für Abo";"0943 100"
"Online-Spiele, Miete von Spielesoftware und Abonnementgebühren für Onlinespiele";"0943 100"
"Online-Spiele, Spiele-Apps und Software";"0921 100"
"Operettenaufführungen, Besuch von";"0961 002"
"Opernaufführungen, Besuch von";"0961 002"
"Operngläser";"0911 301"
"Operntexthefte, Broschüren";"0971 907"
"Opferkerzen";"1322 000"
"Optikerleistungen, Brillenreparaturen";"0614 000"
"Optionsanleihen, Kauf";"1685 100"
"Optionsanleihen, Verkauf";"0071 410"
"Optischen Geräte (ohne Reparaturen an Foto- und Kinogeräten), Reparaturen an";"0941 000"
"OP-Versicherungen für Tiere";"1639 800"
"Orangeaden, Verzehr in Kantinen, Mensen, a.n.g.";"1112 900"
"Orangeaden, Verzehr in Kantinen, Mensen von Hochschulen, Schulen und Kindergärten";"1112 100"
"Orangeaden, Verzehr in Restaurants, Cafés, Bars, mit umfassender Bedienungsleistung";"1111 152"
"Orangeaden (ohne diätetische und ohne Kantinen- und Gaststättenverzehr)";"0121 002"
"Orangeat";"0118 901"
"Orangen, frisch oder gekühlt";"0116 201"
"Orangenlimonaden, Verzehr in Kantinen, Mensen, a.n.g.";"1112 900"
"Orangenlimonaden, Verzehr in Kantinen, Mensen von Hochschulen, Schulen und Kindergärten";"1112 100"
"Orangenlimonaden, Verzehr in Restaurants, Cafés, Bars, mit umfassender Bedienungsleistung";"1111 152"
"Orangenlimonaden (auch diätetische aber ohne Kantinen- und Gaststättenverzehr)";"0126 002"
"Orangennektar, Verzehr in Kantinen, Mensen, a.n.g.";"1112 900"
"Orangennektar, Verzehr in Kantinen, Mensen von Hochschulen, Schulen und Kindergärten";"1112 100"
"Orangennektar, Verzehr in Restaurants, Cafés, Bars, mit umfassender Bedienungsleistung";"1111 153"
"Orangennektar";"0121 002"
"Orangensaft, Verzehr in Kantinen, Mensen, a.n.g.";"1112 900"
"Orangensaft, Verzehr in Kantinen, Mensen von Hochschulen, Schulen und Kindergärten";"1112 100"
"Orangensaft, Verzehr in Restaurants, Cafés, Bars, mit umfassender Bedienungsleistung";"1111 153"
"Orangensaft";"0121 002"
"Orchesterveranstaltungen, Eintrittsgelder (einschl. Garderobe, Programm)";"0961 004"
"Orchideen, Schnittblumen";"0931 221"
"Orchideen, Topfpflanzen";"0931 222"
"Ordner für Akten";"0974 006"
"Ordnungsstrafen";"1645 000"
"Organisationen der Bildung, Wissenschaft, Forschung und Kultur, laufende Beiträge";"1641 200"
"Organisationen der freien Jugendhilfe, laufende Beiträge";"1641 100"
"Organisationen der freien Wohlfahrtspflege, laufende Beiträge";"1641 100"
"Organisationen des Gesundheitswesens, laufende Beiträge";"1641 200"
"Orgeln, elektronisch";"0951 002"
"Orientierungsstufen, schulunabhängig , Sekundarbereich I, Dienstleistungen";"1020 010"
"Orientteppiche, handgeknüpft oder handgewebt (ohne Wandteppiche)";"0511 405"
"Orthopädische Erzeugnisse (ohne Zahnprothesen und Schuhe)";"0613 304"
"Orthopädische Schuhe";"0613 303"
"Ortskrankenkassen, Pflichtbeiträge";"1621 590"
"Ortszuschlag im öffentlichen Dienst, brutto";"0011 110"
"Ösen für Bekleidung, Haushaltswäsche und Heimtextilien";"0313 209"
"Ostereier, gekochte und bemalte Hühnereier";"0114 807"
"Ostereier, Schokoladenerzeugnisse";"0118 509"
"Ostereier, Zuckerwaren";"0118 909"
"Outdoornavis, Miete von";"0942 204"
"Outdoornavis, mobile Navigationsgeräte (ohne Kfz)";"0912 901"
"Overalls für Damen, Arbeitsbekleidung";"0312 250"
"Overalls für Herren, Arbeitsbekleidung";"0312 139"
"Overhead-Projektoren";"0911 108"
"Ovomaltine (Instant-Malzgetränk)";"0118 501"
"Pachten für Gärten, Ausgaben";"1695 000"
"Pachten für Gärten, Einnahmen";"0021 1"
"Pachten für Grundstücke und Gebäude, Einnahmen";"0021 1"
"Pachten für Kleingärten, Ausgaben";"1695 000"
"Pachten für Kleingärten, Einnahmen";"0021 1"
"Pachten für Schrebergärten, Ausgaben";"1695 000"
"Pachten für Schrebergärten, Einnahmen";"0021 1"
"Pachten für Wochenendgrundstücke, Ausgaben";"1695 000"
"Pachten für Wochenendgrundstücke, Einnahmen";"0021 1"
"Pachtwert von selbstgenutzten Gärten, Wochenendgrundstücken u.ä., Einnahmen";"0021 1"
"Packpapier";"0561 902"
"Paddelboote";"0912 302"
"Paddel für Boote";"0912 304"
"Paella, gefroren";"0119 121"
"Paella, Verzehr in Kantinen, Mensen, a.n.g.";"1112 900"
"Paella, Verzehr in Kantinen, Mensen von Hochschulen, Schulen und Kindergärten";"1112 100"
"Paella, Verzehr in Restaurants, Cafés, Bars, mit umfassender Bedienungsleistung";"1111 114"
"Paintballfeder, Miete und Entgelte für Benutzung";"0946 204"
"Paintballhallen, Miete und Entelte für Benutzung";"0946 204"
"Paketbeförderung, international";"0741 200"
"Paketbeförderung, national";"0741 200"
"Paketdienstleistungen, Standard und Express (einschl. Päckchen und Zusatzleistung) international";"0741 200"
"Paketdienstleistungen, Standard und Express (einschl. Päckchen und Zusatzleistung) national";"0741 200"
"Paketgebühren, Postgebühren, international";"0741 200"
"Paketgebühren, Postgebühren, national";"0741 200"
"Paketklebeband für Bürozwecke";"0974 007"
"Paketschnüre";"0561 909"
"Palliative Pflegeeinrichtungen für unheilbar Kranke";"0632 002"
"Palmkernöl für Speisezwecke";"0115 109"
"Palmnüsse mit Schale";"0116 809"
"Palmnusskerne, unbearbeitet";"0116 809"
"Palmöl für Speisezwecke";"0115 109"
"Pampelmusen, frisch oder gekühlt";"0116 205"
"Pampelmusensaft, Verzehr in Kantinen, Mensen, a.n.g.";"1112 900"
"Pampelmusensaft, Verzehr in Kantinen, Mensen von Hochschulen, Schulen und Kindergärten";"1112 100"
"Pampelmusensaft, Verzehr in Restaurants, Cafés, Bars, mit umfassender Bedienungsleistung";"1111 153"
"Pampelmusensaft";"0121 002"
"Paniermehl";"0111 319"
"Pannenhilfe für Kraftfahrzeuge";"0723 02"
"Pantoffeln für Damen";"0321 240"
"Pantoffeln für Herren";"0321 140"
"Pantoffeln für Kinder";"0321 340"
"Pantry Amazon, nationaler Lieferservice von Nahrungsmitteln";"0741 200"
"Papadam";"0111 319"
"Papaya, frisch oder gekühlt";"0116 109"
"Papier, Packpapier";"0561 902"
"Papierfähnchen, Verbrauchsgüter";"0921 303"
"Papier für Drucker";"0974 003"
"Papierhandschuhe";"1312 229"
"Papierhandtücher";"1312 229"
"Papierkörbe";"0540 325"
"Papierlaternen, Verbrauchsgüter";"0921 303"
"Papierscheren";"0974 007"
"Papierservietten";"0561 902"
"Papierstreifen mit Gebeten";"1322 000"
"Papiertaschen";"0561 902"
"Papiertaschentücher";"1312 222"
"Papiertischdecken";"0561 902"
"Papierwaren für die Haushaltsführung";"0561 902"
"Papierwaschlappen";"1312 229"
"Papierwindeln";"0613 306"
"Papierwindeln für Säuglinge";"1312 223"
"Pappe für Verpackungszwecke";"0561 902"
"Pappewaren für die Haushaltsführung, andere";"0561 902"
"Pappewaren für die Haushaltsführung, Einweggeschirr";"0561 901"
"Paprika, frisch oder gekühlt";"0117 203"
"Paprika, gemahlen, Gewürze";"0119 402"
"Paprikaschoten, frisch oder gekühlt";"0117 203"
"Paprikaschoten, getrocknet, Gewürze";"0119 402"
"Paprikaschoten, Sauerkonserven, mit Essig haltbar gemacht";"0117 912"
"Parabolantennen für Satellitenfernsehen";"0814 025"
"Parabolspiegel, Empfangsantenne";"0814 025"
"Paraglider, Flugsportgeräte";"0912 200"
"Paragliding";"0946 207"
"Paranüsse mit Schale";"0116 809"
"Paranusskerne, unbearbeitet";"0116 809"
"Pärchenclubs, Besuch von";"0946 101"
"Parfüms (ohne Gesichts-, Haar- und Rasierwässer)";"1312 231"
"Parfümzerstäuber";"1312 105"
"Parkas für Damen, anorakähnlich (ohne Sportbekleidung)";"0312 21"
"Parkas für Herren, anorakähnlich";"0312 117"
"Parkas für Jungen";"0312 182"
"Parkas für Mädchen";"0312 292"
"Parkas für Säuglinge";"0312 308"
"Parkett, Reparaturen an, auf Kosten der Mieterinnen und der Mieter";"0432 009"
"Parkettboden für die Instandhaltung von eigenen Gebäuden und Eigentumswohnungen";"1675 100"
"Parkettboden für die Instandsetzung, auf Kosten der Mieterinnen und der Mieter";"0431 104"
"Parkettöl";"0561 116"
"Parkettpflege, Dienstleistung";"0562 909"
"Parkettreinigung, Dienstleistung";"0562 909"
"Parkgebühren für einige Stunden oder weniger";"0724 105"
"Parmesan-Käse";"0114 501"
"Parteien, politisch, Mitgliedsbeiträge";"1641 700"
"Parteien, politisch, Spenden und unregelmäßige Beiträge";"1642 700"
"Partypicker";"0561 902"
"Partyräume, Miete für";"1390 909"
"Partyservice, Mahlzeiten und Imbisse von Partyservices";"1111 207"
"Partyzelte";"0922 201"
"Passbilder, Entgelte für Anfertigung";"0963 000"
"Passgebühren";"1390 902"
"Passiersiebe, Küchengeräte";"0540 321"
"Passteile, orthopädisch";"0613 304"
"Pastellstifte, Malstifte";"0974 005"
"Pastenförmige Mayonnaise ähnliche Erzeugnisse";"0119 305"
"Pasteten, vegetarisch, Sojafleisch, Tofu, Tempeh u.a. Fleischersatzstoffe";"0117 928"
"Pasteten, vegetarisch, Zubereitungen auf Gemüsebasis";"0117 929"
"Pastetenaufschnitt";"0112 503"
"Pastillen, Zuckerwaren";"0118 903"
"Pastinaken, frisch oder gekühlt";"0117 409"
"Patenschaften (SOS-Paten; Patenschaften bei Plan-international)";"1642 100"
"Patronen, Munition für Schießsportwaffen";"0922 114"
"Pauken";"0951 002"
"Pauschale Zahlung des Arbeitgebers für die dienstliche Nutzung des Privatfahrzeuges des Arbeitnehmers";"0011 110"
"Pauschale Zahlung für die private Nutzung eines Dienstwagens an den Arbeitgeber";"0724 400"
"Pauschalreisen, a.n.g., im Inland";"0980 003"
"Pay-TV-Gebühren";"0839 202"
"PC-Komplettsysteme (mindestens ein Rechner kombiniert mit einer Eingabe- und einer Ausgabeeinheit), Desktop-Computer";"0813 101"
"PC-Komplettsysteme (mindestens ein Rechner kombiniert mit einer Eingabe- und einer Ausgabeeinheit), Tragbare Computer";"0813 103"
"PC-Programme ohne Lehr- und Lernprogramme";"0820 000"
"PC-Reparatur";"0835 001"
"PC-Software, Einrichtung von";"0839 903"
"PC-Spiele auf CD-ROMs oder Disketten (ohne System- und Anwendungssoftware), Miete von Spielesoftware und Abonnementgebühren für Onlinespiele";"0943 100"
"PC-Spiele auf CD-ROMs oder Disketten (ohne System- und Anwendungssoftware), Spielcomputer, Spielkonsolen, Spiele-Apps und Software";"0921 100"
"PDA-Stifte";"0813 204"
"Pedale für Fahrräder";"0721 208"
"Pedelecs";"0713 001"
"Pediküre, Dienstleistungen";"1313 204"
"Pedometer für Sport im Freien";"0922 119"
"Peelinghandschuhe, nicht elektrisch";"1312 105"
"Peelings für die Körperpflege";"1312 240"
"Peeptoes für Damen";"0321 210"
"Pektin";"0119 909"
"Pellets für Brennzwecke";"0454 200"
"Pelzaufbewahrung";"1390 909"
"Pelzhüte";"0313 101"
"Pelzjacken für Damen";"0312 216"
"Pelzkappen";"0313 101"
"Pelzkragen";"0313 109"
"Pelzmäntel für Damen";"0312 218"
"Pelzmäntel für Herren";"0312 117"
"Pelzmützen";"0313 101"
"Pendelfähren, Benutzungsgebühren für Überfahrten mit Kraftfahrzeugen";"0724 200"
"Pensionen, der betrieblichen Pensionskassen der privaten Wirtschaft (ohne Sachbezüge)";"0033 110"
"Pensionen, der Gebietskörperschaften, als Waisengeld";"0031 730"
"Pensionen, der Gebietskörperschaften, als Witwen- und Witwergeld";"0031 730"
"Pensionen, der Gebietskörperschaften aus eigener früherer Erwerbstätigkeit";"0031 710"
"Pensionen, der öffentlichen Unternehmen, als Waisengeld";"0031 730"
"Pensionen, der öffentlichen Unternehmen, als Witwen- und Witwergeld";"0031 730"
"Pensionen, der öffentlichen Unternehmen aus eigener früherer Erwerbstätigkeit";"0031 710"
"Pensionen, direkt vom Betrieb gezahlt, Werkspensionen (ohne Sachbezüge)";"0033 110"
"Pensionen, öffentlich, als Waisengeld";"0031 730"
"Pensionen, öffentlich, als Witwen- und Witwergeld";"0031 730"
"Pensionen, öffentlich, aus eigener früherer Erwerbstätigkeit";"0031 710"
"Pensionsfonds, Verwaltungsgebühren";"1229 900"
"Pensionskassen, einmalige und unregelmäßige Einnahmen";"0033 500"
"Pensionskassen, freiwillige Beiträge, Prämien";"1631 200"
"Pensions- und Unterstützungskassen, laufende Einnahmen (ohne Sachbezüge)";"0033 110"
"Pensionsversicherungen, Entgelte für Dienstleistungen (ohne Versicherungsbeiträge)";"1211 001"
"Pensionübernachtungen";"1120 102"
"Pepsinwein";"0611 220"
"Pergamentpapier, Butterbrotpapier";"0561 902"
"Pergolen für den Garten";"1661 000"
"Perlhühner, gefroren (ohne Innereien u.a. Schlachtnebenprodukte)";"0112 244"
"Perlweine , mit Alkohol";"0212 148"
"Perlweine , ohne Alkohol";"0212 142"
"Perlweine, Verzehr in Kantinen, Mensen, a.n.g.";"1112 900"
"Perlweine, Verzehr in Kantinen, Mensen von Hochschulen";"1112 100"
"Perlweine, Verzehr in Restaurants, Cafés, Bars, mit umfassender Bedienungsleistung";"1111 143"
"Perlzwiebeln, Sauerkonserven, mit Essig haltbar gemacht";"0117 912"
"Permanentmarker";"0974 004"
"Persipanwaren";"0118 909"
"Personalcomputer, Desktop-Computer";"0813 101"
"Personalcomputer, tragbare Computer";"0813 103"
"Personenbeförderung im Luftverkehr, Inlandsflüge";"0733 100"
"Personenbeförderung im Luftverkehr, internationale Flüge";"0733 200"
"Personenbeförderung mit Binnenfährschiffen";"0734 002"
"Personenbeförderung mit Hochseeschiffen (einschl. Fährschiffen)";"0734 001"
"Personenbeförderung mit Küstenfährschiffen";"0734 001"
"Personenbeförderung mit Küstenschiffen";"0734 001"
"Personenbeförderung mit Luftfahrzeugen, z.B. Ballonfahrten, (europäische Flüge), internationale Flüge";"0733 200"
"Personenbeförderung mit Luftfahrzeugen, z.B. Ballonfahrten, (Inlandsflüge)";"0733 100"
"Personenbeförderung mit Seilbahnen in Skigebieten oder Ferienzentren";"0946 205"
"Personenbeförderung mit Taxis";"0732 201"
"Personenbeförderung mit Zahnradbahnen (ohne Personenbeförderung in Skigebieten oder Ferienzentren)";"0736 001"
"Personenbeförderung mit Zahnradbahnen in Skigebieten oder Ferienzentren";"0946 205"
"Personen-Haftpflichtversicherung, Prämien";"1639 100"
"Personenkraftwagen, gebraucht";"0711 200"
"Personenkraftwagen, gebraucht mit Elektromotor";"0711 200"
"Personenkraftwagen, neu, mit Elektromotor";"0711 100"
"Personenkraftwagen, neu";"0711 100"
"Personenkraftwagen (ohne Fahrer/in), Miete für";"0724 400"
"Personentransporte mit dem Flugzeug u.a. Fahrzeugen bei medizinischen Notfällen";"0642 002"
"Personenwaagen, nicht elektrisch";"1312 105"
"Personenwagen für Modelleisenbahnen";"0921 206"
"Perücken, Haarersatz";"1312 102"
"Petersilie, getrocknet";"0119 402"
"Petersilie, Küchenkräuter, frisch, gekühlt oder gefroren";"0119 401"
"Petroleum";"0561 909"
"Petroleumkocher, ortsbeweglich";"0531 105"
"Petroleumleuchten";"0511 309"
"Petticoats für Damen";"0312 279"
"Petticoats für Mädchen";"0312 298"
"Pfähle für den Garten";"0931 105"
"Pfahlmuscheln, frisch, gekühlt  (ohne Konserven)";"0113 401"
"Pfahlmuscheln, gefroren (ohne Konserven)";"0113 402"
"Pfand, Ausgaben für";"1696 000"
"Pfandbriefe, Kauf";"1685 100"
"Pfandbriefe, Verkauf";"0071 410"
"Pfand für Leergut, Einnahmen";"0091 000"
"Pfandhauskredite, Aufnahme";"0085"
"Pfandhauskredite, nicht zinslos, Tilgung";"1652 200"
"Pfandhauskredite, Verzinsung";"1652 500"
"Pfandhauskredite, zinslos, Tilgung";"1652 300"
"Pfändungen, Gehalt, Lohn";"1649 001"
"Pfändungen, Gehalt, Lohn";"1649 002"
"Pfannen, Bratpfannen";"0540 311"
"Pfannkuchen, mit Fleisch gefüllt";"0119 125"
"Pfeffer, gemahlen, Gewürze";"0119 402"
"Pfeffergurken, Sauerkonserven, mit Essig haltbar gemacht";"0117 911"
"Pfefferkörner, Gewürze";"0119 402"
"Pfefferkuchen";"0111 352"
"Pfefferminzlikör, Verzehr in Kantinen, Mensen, a.n.g.";"1112 900"
"Pfefferminzlikör, Verzehr in Kantinen, Mensen von Hochschulen";"1112 100"
"Pfefferminzlikör, Verzehr in Restaurants, Cafés, Bars, mit umfassender Bedienungsleistung";"1111 142"
"Pfefferminzlikör";"0211 010"
"Pfefferminzpastillen";"0118 903"
"Pfefferminztee, Verzehr in Kantinen, Mensen, a.n.g.";"1112 900"
"Pfefferminztee, Verzehr in Kantinen, Mensen von Hochschulen, Schulen und Kindergärten";"1112 100"
"Pfefferminztee, Verzehr in Restaurants, Cafés, Bars, mit umfassender Bedienungsleistung";"1111 155"
"Pfefferminztee";"0123 003"
"Pfeffermühle, elektrisch";"0532 102"
"Pfeffernüsse";"0111 352"
"Pfefferschoten, getrocknet, Gewürze";"0119 402"
"Pfefferschoten, Sauerkonserven, mit Essig haltbar gemacht";"0117 912"
"Pfefferspray";"0561 909"
"Pfefferstreuer aus Glas";"0540 105"
"Pfefferstreuer aus Porzellan, Glas, Keramik";"0540 105"
"Pfefferstreuer aus unedlem Metall, Kunststoff, Holz";"0540 328"
"Pfeifen, Musikinstrumente";"0951 004"
"Pfeifen, Tabakpfeifen";"1329 133"
"Pfeifenfilter";"1329 133"
"Pfeifenreiniger";"1329 133"
"Pfeifenschlüssel";"1329 133"
"Pfeifenstopfer aus unedlem Metall";"1329 133"
"Pfeifentaschen";"1329 133"
"Pfeilwurz (Arrowroot), frisch";"0117 508"
"Pferde, Zugtiere, nicht für die Freizeit";"0714 000"
"Pferdeboxen, Miete für";"0945 001"
"Pferdedecken";"0922 116"
"Pferdedroschken (ohne solche für Pferde und Ponys für Sport und Freizeit)";"0714 000"
"Pferdedroschken für Pferde und Ponys, für Sport und Freizeit";"0912 402"
"Pferdefleisch, frisch oder gefroren";"0112 250"
"Pferde für die Freizeit";"0912 401"
"Pferdefutter";"0932 201"
"Pferdehaftpflichtversicherungen";"1639 800"
"Pferdekutschen (ohne solche für Pferde und Ponys für Sport und Freizeit)";"0714 000"
"Pferdekutschen für Pferde und Ponys, für Sport und Freizeit";"0912 402"
"Pferdepflege";"0945 001"
"Pferdeunfallversicherungen";"1639 800"
"Pfifferlinge, frisch oder gekühlt";"0117 402"
"Pfifferlinge, getrocknet";"0117 700"
"Pfifferlinge, Konserven";"0117 914"
"Pfirsiche, frisch oder gekühlt";"0116 309"
"Pfirsichkonserven";"0116 905"
"Pflanzenöle für Speisezwecke (ohne Olivenöl)";"0115 109"
"Pflanzenschutzmittel für den Garten";"0931 102"
"Pflanzensteine auf Kosten der Eigentümerinnen und Eigentümer, werterhöhend";"1663 000"
"Pflanzensteine auf Kosten der Mieterinnen und der Mieter";"0431 108"
"Pflanzkartoffeln";"0931 218"
"Pflanzliche Arzneimittel und homöopathische Produkte";"0611 220"
"Pflanzstöcke";"0931 105"
"Pflaster, medizinisch";"0612 303"
"Pflastersteine für werterhöhende Maßnahmen der Eigentümerinnen und Eigentümer";"1663 000"
"Pflaumen, frisch oder gekühlt";"0116 309"
"Pflaumen, getrocknet";"0116 700"
"Pflaumen, in Armagnac";"0211 040"
"Pflaumenkonserven";"0116 905"
"Pflaumenmus";"0118 302"
"Pflegeeinrichtungen";"0632 002"
"Pflegegeld aus der gesetzlichen Unfallversicherung";"0031 300"
"Pflegegeld der gesetzlichen Kranken- und Pflegekassen";"0031 627"
"Pflegegeld für Pflegekinder, gezahlt vom Jugendamt";"0031 639"
"Pflegeheime, Aufwendungen für Verpflegung";"1330 200"
"Pflegeheime, Dienstleistungen";"0632 002"
"Pflegeheime, nicht aufteilbare Leistungen für langfristige  Aufenthalte";"1330 200"
"Pflegemittel für Fahrräder";"0721 307"
"Pflegemittel für Hunde";"0932 209"
"Pflegemittel für Kraftfahrzeuge";"0721 307"
"Pflegeversicherung, soziale, Pflichtbeiträge";"1623 000"
"Pflegeversicherung, soziale, Pflichtbeiträge der freiwillig Versicherten in der gesetzlichen Krankenversicherung";"1623 000"
"Pflegeversicherung, zusätzlich, freiwillig, für private Krankenversicherung, für Leistungen über das gesetzlich vorgeschriebene Niveau hinaus";"1632 600"
"Pflegeversicherung (Pflichtbeiträge) für private Pflegeversicherung";"1632 500"
"Pflege von Alten in der Wohnung";"1330 300"
"Pflege von Behinderten in der Wohnung";"1330 300"
"Pflege von Gräbern";"0931 228"
"Pflege von Haustieren";"0945 009"
"Pflege von Kranken in der Wohnung, befristet, langfristige ambulante Gesundheitsdienstleistungen";"0623 203"
"Pflegezulage aus der Kriegsopferversorgung";"0031 680"
"Pflichtbeiträge zur Altershilfe für Landwirte";"1621 800"
"Pflichtbeiträge zur Arbeitslosenversicherung";"1621 600"
"Pflichtbeiträge zur gesetzlichen Krankenversicherung";"1621 590"
"Pflichtbeiträge zur Knappschaft-Bahn-See-Versicherung";"1621 590"
"Pflichtbeiträge zur Rentenversicherung";"1621 800"
"Pflichtbeiträge zur sozialen Pflegeversicherung der freiwillig Versicherten in der gesetzlichen Krankenversicherung";"1623 000"
"Pflichtbeiträge zur sozialen Pflegeversicherung der Pflichtversicherten";"1623 000"
"Pflichtbeiträge zu Versorgungswerken der Berufsstände, Rentenversicherung";"1621 800"
"Pfropfreiser für Obstgehölze";"0931 215"
"Phantasieartikel, gefüllt, Schokoladenerzeugnisse";"0118 509"
"Phantasieschmuck";"1321 111"
"Pharmazeutika, Arzneimittel, apothekenpflichtig (ohne solche für Tiere), a.n.g.";"0611 120"
"Pharmazeutika für Tiere";"0932 204"
"Pharmazeutische Erzeugnisse";"0611 120"
"Phonogeräte, Miete für";"0835 005"
"Phonogeräten, Reparaturen an";"0835 001"
"Photovoltaikanlagen, Solaranlagen, Einnahmen aus Stromeinspeisung";"0013 500"
"ph-Tabletten zur Bestimmung des ph-Wertes im Swimmingpool oder Schwimmbad";"0561 119"
"Physikkästen zum Experimentieren";"0921 205"
"Physiotherapie";"0623 105"
"Pianos, elektronisch";"0951 002"
"Pianos, nichtelektronisch";"0951 002"
"Picknickdecken";"0521 201"
"Picknick-Rucksäcke, gefüllt";"1329 119"
"Piepser für Hilfebedürftige, mit Funk arbeitend";"0819 100"
"Piercings, Entgelte für";"1313 204"
"Pilatesunterricht";"0946 209"
"Pille, Antibabypille";"0611 120"
"Pilotenscheingebühren";"0946 209"
"Pilsbier, Verzehr in Kantinen, Mensen, a.n.g.";"1112 900"
"Pilsbier, Verzehr in Kantinen, Mensen von Hochschulen";"1112 100"
"Pilsbier, Verzehr in Restaurants, Cafés, Bars, mit umfassender Bedienungsleistung";"1111 144"
"Pilsbier";"0213 001"
"Pilze, frisch oder gekühlt";"0117 402"
"Pilze, getrocknet";"0117 700"
"Pilzkonserven";"0117 914"
"Pilzpulver";"0119 402"
"Piment, Gewürze";"0119 402"
"Pinienkerne, unbearbeitet";"0116 809"
"Piniennüsse mit Schale";"0116 809"
"Pinnwände";"0974 007"
"Pinsel, Staubpinsel u.ä.";"0561 121"
"Pinsel (ohne Unterrichts- und Künstlerpinsel)";"0552 105"
"Pinsel für Künstler";"0974 009"
"Pinselhalter";"0974 009"
"Pinselquasten";"1312 232"
"Pinzetten für die Gesundheitspflege";"0612 305"
"Pinzetten für die Körperpflege";"1312 105"
"Pipetten für Arzneiflaschen";"0612 305"
"Pistazien, gesalzen oder geröstet";"0116 901"
"Pistazien, mit und ohne Schale, nicht geröstet, nicht gesalzen";"0116 809"
"Pistolen";"0922 114"
"Pizza, Verzehr in Kantinen, Mensen, a.n.g.";"1112 900"
"Pizza, Verzehr in Kantinen, Mensen von Hochschulen, Schulen und Kindergärten";"1112 100"
"Pizza, Verzehr in Restaurants, Cafés, Bars, mit umfassender Bedienungsleistung";"1111 116"
"Pizza, warm, verzehrfertig, von Lieferservices";"1111 207"
"Pizza, warm, verzehrfertig, zum Mitnehmen, Straßenverkauf, mit Getränken";"1111 204"
"Pizza, warm, verzehrfertig, zum Mitnehmen, Straßenverkauf, ohne Getränke";"1111 205"
"Pizza, warm, verzehrfertig, zum sofortigen Verbrauch an Imbissständen, mit Getränken";"1111 204"
"Pizza, warm, verzehrfertig, zum sofortigen Verbrauch an Imbissständen, ohne Getränke";"1111 205"
"Pizza";"0119 140"
"Plakate für die Umwelt";"0973 001"
"Plaketten, Abzeichen";"0973 004"
"Plastiken, Originale";"0511 407"
"Plastikgeschirr";"0540 328"
"Platinbarren, nichtgewerblicher Kauf, Ausgaben";"1667 100"
"Platinbarren, nichtgewerblicher Verkauf, Einnahmen";"0063 000"
"Platten aus Glas";"0540 105"
"Plattenfette, pflanzlich, für Speisezwecke";"0115 300"
"Plattenspieler (ohne solche für Kraftfahrzeuge)";"0814 017"
"Plattenwechsler (ohne solche für Kraftfahrzeuge)";"0814 017"
"Platzdecken aus Kunststoff";"0521 301"
"Platzdecken aus textilem Material";"0521 301"
"Platzkarten/Kartenreservierung im internationalen Schienenfernverkehr";"0731 130"
"Platzkarten/Kartenreservierung im nationalen Schienenverkehr";"0731 121"
"Playstations";"0921 100"
"Plockwurst, Rohwurst";"0112 310"
"Plötze, frisch, gekühlt";"0113 101"
"Plötze, gefroren";"0113 102"
"Plundergebäck";"0111 330"
"Plüschtiere";"0921 204"
"Poliermittel, Autopflegemittel";"0721 307"
"Poliermittel, Möbelpflegemittel";"0561 115"
"Poliertücher für den Haushalt, nichtgetränkt";"0561 122"
"Politische Parteien, laufende Beiträge";"1641 700"
"Politische Zeitschriften";"0972 204"
"Politur für Displays";"0561 115"
"Polo Shirts für Damen";"0312 236"
"Polo Shirts für Herren";"0312 132"
"Polo Shirts für Jungen";"0312 185"
"Polo Shirts für Mädchen";"0312 295"
"Polstererarbeiten, Reparaturen";"0512 000"
"Polstermöbel, Reparaturen an";"0512 000"
"Polsternägel";"0561 905"
"Polstern von Möbeln, Reparaturen";"0512 000"
"Polsterreiniger";"0561 115"
"Polstersessel";"0511 112"
"Pomeranzen, frisch oder gekühlt";"0116 207"
"Pommes frites, gefroren";"0117 801"
"Pommes frites, warm, verzehrfertig, von Lieferservices";"1111 207"
"Pommes frites, warm, verzehrfertig, zum Mitnehmen, Straßenverkauf, mit Getränken";"1111 204"
"Pommes frites, warm, verzehrfertig, zum Mitnehmen, Straßenverkauf, ohne Getränke";"1111 205"
"Pommes frites, warm, verzehrfertig, zum sofortigen Verbrauch an Imbissständen, mit Getränken";"1111 204"
"Pommes frites, warm, verzehrfertig, zum sofortigen Verbrauch an Imbissständen, ohne Getränke";"1111 205"
"Ponchos für Damen, aus anderem Material (ohne Sportbekleidung)";"0312 218"
"Ponchos für Damen (ohne Sportbekleidung)";"0312 218"
"Ponchos für Jungen";"0312 182"
"Ponchos für Mädchen";"0312 292"
"Ponys, Zugtiere, nicht für die Freizeit";"0714 000"
"Ponys für die Freizeit";"0912 401"
"Popcorn";"0111 908"
"Porree, frisch oder gekühlt";"0117 409"
"Portemonnaies aus Leder, Kunststoff oder anderem Material";"1329 116"
"Porto für Briefe, Postgebühren, international";"0741 100"
"Porto für Briefe, Postgebühren, national";"0741 100"
"Porto für Postkarten, Postgebühren, international";"0741 100"
"Porto für Postkarten, Postgebühren, national";"0741 100"
"Porträtaufnahmen, Entgelte für Anfertigung";"0963 000"
"Portweine, Dessertweine";"0212 150"
"Posamenten für Bekleidung, Haushaltswäsche und Heimtextilien";"0313 209"
"Posaunen";"0951 003"
"Posen für die Sportfischerei";"0922 115"
"Postbankgebühren, ohne Überweisungsgebühren, a.n.g.";"1222 000"
"Postbankgebühren, Überweisungsgebühren";"1229 100"
"Poster, Reproduktionen von Gemälden u.ä.";"0511 407"
"Poster";"0973 001"
"Postgebühren für Briefsendungen, international";"0741 100"
"Postgebühren für Briefsendungen, national";"0741 100"
"Postgebühren für Paketsendungen, international";"0741 200"
"Postgebühren für Paketsendungen, national";"0741 200"
"Postkarten, frankiert, international";"0741 100"
"Postkarten, frankiert, national";"0741 100"
"Postkartenbeförderung, international";"0741 100"
"Postkartenbeförderung, national";"0741 100"
"Postpaid (Mobiltelefonverträge), Spezialtarife mit pauschaler Abrechnung (Flatrates), für internationale Fest- und Mobilfunknetze";"0832 221"
"Postpaid (Mobiltelefonverträge), Spezialtarife mit pauschaler Abrechnung (Flatrates), für nationale Fest- und Mobilfunknetze";"0832 211"
"Postsparbücher, Abhebungen";"0071 100"
"Postsparbücher, Einzahlungen, (ohne vermögenswirksame Leistungen)";"1681 100"
"Postsparbücher, Einzahlungen, Beiträge vermögenswirksamer Leistungen";"1681 900"
"Postsparkonten, Abhebungen";"0071 100"
"Postsparkonten, Einzahlungen, (ohne vermögenswirksame Leistungen)";"1681 100"
"Postsparkonten, Einzahlungen, Beiträge vermögenswirksamer Leistungen";"1681 900"
"Prager Eltern-Kind Programm, für Kinder von 0 - 1 Jahr";"1010 101"
"Pralinen, überwiegend aus Schokolade";"0118 502"
"Prämie für Reisezusatzversicherung";"1639 800"
"Prämien, Beiträge für Versicherungen, z.B. für Alters-, Lebens-, Heiratsversicherungen";"1687 300"
"Prämien, Konsumentenkreditversicherung";"1639 800"
"Prämien, Kreditversicherung";"1639 800"
"Prämien, Restschuldversicherung";"1639 800"
"Prämien aus einem Arbeits- oder Dienstverhältnis, brutto";"0011 160"
"Prämienerstattung aus der Kraftfahrzeugversicherung";"0033 220"
"Prämienerstattung aus privater Krankenversicherung";"0033 210"
"Prämienerstattung aus privater Schaden- und Unfallversicherung";"0033 230"
"Prämienerstattung aus privater Unfallversicherung";"0033 220"
"Prämien für Berufshaftpflicht";"1639 800"
"Prämien für Blutspenden";"0097 000"
"Prämien für Brandversicherung mit Elementarschutz";"1673 000"
"Prämien für Brandversicherung ohne Elementarschutz";"1673 000"
"Prämien für Einbruchdiebstahlversicherung";"1639 300"
"Prämien für Erbschaftssteuer- u.ä. Versicherungen";"1687 300"
"Prämien für Fahrradversicherung";"1639 300"
"Prämien für Feuerversicherung mit Elementarschutz";"1673 000"
"Prämien für Feuerversicherung ohne Elementarschutz";"1673 000"
"Prämien für Gebäudeversicherung mit Elementarschutz";"1673 000"
"Prämien für Gebäudeversicherung ohne Elementarschutz";"1673 000"
"Prämien für Gepäckversicherung";"1639 800"
"Prämien für Gewässerschadenversicherung";"1673 000"
"Prämien für Glasversicherung mit Elementarschutz";"1673 000"
"Prämien für Glasversicherung ohne Elementarschutz";"1673 000"
"Prämien für Grundbesitzer-Haftpflichtversicherung";"1673 000"
"Prämien für Hausratversicherung";"1639 300"
"Prämien für Heirats-, Aussteuer-, Ausbildungs- u.ä. Versicherungen";"1687 300"
"Prämien für Kapitallebensversicherung (Risikoabsicherung plus Kapitalbildung)";"1687 300"
"Prämien für Kapitalversicherung (Schadenversicherung ohne Kapitalbildung)";"1639 600"
"Prämien für Kraftfahrzeug-Haftpflichtversicherung";"1633 100"
"Prämien für Kraftfahrzeug-Insassenversicherung";"1633 500"
"Prämien für Kraftfahrzeug-Kaskoversicherung";"1633 200"
"Prämien für Kraftfahrzeugrechtsschutzversicherung";"1639 700"
"Prämien für Kraftfahrzeugversicherung (ohne -Haftpflicht-, -Kasko-, -Insassenversicherungen)";"1633 700"
"Prämien für Lebens-, Alters-, Sterbegeld- u.ä. Versicherungen, kapitalbildend";"1687 300"
"Prämien für Pensions-, und Alterskassen, freiwillig, a.n.g.";"1631 200"
"Prämien für Pensions- und  Alterskassen, freiwillig, für private Rentenversicherung";"1687 100"
"Prämien für Personen-Haftpflichtversicherung";"1639 100"
"Prämien für private Krankenversicherung, (Vollversicherung)";"1632 100"
"Prämien für private Krankenversicherung, Zusatzversicherung";"1632 200"
"Prämien für private Pflegeversicherung, zusätzlich, freiwillig, für Leistungen über das gesetzlich vorgeschriebene Niveau hinaus";"1632 600"
"Prämien für private Unfallversicherung";"1639 500"
"Prämien für Rechtsschutzversicherung";"1639 700"
"Prämien  für Risikoabsicherung, Kapitalversicherung";"1639 600"
"Prämien für  Risikoabsicherung plus Kapitalbildung, Kapitallebensversicherung";"1687 300"
"Prämien für Risikolebensversicherung ohne Kapitalbildung";"1639 600"
"Prämien für Risikoumtauschversicherung, z.Z. nur Risikoabdeckung";"1639 800"
"Prämien für Schadenversicherung (ohne Haftpflicht-, Gebäude-, Hausrat-, Unfall-, Rechtsschutzversicherung)";"1639 800"
"Prämien für Sturmversicherung mit Elementarschutz";"1673 000"
"Prämien für Sturmversicherung ohne Elementarschutz";"1673 000"
"Prämien für Tagegeldversicherung, private Krankenversicherung, (Vollversicherung)";"1632 100"
"Prämien für Tagegeldversicherung, private Krankenversicherung, Zusatzversicherung";"1632 200"
"Prämien für Versorgungskassen, freiwillig";"1687 100"
"Prämien für Wasserschadenversicherung, Gebäudeversicherung, mit Elementarschutz";"1673 000"
"Prämien für Wasserschadenversicherung, Gebäudeversicherung ohne Elementarschutz";"1673 000"
"Präparate, biochemisch, apothekenpflichtig (ohne solche für Tiere)";"0611 220"
"Präparate, biochemisch, für Tiere, Arzneimittel";"0932 204"
"Präzisionsmaßstäbe (ohne Zeichengeräte)";"0552 105"
"Preiselbeeren, frisch oder gekühlt";"0116 409"
"Preiselbeerkonserven";"0116 907"
"Prellböcke für Modelleisenbahnen";"0921 206"
"Prepaid (jede Leistung wird von einem aufladbaren Guthabenkonto abgebucht), für internationale Fest- und Mobilfunknetze";"0832 222"
"Prepaid (jede Leistung wird von einem aufladbaren Guthabenkonto abgebucht), für nationale Fest- und Mobilfunknetze";"0832 212"
"Pressen, elektrisch, Entsafter";"0532 209"
"Pressen, nichtelektrisch, Küchenmaschinen, nicht für Getränke";"0532 102"
"Pressen, nichtelektrisch, Zitronenpressen u.ä.";"0532 209"
"Presskohle aus Braunkohle";"0454 100"
"Presskohle aus Steinkohle";"0454 100"
"Presskopf (ohne Konserven)";"0112 502"
"Presssack, Kochwurst (ohne Konserven)";"0112 503"
"Primer";"1312 232"
"Printen";"0111 352"
"Printenteig, backfertig";"0111 901"
"Prismenferngläser";"0911 301"
"Private Nutzung eines Dienstwagens, geldwerter Vorteil";"0011 160"
"Private Unterstützungen an andere private Haushalte, Ausgaben, freiwillige Übertragungen an andere private Haushalte";"1643 200"
"Private Unterstützungen an andere private Haushalte, Ausgaben, gesetzliche und vertragliche Unterhaltszahlungen";"1643 100"
"Private Unterstützungen von anderen privaten Haushalten";"0033 420"
"Privathaftpflichtversicherungen, Entgelte für Dienstleistungen (ohne Versicherungsbeiträge)";"1219 000"
"Privathaftpflichtversicherungen, Prämien für";"1639 100"
"Privatquartierübernachtungen";"1120 102"
"Programmheft, Kauf ohne den Besuch einer Veranstaltung";"0971 907"
"Programmzeitschriften";"0972 205"
"Projektionsapparate für Dias";"0911 108"
"Projektionsapparate für Filme (ohne Videogeräte)";"0911 108"
"Projektionsgeräten (ohne Reparaturen an Videogeräten), Reparaturen an";"0941 000"
"Projektionslampen, Glühlampen";"0911 202"
"Projektionswände";"0911 202"
"Propangas, Ausgaben der Wohnungsinhaberinnen und Wohnungsinhaber (ohne Gas für Kraftfahrzeuge)";"0452 200"
"Prospekte, Schutzgebühren für Werbemittel";"0973 004"
"Prostitutiondienstleistungen";"1390 100"
"Prothesen, orthopädisch (ohne Zahnprothesen)";"0613 304"
"Prothesen, Reparaturen an";"0614 000"
"Prothesenschuhe";"0613 303"
"Provisionen aus unselbständiger Arbeit, brutto";"0011 160"
"Provisionen für Kreditvermittlung, Entgelte";"1229 900"
"Prüfung, praktisch, Dienstleistung für den Führerschein";"0724 310"
"Prüfungsgebühren für Dienstleistungen der Bildungseinrichtungen des Hochschulbereichs";"1040 025"
"Psychosoziale Betreuungseinrichtungen";"0632 002"
"Psychotherapeutenhonorare, ambulante Heilbehandlung und medizinische Rehabilitation";"0623 105"
"Pudding, Fertigpudding";"0114 704"
"Pudding, Verzehr in Kantinen, Mensen, a.n.g.";"1112 900"
"Pudding, Verzehr in Kantinen, Mensen von Hochschulen, Schulen und Kindergärten";"1112 100"
"Pudding, Verzehr in Restaurants, Cafés, Bars, mit umfassender Bedienungsleistung";"1111 118"
"Puddingpulver, a.n.g.";"0119 904"
"Puddingpulver, Desserts aus pflanzlichem Milchersatz";"0114 706"
"Pudelmützen, gewirkt oder gestrickt";"0313 101"
"Puder, Gesichtspuder";"1312 232"
"Puder, medizinisch, apothekenpflichtig (ohne solche für Tiere), a.n.g.";"0611 120"
"Puder, medizinisch, apothekenpflichtig (ohne solche für Tiere), pflanzliche Arzneimittel und homöopathische Produkte";"0611 220"
"Puderdosen aus Edelmetall oder Schmucksteinen";"1329 136"
"Puderpinsel";"1312 105"
"Puderquaste";"1312 105"
"Puderquasten";"1312 232"
"Puderzucker";"0118 100"
"Puffbohnen, frisch oder gekühlt";"0117 300"
"Puffbohnen, Konserven";"0117 919"
"Puffmais";"0111 908"
"Puffreis";"0111 908"
"Puffreisschokoladen, Tafelschokoladen";"0118 503"
"Pullover für Damen";"0312 240"
"Pullover für Herren";"0312 133"
"Pullover für Jungen";"0312 186"
"Pullover für Mädchen";"0312 296"
"Pulsmessgeräte";"0612 102"
"Pulverförmige Erzeugnisse für Kaltschalen, süße Suppen und Soßen, a.n.g.";"0119 904"
"Pulverförmige Erzeugnisse für Kaltschalen, süße Suppen und Soßen, aus pflanzlichem Milchersatz";"0114 706"
"Pulverkaffee, Kaffee-Extrakte";"0122 002"
"Pulvertee, Tee-Extrakte";"0123 001"
"Pumpen für den Garten, motorisch angetrieben";"0551 001"
"Pumpen für den Gartenteich, motorisch angetrieben";"0551 001"
"Pumpernickel";"0111 313"
"Pumps für Damen";"0321 210"
"Puppen";"0921 202"
"Puten, gefroren (ohne Innereien u.a. Schlachtnebenprodukte)";"0112 243"
"Puten, geschlachtet, frisch (ohne Innereien u.a. Schlachtnebenprodukte)";"0112 243"
"Puten, lebend";"0932 103"
"Putenfilet, -schnitzel";"0112 243"
"Putenfleisch, Konserven";"0112 508"
"Putenkeulen";"0112 243"
"Putzlappen für den Haushalt";"0561 122"
"Putzlöhne für Hauspersonal, Barentlohnung";"0562 100"
"Putzmittel für Fahrräder";"0721 307"
"Putzmittel für Kraftfahrzeuge";"0721 307"
"Puzzlespiele";"0921 201"
"Quargel";"0114 504"
"Quark (ohne Quarksüßspeisen)";"0114 506"
"Quarksüßspeisen";"0114 705"
"Quellensteuer";"1611 150"
"Quellmehl aus Getreide";"0111 205"
"Querbinder, Schleifen, Bekleidungszubehör";"0313 107"
"Quiches u.ä.";"0119 140"
"Quirle, elektrisch";"0532 102"
"Quirle, nichtelektrisch";"0540 321"
"Quitten, frisch oder gekühlt";"0116 309"
"Quittungsformulare";"0974 003"
"Rabattmarkeneinlösung";"0091 000"
"Räderwechsel";"0723 021"
"Radfelgen für Fahrräder";"0721 208"
"Radiatoren, elektrisch";"0531 306"
"Radicchio, frisch oder gekühlt";"0117 102"
"Radierer";"0974 006"
"Radieschen, frisch oder gekühlt";"0117 409"
"Radioantennen (ohne kombinierte Rundfunk-Fernsehempfangsantennen)";"0814 017"
"Radiobaukästen";"0921 205"
"Radiogebühren (ohne Kabelgebühren)";"0839 100"
"Radio-Kassetten- oder Radio-CD-Player-Kombinationen für Kraftfahrzeuge";"0814 018"
"Radkappen";"0721 305"
"Radler, alkoholfrei";"0213 003"
"Radler, Biermischgetränk, alkoholfrei";"0213 003"
"Radler, Biermischgetränk, Alkoholgehalt >= 0,5 %, Verzehr in Restaurants, Cafés, Bars,  mit umfassender Bedienungsleistung";"1111 144"
"Radler, Biermischgetränk, Alkoholgehalt >= 0,5 %";"0219 010"
"Radler, Biermischgetränk, Verzehr in Kantinen, Mensen, Alkoholgehalt >= 0,5 %, a.n.g.";"1112 900"
"Radler, Biermischgetränk, Verzehr in Kantinen, Mensen, Alkoholgehalt >= 0,5 % von Hochschulen";"1112 100"
"Radnaben für Fahrräder";"0721 208"
"Radspeichen für Fahrräder";"0721 208"
"Radwechsel";"0723 021"
"Raffinadezucker";"0118 100"
"Rahm, sauer";"0114 602"
"Rahm (ohne Sauerrahm)";"0114 302"
"Rahmbonbons";"0118 903"
"Rahmen für Bilder";"0911 207"
"Rahmen für Dias";"0911 207"
"Rahmen für Fahrräder";"0721 208"
"Rahmfrischkäse";"0114 506"
"Rahmgulasch in Dosen oder Gläsern";"0112 508"
"Rankgitter für Pflanzen";"0931 105"
"Rankhilfen für Pflanzen";"0931 105"
"Ranzen, Schulranzen aus Leder, Kunststoff oder anderem Material";"1329 115"
"Rapsöl für Speisezwecke";"0115 109"
"Rasendünger";"0931 101"
"Rasenkantenschneider, motorisch angetrieben";"0551 001"
"Rasenlüfter, nichtmotorisch angetrieben";"0552 104"
"Rasenmäher, auch motorisch angetrieben";"0551 001"
"Rasenmäher, nichtmotorisch angetrieben";"0552 104"
"Rasensamen";"0931 218"
"Rasenschnitt u.ä. Pflegearbeiten";"0444 106"
"Rasierapparate, elektrisch";"1311 101"
"Rasierapparate, mechanisch";"1312 101"
"Rasierapparatereinigungskartuschen";"0561 115"
"Rasiercremes";"1312 215"
"Rasieren, Friseurleistungen";"1313 111"
"Rasierklingen";"1312 105"
"Rasiermesser";"1312 101"
"Rasiermittel, Pre- und Aftershaveprodukte";"1312 234"
"Rasiermittel, Seifen und Cremes";"1312 215"
"Rasierpinsel";"1312 105"
"Rasierschaum";"1312 215"
"Rasierseifen";"1312 215"
"Rasierspiegel, Handspiegel";"1312 105"
"Rasierwässer";"1312 234"
"Raspeln, Küchengeräte";"0540 321"
"Ratenkredite, Tilgung (ohne von zinslosen Raten- und Konsumentenkrediten)";"1652 200"
"Ratenkredite, Tilgung von zinslosen Raten- und Konsumentenkrediten";"1652 300"
"Rätselzeitschriften";"0972 206"
"Rattenfallen";"0561 909"
"Rattengift";"0561 906"
"Rauchbier";"0213 001"
"Räucheraal";"0113 200"
"Raucherartikel aus Edelmetall oder Schmucksteinen";"1329 136"
"Räucherfische";"0113 200"
"Rauchergebrauchsgüter (ohne solche aus Edelmetall oder Schmucksteinen)";"1329 133"
"Räucherheringe";"0113 200"
"Räuchern von Fleisch und Fleischwaren";"0562 909"
"Räucherschinken";"0112 310"
"Raucherservices (ohne solche aus Edelmetall oder Schmucksteinen)";"1329 133"
"Räucherspeck (ohne Schinkenspeck)";"0112 310"
"Räucherstäbchen";"0921 303"
"Raucherverbrauchsgüter (ohne Tabakwaren und Zigarettenpapier)";"1329 133"
"Rauchfleisch (ohne Konserven)";"0112 310"
"Rauchmelder";"0431 200"
"Rauchtabak (einschl. in Cafés, Restaurants, Tankstellen, öffentlichen Verkehrsmitteln eingekauftem Rauchtabak)";"0230 902"
"Rauchverzehrer, elektrisch";"0532 102"
"Rauhlederpflegemittel";"0561 117"
"Raumerfrischer";"0561 119"
"Raumheizgeräte mit elektrischer Beheizung";"0531 306"
"Raumheizgeräte mit Gasbeheizung";"0531 306"
"Raumheizgeräte mit Holz- und/oder Kohlenbeheizung";"0531 306"
"Raumheizgeräte mit Ölbeheizung";"0531 306"
"Raumheizgeräten, Reparaturen an";"0533 001"
"Raumklimageräte";"0531 307"
"Rauputz";"0431 101"
"Ravioli, Verzehr in Kantinen, Mensen, a.n.g.";"1112 900"
"Ravioli, Verzehr in Kantinen, Mensen von Hochschulen, Schulen und Kindergärten";"1112 100"
"Ravioli, Verzehr in Restaurants, Cafés, Bars, mit umfassender Bedienungsleistung";"1111 116"
"Ravioli";"0119 111"
"Realschulen, Sekundarbereich I, Dienstleistungen";"1020 010"
"Reben";"0931 215"
"Rebhühner, erlegt, frisch oder gefroren (ohne Innereien)";"0112 250"
"Receiver, stationäre Rundfunkempfangsgeräte, nicht mit Tonaufnahme- und/oder -wiedergabegeräten kombiniert";"0814 011"
"Rechauds, elektrisch";"0532 102"
"Rechen";"0552 104"
"Rechenhefte";"0974 002"
"Rechenmaschinen";"0813 205"
"Rechner für Informationsverarbeitungsgeräte";"0813 101"
"Rechnungsformulare";"0974 003"
"Rechtsanwaltsgebühren für den Kauf von Grundstücken, Gebäuden und Eigentumswohnungen";"1661 000"
"Rechtsanwaltsgebühren für Rechtsberatung (ohne Gerichtskosten, Steuerberatungsgebühren und Notargebühren für den Kauf von Grundstücken, Gebäuden und Eigentumswohnungen)";"1390 903"
"Rechtsberatungskosten (ohne Gerichtskosten, Steuerberatungsgebühren und Notargebühren für den Kauf von Grundstücken, Gebäuden und Eigentumswohnungen)";"1390 903"
"Rechtsschutzversicherung, Prämien";"1639 700"
"Rechtsschutzversicherung, Prämienerstattung";"0033 230"
"Rechtsschutzversicherung, Versicherungsleistungen";"0033 230"
"Rechtsschutzversicherungen, Entgelte für Dienstleistungen (ohne Versicherungsbeiträge)";"1219 000"
"Refill-Toner, zum Wiederbefüllen von verbrauchten Tonerpatronen";"0813 207"
"Reflektorbänder";"0313 209"
"Reflektoren für Bekleidung";"0313 209"
"Reflektoren für Fahrräder";"0721 308"
"Reformunterbetten";"0521 202"
"Regalböden";"0511 114"
"Regale";"0511 114"
"Regenfässer, Regentonnen";"0931 105"
"Regenhauben";"0313 103"
"Regenhosen für Damen";"0312 227"
"Regenhosen für Herren";"0312 129"
"Regenhosen für Jungen";"0312 183"
"Regenhosen für Mädchen";"0312 293"
"Regenjacken für Damen";"0312 216"
"Regenjacken für Herren, aus Kunststofffolien (ohne  Sportbekleidung)";"0312 117"
"Regenjacken für Jungen";"0312 182"
"Regenjacken für Mädchen";"0312 292"
"Regenmäntel für Damen, aus beschichtetem Material (ohne Sportbekleidung)";"0312 218"
"Regenmäntel für Herren, aus beschichtetem Material (ohne Sportbekleidung)";"0312 117"
"Regenmäntel für Jungen";"0312 182"
"Regenmäntel für Mädchen";"0312 292"
"Regenmäntel für Säuglinge";"0312 308"
"Regenrinnen auf Kosten der Eigentümerinnen und Eigentümer, Instandhaltung";"1675 100"
"Regenschirme für Herren, Damen und Kinder";"1329 134"
"Regenwasserversiegelung, Instandhaltung auf Kosten der Eigentümerinnen und Eigentümer";"1675 100"
"Regenwasserversiegelung - Erweiterung, werterhöhend";"1663 000"
"Regenwasserversiegelung - Gebühren";"1679 900"
"Regner, Rasensprenger";"0552 104"
"Rehabilitationeinrichtungen, Aufwendungen für Verpflegung";"1330 200"
"Rehabilitationseinrichtungen, nicht aufteilbare Leistungen für langfristige  Aufenthalte";"1330 200"
"Rehabilitationszentren für Alkohol- und Drogenabhängige";"0631 002"
"Reha-Kliniken für psychische Erkrankungen mit Übernachtungen, nicht langfristig";"0631 002"
"Rehfleisch, frisch oder gefroren (ohne Innereien)";"0112 250"
"Reibeisen, Küchengeräte";"0540 321"
"Reibemaschinen, elektrisch";"0532 102"
"Reibemaschinen, nichtelektrisch";"0532 102"
"Reiben, Küchengeräte (ohne Reibemaschinen)";"0540 321"
"Reibkäse";"0114 501"
"Reifen für Fahrräder";"0721 129"
"Reifen für Fahrräder mit Hilfsmotor, Reparaturen an";"0723 028"
"Reifen für Krafträder, Reparaturen an";"0723 028"
"Reifen für Krafträder";"0721 121"
"Reifen für Kraftwagen, Ganzjahresreifen";"0721 111"
"Reifen für Kraftwagen, Sommerreifen";"0721 111"
"Reifen für Kraftwagen, Winterreifen";"0721 112"
"Reifen für Kraftwagenanhänger, Sommer- und Ganzjahresreifen";"0721 111"
"Reifen für Kraftwagenanhänger, Winterreifen";"0721 112"
"Reifen für Kraftwagen und Kraftwagenanhängern, Reparaturen an";"0723 021"
"Reifen für Mofas und Mokicks";"0721 121"
"Reifenwechsel (ohne Kauf neuer Reifen)";"0723 021"
"Reihgarne";"0313 205"
"Reinigung der Anlagen im Umkreis der Wohnung, Ausgaben der Wohnungsinhaberinnen und Wohnungsinhaber (ohne Umlagen)";"0444 909"
"Reinigungsdienste, Dienstleistungen der häusliche Alten- und Behindertenpflege";"1330 300"
"Reinigungskartuschen für Rasierapparate";"0561 115"
"Reinigung von Bekleidung, chemisch";"0314 110"
"Reinigung von Bettfedern, chemisch";"0562 901"
"Reinigung von Fenstern";"0562 909"
"Reinigung von Gebäuden und Inventar";"0562 909"
"Reinigung von Haushaltswäsche, chemisch";"0562 901"
"Reinigung von Heimtextilien, chemisch";"0562 901"
"Reinigung von Räumen";"0562 909"
"Reinigung von Schuhen";"0322 000"
"Reinigung von Teppichen, chemisch";"0562 901"
"Reis, geschliffen";"0111 101"
"Reis, im Kochbeutel";"0111 101"
"Reis auf Milchbasis, verzehrfertig";"0114 704"
"Reis auf Milchbasis, Verzehr in Kantinen, Mensen, a.n.g.";"1112 900"
"Reis auf Milchbasis, Verzehr in Kantinen, Mensen von Hochschulen, Schulen und Kindergärten";"1112 100"
"Reis auf Milchbasis, Verzehr in Restaurants, Cafés, Bars, mit umfassender Bedienungsleistung";"1111 118"
"Reisdrink";"0114 400"
"Reisebettstellen für Säuglinge (ohne Matratzen und Tragekörbe)";"1329 122"
"Reisedecken";"0521 201"
"Reiseführer auf CD-ROMs oder auf Diskette";"0952 001"
"Reiseführer im Buchformat";"0971 906"
"Reisekoffer aus Leder, Kunststoff oder anderem Material";"1329 111"
"Reisekostenerstattungen";"0095 000"
"Reisekosten für geschäftliche und dienstliche Zwecke";"1691 000"
"Reisen mit längerem Aufenthalt als 5 Tage im Inland";"0980 002"
"Reisepassgebühren";"1390 902"
"Reiseplaids";"0521 201"
"Reiseschreibmaschinen";"0813 205"
"Reisetaschen aus Leder, Kunststoff oder anderem Material";"1329 111"
"Reiseversicherungen, Versicherungsdienstleistungen im Zusammenhang  mit privaten Verkehrsmitteln (ohne Versicherungsbeiträge)";"1214 100"
"Reiseversicherungen, Versicherungsdienstleistungen im Zusammenhang  mit Reise- und Gepäckversicherungen (ohne Versicherungsbeiträge)";"1214 200"
"Reisewecker";"0511 408"
"Reisfertiggerichte mit Fleisch, Fisch, Meerestieren oder Gemüse, z.B. Konservenfertiggerichte, Trockenfertiggerichte";"0119 121"
"Reismehl";"0111 205"
"Reissalat, wenn Reis Hauptbestandteil ist";"0119 121"
"Reißbrettstifte";"0561 905"
"Reißnägel";"0561 905"
"Reisstärke";"0117 921"
"Reißverschlüsse";"0313 209"
"Reißzeuge";"0974 009"
"Reiszubereitungen mit Fleisch, Fisch, Meeresfrüchten oder Gemüse";"0119 121"
"Reitanzüge für Damen";"0922 118"
"Reitanzüge für Herren";"0922 118"
"Reitanzüge für Jungen";"0922 118"
"Reitanzüge für Mädchen";"0922 118"
"Reithelme";"0922 119"
"Reithosen für Damen";"0922 118"
"Reithosen für Herren";"0922 118"
"Reithosen für Jungen";"0922 118"
"Reithosen für Mädchen";"0922 118"
"Reitjacken für Damen";"0922 118"
"Reitjacken für Herren";"0922 118"
"Reitjacken für Jungen";"0922 118"
"Reitjacken für Mädchen";"0922 118"
"Reitpferde, Miete für";"0942 204"
"Reitpferde für die Freizeit";"0912 401"
"Reitstiefel";"0922 117"
"Reitunterricht";"0946 209"
"Reizgasspraydosen";"0922 114"
"Reizker, frisch oder gekühlt";"0117 402"
"Religiöse und weltanschauliche Vereinigungen, laufende Beiträge";"1641 100"
"Religiöse Vereinigungen, Mitgliedsbeiträge";"1641 100"
"Religiöse Vereinigungen, Spenden und unregelmäßige Beiträge";"1642 100"
"Remoulade";"0119 305"
"Renekloden, frisch oder gekühlt";"0116 309"
"Rennfahrräder";"0713 004"
"Rennwetteinsätze";"1647 000"
"Rennwettgewinne";"0033 410"
"Renten, Werksrenten (ohne Sachbezüge)";"0033 110"
"Renten aus dem Lastenausgleich";"0031 680"
"Renten aus der gesetzlichen Rentenversicherung, an Witwen und Witwer";"0031 120"
"Renten aus der gesetzlichen Rentenversicherung, für Waisen";"0031 120"
"Renten aus der gesetzlichen Rentenversicherung aus eigener früherer Erwerbstätigkeit";"0031 110"
"Renten aus der gesetzlichen Unfallversicherung, an Eltern";"0031 300"
"Renten aus der gesetzlichen Unfallversicherung, an Verletzte";"0031 300"
"Renten aus der gesetzlichen Unfallversicherung, an Witwen und Witwer";"0031 300"
"Renten aus der gesetzlichen Unfallversicherung, für Waisen";"0031 300"
"Renten aus der Kriegsopferversorgung, Beschädigtenrenten";"0031 680"
"Renten aus der Kriegsopferversorgung, Hinterbliebenenrenten";"0031 680"
"Renten aus Lebensversicherung";"0077 100"
"Renten aus privater Rentenversicherung";"0077 100"
"Renten aus privater Unfallversicherung";"0033 220"
"Renten aus Zusatzversorgungskassen des öffentlichen Dienstes an Versicherte";"0033 131"
"Renten aus Zusatzversorgungskassen des öffentlichen Dienstes an Witwen und Witwer";"0033 132"
"Renten aus Zusatzversorgungskassen des öffentlichen Dienstes für Waisen";"0033 132"
"Renten der Zusatzversorgung für Angehörige des öffentlichen Dienstes aus eigener früherer Erwerbstätigkeit";"0033 131"
"Rentenfonds, Anteile, Kauf";"1685 500"
"Rentenfonds, Anteile, Verkauf";"0071 410"
"Rentenpapiere, Kauf";"1685 100"
"Rentenpapiere, Verkauf";"0071 410"
"Rentenversicherung, der Landwirte, Altershilfe für Landwirte, freiwillige Beiträge";"1622 800"
"Rentenversicherung, der Landwirte, Altershilfe für Landwirte, Pflichtbeiträge";"1621 800"
"Rentenversicherung, freiwillige Beiträge";"1622 800"
"Rentenversicherung, gesetzlich, einmalige und unregelmäßige Einnahmen";"0031 580"
"Rentenversicherung, gesetzlich, Renten an Witwen, Witwer und frühere Ehegatten";"0031 120"
"Rentenversicherung, gesetzlich, Renten aus eigener früherer Erwerbstätigkeit";"0031 110"
"Rentenversicherung, gesetzlich, Renten für Waisen";"0031 120"
"Rentenversicherung, Knappschaft-Bahn-See-Versicherung, Pflichtbeiträge";"1621 590"
"Rentenversicherung, Pflichtbeiträge";"1621 800"
"Rentenversicherung, privat, laufende Einnahmen";"0077 100"
"Rentenversicherung, privat, Prämien";"1687 100"
"Rentenversicherung, Zusatzversorgung für Angehörige des öffentlichen Dienstes, freiwillige Beiträge und oder Zusatzbeiträge";"1631 100"
"Rentenversicherungen, Leistungsentgelte der";"1211 001"
"Rentenzuschlag zur Kindererziehung";"0031 110"
"Rentnerfahrkarten in Verkehrsverbünden, Tarif- und Verkehrsgemeinschaften";"0735 015"
"Rentnerfahrkarten zu Sonderkonditionen im internationalen Schienenfernverkehr";"0731 130"
"Rentnerfahrkarten zu Sonderkonditionen im  nationalen Schienenfernverkehr";"0731 123"
"Reparatur eines Bootsmotors";"0942 208"
"Reparaturen, Miete und Leasing von Handwerkzeugen (ohne Gartengeräte)";"0553 022"
"Reparaturen, Miete und Leasing von Kleingeräten und Zubehör, für das Haus";"0553 022"
"Reparaturen, Miete und Leasing von nicht motorbetriebenen Gartengeräten";"0553 021"
"Reparaturen, Miete und Leasing von nicht motorbetriebenen Handwerkzeugen, für den Garten";"0553 021"
"Reparaturen, Miete und Leasing von nicht motorbetriebenen Kleingeräten und Zubehör, für den Garten";"0553 021"
"Reparaturen, Miete und Leasingvon nicht motorbetriebenen Werkzeugen, für den Garten";"0553 021"
"Reparaturen, Miete und Leasing von Werkzeugen, für das Haus";"0553 022"
"Reparaturen an der Wohnung, auf Kosten der Mieterinnen und der Mieter (ohne Maler- und Tapeziererarbeiten), andere";"0432 009"
"Reparaturen an der Wohnung, von Elektrikern";"0432 002"
"Reparaturen an der Wohnung, von Installateuren im Heizungs- und Klimabereich";"0432 003"
"Reparaturen an der Wohnung, von Installateuren im Sanitärbereich";"0432 001"
"Reparaturen an der Wohnung, von Tischlern";"0432 005"
"Reparaturen an Elektrowerkzeugen, für den Garten";"0553 011"
"Reparaturen an Elektrowerkzeugen (nicht für den Garten)";"0553 012"
"Reparaturen an Fahrrädern (ohne Fahrräder mit Hilfsmotor)";"0723 023"
"Reparaturen an Gebäuden auf Kosten der Vermieterinnen und Vermieter, werterhaltend, Instandhaltung";"1675 100"
"Reparaturen an Gebäuden auf Kosten der Vermieterinnen und Vermieter, werterhöhend, Instandsetzung";"1663 000"
"Reparaturen an Gütern für die persönliche Ausstattung";"1329 200"
"Reparaturen an motorbetriebenen Gartengeräten";"0553 011"
"Reparaturen an Reiseartikeln u.a. Täschnerwaren sowie Ausstattungen für Babys";"1329 200"
"Reparaturen an Telefonen";"0835 001"
"Reparaturen an Wänden, auf Kosten der Eigentümerinnen und Eigentümer (ohne Maler- und Tapeziererarbeiten)";"1675 100"
"Reparaturen von anderen Fahrzeugen";"0723 028"
"Reparaturen von Musikinstrumenten";"0969 001"
"Reparatur von Puppen";"0921 202"
"Reparatur von Spielen, Spielzeug und Hobbywaren";"0943 200"
"Reproduktionen von Gemälden";"0511 407"
"Requien, Dienstleistungen der Kirchen und Glaubensgemeinschaften";"1390 200"
"Restaurants, mit eingeschränkten Bedienungsleistungen";"1111 2"
"Restaurants, mit umfassender Bedieungsleistung";"1111 1"
"Restauration historischer Bücher";"0969 004"
"Restaurierung von Antikmöbeln (ohne solche, die als Investition gelten)";"0512 000"
"Restaurierung von Bildern";"0512 000"
"Restaurierung von Kunstwerken (ohne solche, die als Investition gelten)";"0512 000"
"Restschuldversicherung, Prämien";"1639 800"
"Rettiche, frisch oder gekühlt";"0117 102"
"Rettungsdecken (beschichtet mit Alu und wärmendem Material für erste Hilfe KFZ)";"0612 209"
"Rettungsdienste für Einzelpersonen";"0642 002"
"Retuschenfarben, Unterrichts- und Künstlerfarben";"0974 008"
"Revolver";"0922 114"
"Rhabarber, frisch oder gekühlt";"0117 102"
"Rheumadecken mit Füllung";"0521 202"
"Rhododendron, Ziergehölze";"0931 225"
"Richtkranz";"0921 303"
"Riechkissen";"1312 231"
"Riechsalze";"1312 231"
"Riegel, Beschläge";"0552 208"
"Riegel, gefüllt, mit Keks- oder Waffelanteil";"0111 352"
"Riegel, Schokoladenerzeugnisse (ohne Dauerbackwarenanteil)";"0118 509"
"Riester-Rente, Beiträge";"1687 100"
"Rikschafahrten";"0946 207"
"Rikschas, Beförderung mit";"0732 900"
"Rindenmulch";"0931 102"
"Rinder, lebend";"0932 102"
"Rinderbraten, Konserven";"0112 508"
"Rinderfett für Speisezwecke";"0115 900"
"Rindergulasch, frisch oder gefroren";"0112 217"
"Rinderhackfleisch, frisch oder gefroren (ohne zubereitetes Hackfleisch)";"0112 217"
"Rinderleber, frisch oder gefroren";"0112 400"
"Rinderlende, Filet";"0112 217"
"Rinderrollbraten, frisch oder gefroren";"0112 217"
"Rinderrouladen, frisch oder gefroren, nicht tafelfertig zubereitet";"0112 217"
"Rinderrouladen, gefroren, tafelfertig zubereitet";"0112 506"
"Rinderrouladen, Konserven";"0112 508"
"Rinderrouladen mit Rotkraut und Kartoffeln, gefroren, tafelfertig zubereitet";"0119 125"
"Rinderschmorbraten, frisch oder gefroren";"0112 217"
"Rindersteaks, frisch oder gefroren";"0112 217"
"Rindertalg für Speisezwecke";"0115 900"
"Rinderzunge, frisch oder gefroren";"0112 400"
"Rinderzunge, Konserven";"0112 508"
"Rindfleisch, Konserven";"0112 508"
"Rindfleischsalat, Verzehr in Kantinen, Mensen, a.n.g.";"1112 900"
"Rindfleischsalat, Verzehr in Kantinen, Mensen von Hochschulen, Schulen und Kindergärten";"1112 100"
"Rindfleischsalat, Verzehr in Restaurants, Cafés, Bars, mit umfassender Bedienungsleistung";"1111 117"
"Rindfleischsalat";"0112 505"
"Rindfleischsuppen, Trockensuppen";"0119 131"
"Rindfleisch zum Kochen, frisch oder gefroren";"0112 211"
"Rindsbouillon";"0119 906"
"Rindswürstchen, Brühwurst (ohne Konserven)";"0112 502"
"Ringbucheinlagen";"0974 002"
"Ringe aus Edelmetall, echten Perlen, Edel- oder Schmucksteinen, Schmuck";"1321 112"
"Ringe aus unedlem Metall, Kunststoff, Glas u.ä.";"1321 111"
"Ringe für Gardinen";"0521 101"
"Ringschrauben, grobe Drahtwaren";"0561 905"
"Risikolebensversicherung mit variabler Versicherungssumme, Prämien";"1639 800"
"Risikolebensversicherung ohne Kapitalbildung, Prämien";"1639 600"
"Risikoumtauschversicherung, Prämien für (Umtausch während der Laufzeit in kapitalbildende LV möglich), z.Z. nur Risikoabdeckung";"1639 600"
"Rizinusöl für Heilzwecke, pflanzliche Arzneimittel und homöopathische Produkte";"0611 220"
"Roastbeef, frisch oder gefroren";"0112 217"
"Robbenfleisch, frisch oder gefroren (ohne Innereien)";"0112 250"
"Röcke für Damen (ohne Sportbekleidung)";"0312 225"
"Röcke für Mädchen (ohne Sportbekleidung)";"0312 294"
"Röcke für Säuglinge";"0312 308"
"Rockhosen für Damen";"0312 225"
"Rockkonzerte, Eintrittsgelder (einschl. Garderobe und Programme)";"0961 004"
"Rockstoffe, Meterware";"0311 000"
"Roggenbrot (ohne Pumpernickel, Schrot-, Vollkorn- und Knäckebrot)";"0111 312"
"Roggenmehl";"0111 205"
"Roggenstärke";"0117 921"
"Roheis, Eiswürfel";"0455 003"
"Rohmilch";"0114 100"
"Rohre für Trink-, Brauch- und Abwasser, für die Wohnungsinstandsetzung, auf Kosten der Eigentümerinnen und Eigentümer";"1675 100"
"Rohre für Trink-, Brauch- und Abwasser, für die Wohnungsinstandsetzung, auf Kosten der Mieterinnen und der Mieter";"0431 108"
"Rohrnudeln, frisch";"0111 344"
"Rohrohrzucker";"0118 100"
"Rohrreiniger";"0561 115"
"Rohrschellen";"0561 905"
"Rohrzangen";"0552 105"
"Rohrzucker";"0118 100"
"Rohsteine, z.B. Amethyste";"1329 139"
"Rohtalg für Speisezwecke";"0115 900"
"Rohwurst";"0112 310"
"Rolladenbeschläge";"0431 108"
"Rollatoren";"0613 306"
"Rollbandmaße";"0552 105"
"Rollbraten, Schweinerollbraten, frisch oder gefroren";"0112 220"
"Rollen für die Sportfischerei";"0922 115"
"Roller, Kindersportfahrzeuge";"0921 203"
"Rollfilme für Fotoapparate, unbelichtet";"0911 205"
"Rollläden, werterhöhend, auf Kosten der Eigentümerinnen und Eigentümer";"1663 000"
"Rollläden auf Kosten der Mieterinnen und der Mieter";"0431 108"
"Rollmöpse, Marinaden";"0113 302"
"Rollos aus allen Materialien";"0521 101"
"Rollrasen";"0931 226"
"Rollschinken, geräuchert, getrocknet oder gekocht (ohne Konserven)";"0112 310"
"Rollschuhe, Miete für";"0946 208"
"Rollschuhe, Spezialsportschuhe für Herren, Damen und Kinder";"0922 117"
"Romadurkäse";"0114 503"
"Romane, Bücher";"0971 901"
"Romanzeitschriften";"0972 206"
"Römer, Weingläser";"0540 103"
"Römersalat, frisch oder gekühlt";"0117 101"
"Römertöpfe aus Ton u.a. feinkeramischen Stoffen";"0540 105"
"Römischkohl, frisch oder gekühlt";"0117 102"
"Röntgenaufnahmen, die von Medizinerinnen und Medizinern selbst durchgeführt werden (ohne Zahn- und Tierarzthonorare), ambulant";"0621 905"
"Röntgenaufnahmen, die von Zahnärztinnen und Zahnärzten selbst durchgeführt werden";"0622 102"
"Röntgenaufnahmen von Patienten";"0641 002"
"Roquefort";"0114 503"
"Rosen, Schnittblumen";"0931 221"
"Rosen, Ziergehölze";"0931 225"
"Rosenbogen, aus Metall";"0931 105"
"Rosenkohl, frisch oder gekühlt";"0117 107"
"Rosenkränze aus Edelmetall, echten Perlen, Edel- oder Schmucksteinen";"1322 000"
"Rosenkränze aus unedlem Metall, Kunststoff, Glas u.ä.";"1322 000"
"Rosèweine, Verzehr in Kantinen, Mensen, a.n.g.";"1112 900"
"Rosèweine, Verzehr in Kantinen, Mensen von Hochschulen";"1112 100"
"Rosèweine, Verzehr in Restaurants, Cafés, Bars, mit umfassender Bedienungsleistung";"1111 143"
"Rosèweine";"0212 130"
"Rosinen";"0116 700"
"Rosinenbrot, Weißbrot";"0111 311"
"Rosmarin, getrocknet";"0119 402"
"Rosmarin, Küchenkräuter, frisch, gekühlt oder gefroren";"0119 401"
"Rosshaarbesen";"0561 121"
"Rostbratwurst mit Sauerkraut (Mikrowellenessen)";"0119 125"
"Röstkaffee (ohne Kaffee-Extrakte und ohne Kantinen- und Gaststättenverzehr)";"0122 001"
"Rostlösemittel";"0561 119"
"Rotbarsch, frisch oder gekühlt";"0113 101"
"Rotbarsch, gefroren";"0113 102"
"Rotbarschfilets, frisch oder gekühlt, nicht paniert";"0113 101"
"Rotbarschfilets, gefroren, nicht paniert";"0113 102"
"Rote Beete, frisch oder gekühlt";"0117 409"
"Rote Beete, Sauerkonserven, mit Essig haltbar gemacht";"0117 912"
"Rote Grütze, fertig";"0116 909"
"Rote Grütze, hauptsächlich auf Obst basierend";"0116 909"
"Rote Grütze, Pulverform";"0119 904"
"Rote Rüben, frisch oder gekühlt";"0117 409"
"Rotkohl, frisch oder gekühlt";"0117 107"
"Rotkohl, Sauerkonserven, mit Essig haltbar gemacht";"0117 912"
"Rotkraut, frisch oder gekühlt";"0117 107"
"Rotweine, Verzehr in Kantinen, Mensen, a.n.g.";"1112 900"
"Rotweine, Verzehr in Kantinen, Mensen von Hochschulen";"1112 100"
"Rotweine, Verzehr in Restaurants, Cafés, Bars, mit umfassender Bedienungsleistung";"1111 143"
"Rotweine";"0212 110"
"Rotzunge, frisch, gekühlt";"0113 101"
"Rotzunge, gefroren";"0113 102"
"Rouladen, Konserven";"0112 508"
"Rouladen mit Rotkraut und Kartoffeln";"0119 125"
"Rübenkraut";"0118 202"
"Rübensirup";"0118 202"
"Rübenzucker";"0118 100"
"Rüböl für Speisezwecke";"0115 109"
"Rückbildungsgymnastik nach Geburten";"0623 105"
"Rückerstattungen von Einkommen- und Kraftfahrzeugsteuern";"0031 624"
"Rückerstattung von Einkommensteuern";"0031 624"
"Rückerstattung von Fahrgeld für Schüler";"0031 639"
"Rückerstattung von Kraftfahrzeugsteuer";"0031 624"
"Rückerstattung von Lohnsteuer und Kirchensteuer";"0031 624"
"Rückerstattung von Prämien aus der Kraftfahrzeugversicherung";"0033 230"
"Rückerstattung von Prämien aus privater Krankenversicherung";"0033 210"
"Rückerstattung von Prämien aus privater Schaden- und Unfallversicherung";"0033 220"
"Rückerstattung von Wohnungsbauprämien";"1649 002"
"Rückhaltesysteme für Hunde im Auto";"0721 202"
"Rucksäcke aus Leder, Kunststoff oder anderem Material";"1329 119"
"Rucksäcke für Camping, aus Kunststoff oder anderem Material (ohne Rucksäcke aus Leder)";"0922 203"
"Rückspiegel für Kraftfahrzeuge";"0721 202"
"Rückstrahler für Fahrräder";"0721 308"
"Rückvergütungen auf Warenkäufe";"0091 000"
"Rückzahlungen (Immobilien), Einnahmen";"0071 900"
"Rückzahlung von an Dritte ausgeliehenen Geldern, Einnahmen";"0078 000"
"Rückzahlung von Einkommensteuern, Einnahmen";"0031 624"
"Rückzahlung von Einlagen in eigene Unternehmen, auch als vollhaftender Gesellschafter einer OHG oder KG, Einnahmen";"0062 000"
"Rückzahlung von Guthaben bei Bausparkassen";"0071 300"
"Rückzahlung von Hypotheken, Grundschulden und andere Baudarlehen";"1651 200"
"Rückzahlung von Kommanditeinlagen oder Einlagen als stiller Gesellschafter, Einnahmen";"0071 420"
"Rückzahlung von Kraftfahrzeugsteuer, Einnahmen";"0031 624"
"Rückzahlung von Lohnsteuer und Kirchensteuer, Einnahmen";"0031 624"
"Rückzahlung von nicht zinslosen Teilzahlungs-, Klein- u.ä. Krediten";"1652 200"
"Rückzahlung von nicht zinslosen Warenkrediten beim Lieferanten, Ausgaben";"1652 200"
"Rückzahlung von Schulden bei anderen privaten Haushalten, nicht zinslos, Ausgaben";"1652 200"
"Rückzahlung von Schulden bei anderen privaten Haushalten, zinslos, Ausgaben";"1652 300"
"Rückzahlung von Sozialhilfeleistungen";"1649 002"
"Rückzahlung von zinslosen Teilzahlungs-, Klein- u.ä. Krediten";"1652 300"
"Rückzahlung von zinslosen Warenkrediten beim Lieferanten, Ausgaben";"1652 300"
"Rückzahlung zu viel erhaltener Löhne und Gehälter";"1649 002"
"Rückzahlung zu viel gezahlter Umlagen an Haushalte von vermieteten Wohnungen";"1649 002"
"Ruderboote";"0912 302"
"Ruhegehälter an ehemalige Beamte";"0031 710"
"Ruhegeld an Versicherte aus Zusatzversorgungskassen des öffentlichen Dienstes";"0033 131"
"Rührgeräte, elektrisch ( einschl. Rührständern und Zusatzgeräten)";"0532 102"
"Rührgeräte, nichtelektrisch";"0540 321"
"Rührkellen, Küchengeräte";"0540 321"
"Rührlöffel, Küchengeräte";"0540 321"
"Rum";"0211 040"
"Rummelplätze, Entgelte für Karussellfahrten u.ä.";"0946 101"
"Rumpsteak, frisch oder gefroren";"0112 217"
"Rumtopf, Spirituosen, Verzehr in Kantinen, Mensen, a.n.g.";"1112 900"
"Rumtopf, Spirituosen, Verzehr in Kantinen, Mensen von Hochschulen";"1112 100"
"Rumtopf, Spirituosen, Verzehr in Restaurants, Cafés, Bars, mit umfassender Bedienungsleistung";"1111 141"
"Rumtopf, Spirituosen";"0211 040"
"Rumtöpfe aus feinkeramischen Stoffen";"0540 105"
"Rundflüge mit Hubschraubern, Sportmaschinen";"0946 207"
"Rundfunkempfangsantennen";"0814 017"
"Rundfunkempfangsgeräte, Miete für";"0835 005"
"Rundfunkempfangsgeräte, stationär, kombiniert mit Tonaufnahme- und/oder -wiedergabegeräten, auch Uhrenradios mit Kassettengerät und/oder CD-Player (einschl. TV-/Rundfunkkombinationen)";"0814 012"
"Rundfunkempfangsgeräte, stationär, nicht mit Tonaufnahme- und/oder -wiedergabegeräten kombiniert";"0814 011"
"Rundfunkempfangsgeräte, tragbar, mit Tonaufnahme- und/oder -wiedergabegeräten kombiniert";"0814 012"
"Rundfunkempfangsgeräte, tragbar, nicht mit Tonaufnahme- und/oder -wiedergabegeräten kombiniert (ohne solche für Kraftfahrzeuge)";"0814 011"
"Rundfunkempfangsgeräte für Kraftfahrzeuge, auch mit Kassettengerät und/oder CD-Player kombiniert (ohne Kassettengeräte oder CD-Player für Kraftfahrzeuge)";"0814 018"
"Rundfunkempfangsgeräten, Reparaturen an";"0835 001"
"Rundfunkgebühren";"0839 100"
"Rundfunkzeitschriften";"0972 205"
"Rundreisen auf dem Land im Ausland";"0980 009"
"Rundreisen im Inland";"0980 003"
"Rundschneidemaschinen, elektrisch, Küchengeräte";"0532 102"
"Rundstücke, Kleingebäck aus Brotteig";"0111 320"
"Russisch- Ei";"0114 807"
"Rutenhalter für die Sportfischerei";"0922 115"
"Rutschautos";"0921 203"
"Rutschen";"0921 206"
"Saalmiete für Familienfeiern";"1390 909"
"Saatenschutzmittel für den Garten";"0931 102"
"Saatgetreide";"0931 218"
"Saatkartoffeln";"0931 218"
"Säbel";"0922 119"
"Sachbezüge als Werks- bzw. Betriebsrenten und -unterstützungen aus eigener früherer Erwerbstätigkeit und anderen Ansprüchen";"0033 110"
"Sachbücher (ohne Kataloge und Werbemittel)";"0971 903"
"Sachleistungen (zum Bruttoeinkommen aus unselbständiger Arbeit gehörende Sachleistungen)";"0012"
"Sachleistungen aus einem Arbeits- oder Dienstverhältnis, brutto";"0012"
"Sachspenden";"0033 900"
"Sachversicherungen im Zusammenhang mit der Wohnung (ohne Gebäudeversicherungsdienstleistungen) (ohne Versicherungsbeiträge)";"1213 000"
"Säcke aus Jute u.ä., Gebrauchsgüter";"0561 909"
"Säcke aus Papier oder Kunststofffolien";"0561 902"
"Sackkarren";"0552 208"
"Safemiete im Hotel";"1390 909"
"Safemieten, Dienstleistungen der Geldinstitute";"1222 000"
"Safran, Gewürze";"0119 402"
"Säfte, Fruchtsäfte, Verzehr in Kantinen, Mensen, a.n.g.";"1112 900"
"Säfte, Fruchtsäfte, Verzehr in Kantinen, Mensen von Hochschulen, Schulen und Kindergärten";"1112 100"
"Säfte, Fruchtsäfte, Verzehr in Restaurants, Cafés, Bars, mit umfassender Bedienungsleistung";"1111 153"
"Säfte, Gemüsesäfte, Verzehr in Kantinen, Mensen, a.n.g.";"1112 900"
"Säfte, Gemüsesäfte, Verzehr in Kantinen, Mensen von Hochschulen, Schulen und Kindergärten";"1112 100"
"Säfte, Gemüsesäfte, Verzehr in Restaurants, Cafés, Bars, mit umfassender Bedienungsleistung";"1111 153"
"Saftpressen, elektrisch";"0532 209"
"Saftpressen, nichtelektrisch, Zitronenpressen u.ä.";"0532 209"
"Sägeblätter";"0552 105"
"Sägeböcke";"0552 105"
"Sägen, elektrisch";"0551 002"
"Sägen, nichtelektrisch";"0552 105"
"Sagostärke";"0117 921"
"Sahne, frisch und ultrahocherhitzt";"0114 302"
"Sahne, saure Sahne";"0114 602"
"Sahne, ultrahocherhitzt";"0114 302"
"Sahne (auch Schlagrahm)";"0114 302"
"Sahnebonbons";"0118 903"
"Sahnebutter";"0115 200"
"Sahnefestiger";"0119 909"
"Sahnepulver";"0114 301"
"Sahnequark";"0114 506"
"Sahneschläger, nichtelektrisch";"0540 321"
"Sahneschokoladen, Tafelschokoladen";"0118 503"
"Saiteninstrumente (ohne Harfen)";"0951 003"
"Sakkos für Herren";"0312 116"
"Sakkos für Jungen";"0312 182"
"Salami, Rohwurst";"0112 310"
"Salat, Fischsalat";"0113 304"
"Salat, Fleischsalat";"0112 505"
"Salat, Verzehr in Kantinen, Mensen, a.n.g.";"1112 900"
"Salat, Verzehr in Kantinen, Mensen von Hochschulen, Schulen und Kindergärten";"1112 100"
"Salat, Verzehr in Restaurants, Cafés, Bars, mit umfassender Bedienungsleistung";"1111 117"
"Salatcreme";"0119 305"
"Salatgurken, frisch oder gekühlt";"0117 204"
"Salatkartoffeln, frisch oder gekühlt";"0117 501"
"Salatmayonnaise";"0119 305"
"Salatsoßen (ohne Majonäse ähnliche Erzeugnisse)";"0119 304"
"Salben, apothekenpflichtig (ohne solche für Tiere), a.n.g.";"0611 120"
"Salben, apothekenpflichtig (ohne solche für Tiere), pflanzliche Arzneimittel und homöopathische Produkte";"0611 220"
"Salben, nicht apothekenpflichtig";"1312 234"
"Salben für Tiere, Arzneimittel";"0932 204"
"Salep, frisch";"0117 508"
"Salmiakgeist";"0561 115"
"Salz, Speisesalz";"0119 301"
"Salz, Streusalz";"0561 909"
"Salz, Viehsalz";"0932 201"
"Salzbrötchen, Kleingebäck aus Brotteig (ohne Dauerbackwaren)";"0111 320"
"Salzgebäck, Dauerbackwaren";"0111 370"
"Salzgrotten, Eintrittsgelder";"1313 204"
"Salzgurken, Sauerkonserven, mit Essig haltbar gemacht";"0117 911"
"Salzheringe";"0113 200"
"Salzletten, Dauerbackwaren";"0111 370"
"Salzmühle, elektrisch";"0532 102"
"Salzsardellen, Konserven";"0113 301"
"Salzsäure als Reinigungsmittel";"0561 119"
"Salzsäure für Autobatterien";"0722 409"
"Salzstangen, Dauerbackwaren";"0111 370"
"Salzstreuer aus Glas";"0540 105"
"Salzstreuer aus Porzellan";"0540 105"
"Salzstreuer aus Steingut u.a. feinkeramischen Stoffen";"0540 105"
"Salzstreuer aus unedlem Metall, Kunststoff, Holz";"0540 328"
"Samen u.a. Vermehrungsgut, von Blumen";"0931 227"
"Samen u.a. Vermehrungsgut, von Gemüse, Getreide, Futterpflanzen u.ä.";"0931 218"
"Samen u.a. Vermehrungsgut, von Zierpflanzen";"0931 227"
"Sammelgedecke aus Glas";"0540 102"
"Sammelgedecke aus Porzellan";"0540 102"
"Sammelgedecke aus Steingut u.a. feinkeramischen Stoffen";"0540 102"
"Samt, Meterware";"0311 000"
"Sanatorien, langfristige stationäre Gesundheitsdienstleistungen (ohne Pflegeheime)";"0632 002"
"Sandalen für Damen";"0321 210"
"Sandalen für Herren";"0321 110"
"Sandalen für Kinder";"0321 310"
"Sandaletten für Damen";"0321 210"
"Sandaletten für Kinder";"0321 310"
"Sanddornbeeren, frisch oder gekühlt";"0116 409"
"Sanddornsaft";"0121 003"
"Sand für Sandkästen";"0931 102"
"Sandkästen";"0921 206"
"Sandkuchen, frisch";"0111 344"
"Sandkuchen, gefroren";"0111 343"
"Sandkuchen, Verzehr in Kantinen, Mensen, a.n.g.";"1112 900"
"Sandkuchen, Verzehr in Kantinen, Mensen von Hochschulen, Schulen und Kindergärten";"1112 100"
"Sandkuchen, Verzehr in Restaurants, Cafés, Bars, mit umfassender Bedienungsleistung";"1111 121"
"Sandmuscheln";"0921 206"
"Sandnagelfeilen";"1312 105"
"Sandwiches, Verzehr im Straßenverkauf, mit Getränken";"1111 204"
"Sandwiches, Verzehr im Straßenverkauf, ohne Getränke";"1111 205"
"Sandwiches, Verzehr in Kantinen, Mensen, a.n.g.";"1112 900"
"Sandwiches, Verzehr in Kantinen, Mensen von Hochschulen, Schulen und Kindergärten";"1112 100"
"Sandwiches, Verzehr in Restaurants, Cafés, Bars, mit umfassender Bedienungsleistung";"1111 111"
"Sandwichs";"0119 150"
"Sangria";"0212 165"
"Sangrita";"0121 006"
"Sanitärarmaturen für die Wohnungsinstandsetzung, auf Kosten der Eigentümerinnen und Eigentümer";"1675 100"
"Sanitärarmaturen für die Wohnungsinstandsetzung, auf Kosten der Mieterinnen und der Mieter";"0431 108"
"Sanitärreiniger";"0561 115"
"Sanitätskästen, gefüllt, auch für Kraftfahrzeuge";"0612 302"
"Sanseveria, Topfpflanzen (einschl. Hydrokulturen)";"0931 212"
"Sardellen, frisch oder gekühlt";"0113 101"
"Sardellen, gefroren";"0113 102"
"Sardinen, frisch oder gekühlt";"0113 101"
"Sardinen, gefroren";"0113 102"
"Sardinen, Konserven";"0113 301"
"Särge";"1329 131"
"SAT-Anlagen für Satellitenfernseh- und Rundfunkempfang";"0814 025"
"Satellitenantennen-Systeme (Parabolantenne und Satellitenreceiver) u.a. Antennen";"0814 025"
"Satellitenfernsehantenne, Parabolspiegel";"0814 025"
"Satellitenfernsehen, Gebühren für";"0839 201"
"Satiren, Bücher";"0971 901"
"Sättel für Fahrräder";"0721 208"
"Sattel für Pferde und Ponys, für Sport und Freizeit";"0912 402"
"Satteltaschen für Fahrräder";"0721 308"
"Satzpuppen, Ziergegenstände";"0540 327"
"Satztische für Wohnzimmer";"0511 111"
"Saubohnen, frisch oder gekühlt";"0117 300"
"Saucieren aus Porzellan";"0540 105"
"Saucieren aus Steingut u.a. feinkeramischen Stoffen";"0540 105"
"Sauen, lebend";"0932 102"
"Sauerampfer, frisch oder gekühlt";"0117 102"
"Sauerbraten, frisch, Rindfleisch";"0112 217"
"Sauerbraten, gefroren, tafelfertig zubereitet";"0112 506"
"Sauerbraten, Konserven";"0112 508"
"Sauerbraten, mit Klößen, Verzehr in Kantinen, Mensen, a.n.g.";"1112 900"
"Sauerbraten, mit Klößen, Verzehr in Kantinen, Mensen von Hochschulen, Schulen und Kindergärten";"1112 100"
"Sauerbraten, mit Klößen, Verzehr in Restaurants, Cafés, Bars, mit umfassender Bedienungsleistung";"1111 113"
"Sauerkirschen, frisch oder gekühlt";"0116 309"
"Sauerkirschkonserven";"0116 905"
"Sauerkraut, Konserven";"0117 913"
"Sauerkrautsaft";"0121 006"
"Sauermilchkäse";"0114 504"
"Sauerrahmbutter";"0115 200"
"Sauger für Säuglinge";"0540 326"
"Säuglingsbadewannen";"1329 122"
"Säuglingsbekleidungsstoffe, Meterware";"0311 000"
"Säuglingsheime, Dienstleistungen (ohne stationäre Behandlung in Kinderkrankenhäusern u.ä.)";"1330 101"
"Säuglingshygieneartikel";"1312 223"
"Säuglingsmilch, entrahmte Milch (Magermilch)";"0114 200"
"Säuglingsmilchprodukte, homogenisiert";"0119 202"
"Säuglingsnahrung auf Gemüsebasis, mit Fleisch- oder Fischanteil";"0119 203"
"Säuglingsnahrung auf Gemüsebasis (ohne Fleisch- oder Fischanteil)";"0119 203"
"Säuglingsnahrung auf Getreidebasis";"0119 201"
"Säuglingsnahrung auf Milchbasis";"0119 202"
"Säuglingsnahrung auf Obstbasis";"0119 203"
"Säuglingsspielwaren, andere";"0921 206"
"Säuglingsspielwaren, Kuscheltiere";"0921 204"
"Säuglingswaagen, nicht elektrisch";"0612 102"
"Säuglingswäsche (ohne Windeln)";"0312 303"
"Säuglingswickelaufsätze";"1329 122"
"Saumagen";"0112 509"
"Saunaaufgüsse";"1312 240"
"Saunabäder";"1313 204"
"Saunahandtücher";"0521 302"
"Saunakilts";"0521 302"
"Saunasets zur Körperpflege";"1312 240"
"Saure Sahne";"0114 602"
"Saxophone";"0951 003"
"Scamorza, Frischkäse";"0114 506"
"Scanner, PC-Zubehör";"0813 201"
"Scart-Kabel";"0552 204"
"Schablonen";"0974 006"
"Schabracken aus textilem Material, konfektioniert";"0521 101"
"Schachbretter";"0921 201"
"Schachcomputer (einschl. Software)";"0921 100"
"Schachfiguren";"0921 201"
"Schachspiele (ohne Schachcomputer)";"0921 201"
"Schachteln aus Pappe";"0561 902"
"Schadenersatz an andere private Haushalte, freiwillig";"1643 200"
"Schadenersatz an andere private Haushalte, gesetzlich und vertraglich";"1643 100"
"Schadenersatz aus anderen privaten Versicherungen";"0033 230"
"Schadenersatz aus der privaten Krankenversicherung";"0033 210"
"Schadenersatz aus privaten  Unfallversicherungen oder Haftpflichtansprüchen";"0033 220"
"Schadenersatz von anderen privaten Haushalten";"0033 420"
"Schadensgutachten, Gebühren für Kraftfahrzeug-Untersuchungen";"0724 328"
"Schaden- und Unfallversicherung, Gebäudeversicherung, Prämien, mit Elementarschutz";"1673 000"
"Schaden- und Unfallversicherung, Gebäudeversicherung, Prämien ohne Elementarschutz";"1673 000"
"Schaden- und Unfallversicherung, Gepäckversicherung, Prämien";"1639 800"
"Schaden- und Unfallversicherung, Gewässerschadenversicherung, Prämien";"1673 000"
"Schaden- und Unfallversicherung, Grundbesitzer-Haftpflichtversicherung, Prämien";"1673 000"
"Schaden- und Unfallversicherung, Hausratversicherung, Prämien";"1639 300"
"Schaden- und Unfallversicherung, Kraftfahrzeug-Haftpflichtversicherung, Prämien";"1633 100"
"Schaden- und Unfallversicherung, Kraftfahrzeug-Insassenversicherung, Prämien";"1633 500"
"Schaden- und Unfallversicherung, Kraftfahrzeug-Kaskoversicherung, Prämien";"1633 200"
"Schaden- und Unfallversicherung, Kraftfahrzeugversicherung (ohne Haftpflicht-, Kasko-, Insassenversicherung, Prämien)";"1633 700"
"Schaden- und Unfallversicherung, private Unfallrenten";"0033 220"
"Schaden- und Unfallversicherung, private Unfallversicherung, Prämien";"1639 500"
"Schaden- und Unfallversicherung, Rechtsschutzversicherung, Prämien";"1639 700"
"Schadenversicherung, Prämien, für Risikoversicherungen ohne Kapitalbildung";"1639 600"
"Schadenversicherung, Prämien für andere Schadenversicherung, z.B. Restschuld-, Garantieversicherungen";"1639 800"
"Schadenversicherung, privat, für Personen- und Sachschäden";"0033 230"
"Schadenversicherungen, Entgelte für Versicherungsdienstleistungen im Zusammenhang mit privaten Verkehrsmitteln";"1214 100"
"Schadenversicherungen, Entgelte für Versicherungsdienstleistungen im Zusammenhang mit Reise- und Gepäckversicherungen";"1214 200"
"Schadenversicherungen, im Zusammenhang mit der Wohnung (ohne Gebäudeversicherungsdienstleistungen; ohne Versicherungsbeiträge)";"1213 000"
"Schädlingsbekämpfungsmittel für den Garten";"0931 102"
"Schädlingsbekämpfungsmittel für den Haushalt";"0561 906"
"Schädlingsbekämpfungsspritzen für den Garten, nichtmotorisch angetrieben";"0552 104"
"Schafe, lebend";"0932 102"
"Schaffelle";"1329 139"
"Schaffleisch, frisch oder gefroren (ohne Innereien)";"0112 230"
"Schaffleisch, Konserven";"0112 508"
"Schafskäse";"0114 503"
"Schafsmilch, entrahmte Milch (Magermilch)";"0114 200"
"Schafsmilch, Roh- und Vollmilch";"0114 100"
"Schalen aus Glas, Tafelgeschirr";"0540 105"
"Schalen aus Porzellan, Tafelgeschirr";"0540 105"
"Schalen aus unedlem Metall, Kunststoff, Holz, Tafelgeschirr (ohne Einweggeschirr)";"0540 328"
"Schalen für Schreibgeräte";"0974 007"
"Schalenobst, gesalzen oder geröstet";"0116 901"
"Schalentiere, frisch, gekühlt  (ohne Konserven)";"0113 401"
"Schalentiere, gefroren (ohne Konserven)";"0113 402"
"Schalentiere, Konserven";"0113 607"
"Schälerbsen";"0117 600"
"Schälgurken, frisch";"0117 204"
"Schallplatten, bespielt";"0952 003"
"Schälmaschinen, elektrisch, Küchenmaschinen";"0532 102"
"Schälmaschinen, nichtelektrisch, Küchenmaschinen";"0532 102"
"Schalotten, frisch oder gekühlt";"0117 401"
"Schälrippchen, frisch oder gefroren";"0112 220"
"Schals, Bekleidungszubehör";"0313 107"
"Schalter, elektrische Installationsgeräte";"0431 108"
"Schamottestein";"0431 108"
"Scharniere";"0431 108"
"Schaschlik, gefroren, tafelfertig zubereitet";"0112 506"
"Schaschlikspieße";"0561 909"
"Schatzanweisungen, Kauf";"1685 100"
"Schatzanweisungen, Verkauf";"0071 410"
"Schaufeln, Bodenbearbeitungsgeräte";"0552 104"
"Schaufeln für den Haushalt, Kehr-, Kohlenschaufeln u.ä.";"0561 909"
"Schaukeln, Kinderschaukeln";"0921 206"
"Schaukelstühle";"0511 112"
"Schaumgummiartikel für Bekleidung, Haushaltswäsche und Heimtextilien";"0313 209"
"Schaumlöffel, Küchengeräte";"0540 321"
"Schaumlöscher (ohne Autofeuerlöscher)";"0561 909"
"Schaumstoffmatratzen";"0511 124"
"Schaumweine, aus anderen Früchten als Weintrauben";"0212 2"
"Schaumweine, Verzehr in Kantinen, Mensen, a.n.g.";"1112 900"
"Schaumweine, Verzehr in Kantinen, Mensen  von Hochschulen";"1112 100"
"Schaumweine, Verzehr in Restaurants, Cafés, Bars, mit umfassender Bedienungsleistung";"1111 143"
"Schaumzuckerwaren";"0118 909"
"Schauspielaufführungen, Besuch von";"0961 003"
"Scheckkartengebühren";"1222 000"
"Scheibenbüchsen";"0922 114"
"Scheibengardinen aus textilem Material, konfektioniert";"0521 101"
"Scheibenwischer für Kraftfahrzeuge";"0721 202"
"Scheibenwischermotoren für Kraftfahrzeuge";"0721 201"
"Scheinwerfer für Fahrräder, Akkulampen";"0721 308"
"Scheinwerfer für Kraftfahrzeuge";"0721 201"
"Scheitholz für Brennzwecke";"0454 200"
"Schellfisch, frisch oder gekühlt";"0113 101"
"Schellfisch, gefroren";"0113 102"
"Schenkungen an andere private Haushalte";"1643 200"
"Schenkungen von anderen privaten Haushalten";"0033 420"
"Schenkungsteuer";"1612 100"
"Scherapparate für Schafe";"0932 202"
"Scherblätter für elektrische Rasierapparate";"1311 101"
"Scheren (Nagelscheren)";"1312 105"
"Scheren für den Garten, motorisch angetrieben";"0551 001"
"Scheren für den Garten, nichtmotorisch angetrieben";"0552 104"
"Scheren für den Haushalt, nichtelektrisch";"0540 203"
"Scherenschleifen, Dienstleistungen";"0562 909"
"Scheren von Schafen, Dienstleistungen";"0945 009"
"Scheuerbürsten";"0561 121"
"Scheuerlappen für den Haushalt";"0561 122"
"Scheuerpulver";"0561 115"
"Scheuertücher für den Haushalt";"0561 122"
"Schichtkäse";"0114 506"
"Schiebestangen für Dreiräder";"0921 203"
"Schieblehren";"0552 105"
"Schiedsmanngebühren";"1645 000"
"Schiedsstellen, Dienstleistungen sozialer Einrichtungen und karitativer Verbände";"1330 900"
"Schienbeinschoner";"0922 119"
"Schießbedarf, Verbrauchsgüter";"0922 114"
"Schießscheiben aus Papier";"0922 114"
"Schießsportgeräte";"0922 114"
"Schießsportwaffen";"0922 114"
"Schiffe, Modellbausätze";"0921 205"
"Schiffsmodelle, Bausätze";"0921 205"
"Schiffspassagen, Fahrten mit Hochsee- und Küstenschiffen (einschl. Fährschiffen)";"0734 001"
"Schiffsreisen, Kreuzfahrten";"0980 008"
"Schiffszwieback";"0111 363"
"Schilder (ohne solche für Kraftfahrzeuge und Fahrräder)";"0552 208"
"Schildkröten, lebend";"0932 103"
"Schimmelentferner";"0561 119"
"Schinken, gekocht, Konserven";"0112 508"
"Schinken, gekocht (ohne Konserven)";"0112 507"
"Schinken, geräuchert oder getrocknet (ohne Konserven)";"0112 310"
"Schinkenbrötchen";"0119 150"
"Schinkenkäse, Schmelzkäsezubereitung";"0114 505"
"Schinkenmettwurst, Rohwurst";"0112 310"
"Schinkenplockwurst, Rohwurst";"0112 310"
"Schinkenspeck, frisch oder gefroren";"0112 310"
"Schinkenspeck, geräuchert, getrocknet oder gekocht (ohne Konserven)";"0112 310"
"Schinkenwurst, Brühwurst (ohne Konserven)";"0112 502"
"Schirme für Herren, Damen und Kinder";"1329 134"
"Schirmen, Reparaturen an";"1329 200"
"Schirmfutterale für Herren-, Damen- und Kinderschirme";"1329 134"
"Schirmhüllen für Herren-, Damen- und Kinderschirme";"1329 134"
"Schirmständer, Garderobenmöbel";"0511 170"
"Schlachtabfälle für Futterzwecke, Hundefutter";"0932 201"
"Schlachtabfälle von Meeressäugetieren, essbar, frisch oder gefroren";"0112 400"
"Schlachtlöhne, Dienstleistungen";"0562 909"
"Schlachtnebenprodukte, frisch oder gefroren, z.B. Rinder-, Schweine-, Geflügelleber, Nieren, Rinderzungen";"0112 400"
"Schlachtnebenprodukte für Futterzwecke, Hundefutter";"0932 201"
"Schlachtvieh, lebend";"0932 102"
"Schlackwurst, Rohwurst";"0112 310"
"Schlafanzüge für Damen";"0312 273"
"Schlafanzüge für Herren";"0312 162"
"Schlafanzüge für Jungen";"0312 188"
"Schlafanzüge für Mädchen";"0312 298"
"Schlafanzüge für Säuglinge, aus Gewebe";"0312 303"
"Schlafanzugstoffe, Meterware";"0311 000"
"Schlafbrillen";"0612 209"
"Schlafcouches";"0511 113"
"Schlafdecken";"0521 201"
"Schlafmasken";"0612 209"
"Schlafsäcke";"0922 202"
"Schlafsäcke für Säuglinge und Kleinkinder";"0312 303"
"Schlafsäcke und andere Bettwaren, Miete für";"0522 000"
"Schlafwagenfahrkarten zu gewöhnlichen Konditionen im internationalen Schienenfernverkehr";"0731 130"
"Schlafwagenfahrkarten zu gewöhnlichen Konditionen im nationalen Schienenfernverkehr";"0731 121"
"Schlafzimmereinrichtungen, komplett";"0511 129"
"Schlagbesen, Küchengeräte";"0540 321"
"Schläger für Tennis, u.ä. Sport im Freien";"0922 113"
"Schläger für Tischtennis, Badminton u.ä. Sport in Räumen";"0922 123"
"Schlagrahm";"0114 302"
"Schlagsahne, frisch";"0114 302"
"Schlagsahne, ultrahocherhitzt";"0114 302"
"Schlagzeuge, Musikinstrumente";"0951 002"
"Schlamperrollen, leer";"1329 119"
"Schlangengurken, frisch oder gekühlt";"0117 204"
"Schlankheitscremes";"1312 234"
"Schläuche, Gartenschläuche";"0552 104"
"Schläuche für Fahrräder";"0721 129"
"Schläuche für Fahrräder mit Hilfsmotor, Reparaturen an";"0723 028"
"Schläuche für Krafträder, Reparaturen an";"0723 028"
"Schläuche für Krafträder";"0721 121"
"Schläuche für Kraftwagen und Kraftwagenanhängern, Reparaturen an";"0723 021"
"Schläuche für Mofas und Mopeds";"0721 121"
"Schlechtwettergeld, Kurzarbeitergeld und Winterbauförderung nach dem Sozialgesetzbuch III (Arbeitsförderung)";"0031 520"
"Schlehen, frisch oder gekühlt";"0116 309"
"Schlei, frisch oder gekühlt";"0113 101"
"Schlei, gefroren";"0113 102"
"Schleier, Bekleidungszubehör";"0313 109"
"Schleierkraut, Schnittblumen";"0931 221"
"Schleifapparate mit Hand- oder Fußantrieb";"0552 105"
"Schleifen, Querbinder, Bekleidungszubehör";"0313 107"
"Schleifen von Messern und Scheren, Dienstleistungen";"0562 909"
"Schleifmaschinen, elektrisch";"0551 002"
"Schleifmaschinen mit Hand- oder Fußantrieb";"0552 105"
"Schleifpapier";"0561 909"
"Schleifpaste";"0561 909"
"Schleifsteine, Wetzsteine";"0561 909"
"Schlemmerblöcke, Kauf von, für eigene Verwendung";"1696 000"
"Schleuderbälle";"0922 111"
"Schleuderhonig";"0118 306"
"Schließen für Bekleidung, Haushaltswäsche und Heimtextilien";"0313 209"
"Schließfächer, Dienstleistungen der Geldinstitute";"1222 000"
"Schließfächer, Entgelte für Gepäckaufbewahrung";"1390 909"
"Schlitten, Wintersportartikel";"0922 112"
"Schlittschuhe, Miete für";"0946 208"
"Schlittschuhe";"0922 117"
"Schlösser (ohne solche für Kraftfahrzeuge und Fahrräder)";"0552 208"
"Schlosserarbeiten an der Wohnung, auf Kosten der Eigentümerinnen und Eigentümer";"1675 100"
"Schlosserarbeiten an der Wohnung, auf Kosten der Mieterinnen und der Mieter";"0432 009"
"Schlösser für Fahrräder";"0721 308"
"Schlösser für Kraftfahrzeuge";"0721 202"
"Schlossführer, Dienstleistungen";"0946 104"
"Schlüpfer für Damen";"0312 279"
"Schlüpfer für Herren";"0312 161"
"Schlüpfer für Jungen";"0312 188"
"Schlüpfer für Mädchen";"0312 298"
"Schlüssel (ohne solche für Kraftfahrzeuge und Fahrräder)";"0552 208"
"Schlüsselanhänger";"1329 139"
"Schlüsselbänder";"1329 139"
"Schlüsseldienst auf Kosten der Eigentümerinnen und Eigentümer";"1675 100"
"Schlüsseldienste auf Kosten der Mieterinnen und der Mieter";"0432 009"
"Schlüsseletuis aus Leder, Kunststoff oder anderem Material";"1329 119"
"Schlüssel für Kraftfahrzeuge";"0721 305"
"Schmalfilme für Filmkameras, unbelichtet";"0911 205"
"Schmalfilmkameras";"0911 105"
"Schmalfilmprojektoren";"0911 108"
"Schmalzfleisch, Konserven";"0112 508"
"Schmalz für Speisezwecke";"0115 900"
"Schmalz mit Zwiebeln";"0115 900"
"Schmalzstearin für Speisezwecke";"0115 900"
"Schmand";"0114 602"
"Schmelzbutter";"0115 200"
"Schmelzkäse";"0114 505"
"Schmelzkäsezubereitungen";"0114 505"
"Schmerzensgelder an andere private Haushalte, freiwillige Übertragungen an andere private Haushalte, Ausgaben";"1643 200"
"Schmerzensgelder von anderen privaten Haushalten, Unterhaltszahlungen u.a. Unterstützungen von anderen privaten Haushalten (auch Leibrenten), (ohne freies Wohnen), Einnahmen";"0033 420"
"Schmerzmittel";"0611 120"
"Schmierfette für Fahrräder";"0722 409"
"Schmierfette für Kraftfahrzeuge";"0722 409"
"Schmierkannen";"0540 325"
"Schmierseife";"0561 111"
"Schmierstoffe, z.B. Getriebe-, Achsöl, Schmierfette";"0722 409"
"Schminkartikel";"1312 232"
"Schminkstifte";"1312 232"
"Schminktaschen";"1329 119"
"Schmirgelpapier";"0561 909"
"Schmortöpfe aus Metall";"0540 312"
"Schmuck, aus Edelmetall, echten Perlen, Edel- oder Schmucksteinen";"1321 112"
"Schmuck, aus unedlem Metall, Kunststoff, Glas u.ä.";"1321 111"
"Schmuck, gebraucht, nichtgewerblicher Verkauf, Einnahmen";"0055 210"
"Schmuck, Reparaturen an";"1321 201"
"Schmuck, Umarbeitung von";"1321 201"
"Schmucketuis aus Leder, Kunststoff oder anderem Material";"1329 119"
"Schmuckfedern, Bekleidungszubehör";"0313 209"
"Schmuckversicherung, Entgelt Versicherungsdienstleistungen";"1219 000"
"Schmutzfänger für Kraftfahrzeuge";"0721 305"
"Schnallen für Bekleidung, Haushaltswäsche und Heimtextilien";"0313 209"
"Schnaps, Verzehr in Kantinen, Mensen, a.n.g.";"1112 900"
"Schnaps, Verzehr in Kantinen, Mensen von Hochschulen";"1112 100"
"Schnaps, Verzehr in Restaurants, Cafés, Bars, mit umfassender Bedienungsleistung";"1111 141"
"Schnapsgläser";"0540 103"
"Schnecken, frisch oder gekühlt  (ohne Konserven)";"0113 401"
"Schnecken, gefroren (ohne Konserven)";"0113 402"
"Schnecken, Konserven";"0113 607"
"Schneckenerzeugnisse, frisch oder  gekühlt  (ohne Konserven)";"0113 401"
"Schneckenerzeugnisse, gefroren (ohne Konserven)";"0113 402"
"Schneckenkorn";"0931 102"
"Schneebesen, Küchengeräte";"0540 321"
"Schneeketten für Kraftfahrzeuge";"0721 305"
"Schneeräumen, Ausgaben der Wohnungsinhaberinnen und Wohnungsinhaber (ohne Umlagen)";"0444 108"
"Schneeschieber";"0552 104"
"Schneidemaschinen, elektrisch, Küchenmaschinen";"0532 102"
"Schneidemaschinen, nichtelektrisch, Küchenmaschinen";"0532 102"
"Schneidemühlen, elektrisch, Küchenmaschinen";"0532 102"
"Schneidemühlen, nichtelektrisch, Küchenmaschinen";"0532 102"
"Schneiden für Damen (einschl. Waschen und Föhnen)";"1313 121"
"Schneiden von Holz, Dienstleistungen";"0562 909"
"Schneider, Änderungen von Bekleidung beim Kauf";"0314 200"
"Schneider, Reparatur von Bekleidung, einschl. Nählohn, wenn der Haushalt den Stoff selbst bereit stellt";"0314 200"
"Schneiderkreide";"0561 909"
"Schneiderpuppen";"0561 909"
"Schneiderscheren";"0540 203"
"Schnellhefter";"0974 006"
"Schnellkochgeschirr, Dampfdrucktöpfe u.a. Koch- und Bratgeschirr aus Metall, z.B. Schmortöpfe, Kessel, Einkochapparate";"0540 312"
"Schnellkomposthilfsstoff";"0931 102"
"Schnellverbandpflaster, medizinisch";"0612 303"
"Schnittgrün";"0931 221"
"Schnittkäse (auch halbfester Schnittkäse)";"0114 502"
"Schnittlauch, frisch, gekühlt oder gefroren";"0119 401"
"Schnittlauch, getrocknet";"0119 402"
"Schnittmuster";"0561 909"
"Schnitzel, Kalbsschnitzel, frisch oder gefroren";"0112 219"
"Schnitzel, mit Pommes frites, Salat u.ä., Verzehr in Kantinen, Mensen, a.n.g.";"1112 900"
"Schnitzel, mit Pommes frites, Salat u.ä., Verzehr in Kantinen, Mensen von Hochschulen, Schulen und Kindergärten";"1112 100"
"Schnitzel, mit Pommes frites, Salat u.ä., Verzehr in Restaurants, Cafés, Bars, mit umfassender Bedienungsleistung";"1111 113"
"Schnitzel, Schweineschnitzel, frisch oder gefroren";"0112 220"
"Schnitzelmaschinen, nichtelektrisch, Küchenmaschinen";"0532 102"
"Schnitzelmühlen, nichtelektrisch, Küchenmaschinen";"0532 102"
"Schnitzmesser";"0552 105"
"Schnitzwerkzeuge";"0552 105"
"Schnorchel";"0912 302"
"Schnullerbänder, aus unedlem Metall, Kunststoff, Holz u.Ä.";"0540 329"
"Schnuller für Babys";"0540 326"
"Schnullerketten";"0540 329"
"Schnupftabak (einschl. in Cafés, Restaurants, Tankstellen, öffentlichen Verkehrsmitteln eingekauftem Schnupftabak)";"0230 902"
"Schnupftabakdosen aus Edelmetall oder Schmucksteinen";"1329 136"
"Schnupftücher aus textilem Material";"0313 109"
"Schnüre, Gardinenzubehör";"0521 101"
"Schnürriemen für Damenschuhe";"0321 290"
"Schnürriemen für Herrenschuhe";"0321 190"
"Schnürriemen für Kinderschuhe";"0321 390"
"Schnürsenkel für Damenschuhe";"0321 290"
"Schnürsenkel für Herrenschuhe";"0321 190"
"Schnürsenkel für Kinderschuhe";"0321 390"
"Schoco Mac (Milch-Schoko-Creme)";"0118 509"
"Schokoküsse, Schaumküsse";"0118 509"
"Schokoladen, in Stangen";"0118 503"
"Schokoladen, Tafelschokoladen";"0118 503"
"Schokoladendragees";"0118 509"
"Schokoladenkringel";"0118 509"
"Schokoladenkroketten";"0118 509"
"Schokoladenmasse mit einem Kakaoanteil von 50 % oder mehr";"0118 507"
"Schokoladenplätzchen";"0118 509"
"Schokoladenpulver mit einem Kakaoanteil von 50 % oder mehr, Dessertzubereitungen und Küchenzutaten, mit Kakaoanteil";"0118 507"
"Schokoladensirup mit einem Kakaoanteil von 50 % oder mehr, Dessertzubereitungen und Küchenzutaten, mit Kakaoanteil";"0118 507"
"Schokoladenstreusel";"0118 509"
"Scholle, frisch, gekühlt";"0113 101"
"Scholle, gefroren";"0113 102"
"Schonbezüge für Kraftfahrzeuge";"0721 305"
"Schoner, z.B. zum Inliner fahren";"0922 119"
"Schönheitsbehandlung in einem Krankenhaus";"0631 002"
"Schönheitspflege, Gesichtskosmetik,  Packungen und andere Dienstleistungen";"1313 201"
"Schönheitspflege, Haarentfernung";"1313 204"
"Schönheitspflege  ohne Gesichtskosmetik und Haarentfernung";"1313 204"
"Schönheitsreparaturen von Malern und Tapezierern, an Eigentümerwohnungen";"0432 004"
"Schönheitsreparaturen von Malern und Tapezierern, an Mietwohnungen, auf Kosten der Vermieterinnen und Vermieter";"1675 100"
"Schönheitsreparaturen von Malern und Tapezierern, an Mietwohnungen";"0432 004"
"Schöpfkellen, Küchengeräte";"0540 321"
"Schornsteinfegergebühren, Ausgaben der Eigentümerinnen und Eigentümer für vermietete Wohnungen";"1679 400"
"Schornsteinfegergebühren, Ausgaben der Wohnungsinhaberinnen und Wohnungsinhaber (ohne Umlagen)";"0444 902"
"Schrankbetten, Bestandteile von Wohnzimmerschrankwänden";"0511 114"
"Schränke, Badmöbel, andere";"0511 140"
"Schränke, Bücherschränke";"0511 114"
"Schränke, Esszimmerschränke";"0511 114"
"Schränke, Garderobenschränke";"0511 170"
"Schränke, Kleiderschränke";"0511 125"
"Schränke, Küchenschränke";"0511 133"
"Schränke, Teile für Badezimmer";"0511 140"
"Schränke, Werkzeugschränke";"0552 105"
"Schränke, Wohnzimmerschränke";"0511 114"
"Schränke (ohne Geldschränke), Aktenschränke";"0511 160"
"Schrankpapier";"0561 902"
"Schrankwände (auch als Raumteiler)";"0511 114"
"Schrauben";"0561 905"
"Schraubenschlüssel";"0552 105"
"Schraubenwinden";"0552 105"
"Schraubenzieher";"0552 105"
"Schraubenzubehör";"0561 905"
"Schraubhaken, grobe Drahtwaren";"0561 905"
"Schraubknechte";"0552 105"
"Schraubösen, grobe Drahtwaren";"0561 905"
"Schraubstöcke";"0552 105"
"Schraubzwingen";"0552 105"
"Schrebergärten, Pachten, Ausgaben";"1695 000"
"Schrebergärten, Pachten, Einnahmen";"0021 1"
"Schreckschusspistolen";"0922 114"
"Schreibarbeiten, Entgelte";"1390 909"
"Schreibblöcke";"0974 001"
"Schreibfedern";"0974 006"
"Schreibgebühren, Entgelte für Bedürfnisanstalten, Gebühren für Stellen- u.a. Vermittlung, Eheberatung, Personenschutz, Auktionen,  Vermögensverwaltung,";"1390 909"
"Schreibhefte";"0974 002"
"Schreibkohle";"0974 005"
"Schreibkreide";"0974 005"
"Schreibmappen";"1329 113"
"Schreibmaschinen";"0813 205"
"Schreibmaschinenpapier";"0974 003"
"Schreibtafeln";"0974 009"
"Schreibtische";"0511 160"
"Schreibtischgarnituren";"0974 006"
"Schreibtischstühle";"0511 160"
"Schreibunterlagen";"0974 006"
"Schrittzähler für Sport im Freien, Fitnesstracker";"0819 100"
"Schrot, Futter für Haustiere";"0932 201"
"Schrotbrot";"0111 313"
"Schrot- und Vollkornbrot (einschl. Pumpernickel)";"0111 313"
"Schrubber";"0561 121"
"Schrubberstiele";"0561 121"
"Schubkarren";"0552 104"
"Schufa-Auskunft";"1390 909"
"Schuhabsätze für Damenschuhe";"0321 290"
"Schuhabsätze für Herrenschuhe";"0321 190"
"Schuhabsätze für Kinderschuhe";"0321 390"
"Schuhänderungen";"0322 000"
"Schuhanzieher für Damenschuhe";"0561 909"
"Schuhanzieher für Herrenschuhe";"0561 909"
"Schuhanzieher für Kinderschuhe";"0561 909"
"Schuhbänder für Damenschuhe";"0321 290"
"Schuhbänder für Herrenschuhe";"0321 190"
"Schuhbänder für Kinderschuhe";"0321 390"
"Schuhbeschlag für Damenschuhe";"0321 290"
"Schuhbeschlag für Herrenschuhe,";"0321 190"
"Schuhbeschlag für Kinderschuhe";"0321 390"
"Schuhbeutel aus Leder, Kunststoff oder anderem Material (ohne aus textilem Material)";"1329 119"
"Schuhbeutel aus textilem Material";"0521 909"
"Schuhbürsten";"0561 117"
"Schuhcreme";"0561 117"
"Schuhe, Miete für";"0322 000"
"Schuhe, Reparaturen an";"0322 000"
"Schuheinlagen, orthopädisch";"0613 304"
"Schuheinlagen (ohne orthopädische),  für Damenschuhe";"0321 290"
"Schuheinlagen (ohne orthopädische), für Herrenschuhe";"0321 190"
"Schuheinlagen (ohne orthopädische), für Kinderschuhe";"0321 390"
"Schuheinlegesohlen für Damenschuhe";"0321 290"
"Schuheinlegesohlen für Herrenschuhe";"0321 190"
"Schuheinlegesohlen für  Kinderschuhe";"0321 390"
"Schuhfett";"0561 117"
"Schuhleisten für Damenschuhe";"0321 290"
"Schuhleisten für Herrenschuhe";"0321 190"
"Schuhleisten für  Kinderschuhe";"0321 390"
"Schuhmacherwerkzeuge";"0552 105"
"Schuhnägel für Damenschuhe";"0321 290"
"Schuhnägel für Herrenschuhe";"0321 190"
"Schuhnägel für Kinderschuhe";"0321 390"
"Schuhpflegemittel";"0561 117"
"Schuhputzen, Dienstleistungen";"0562 909"
"Schuhputzmittel";"0561 117"
"Schuhreparaturen und Miete von Schuhen";"0322 000"
"Schuhriemen für Damenschuhe,";"0321 290"
"Schuhriemen für Herrenschuhe";"0321 190"
"Schuhriemen für Kinderschuhe";"0321 390"
"Schuhschränke, Garderobenmöbel";"0511 170"
"Schuhsohlen für Damenschuhe";"0321 290"
"Schuhsohlen für Herrenschuhe";"0321 190"
"Schuhsohlen für Kinderschuhe";"0321 390"
"Schuhspanner für Damenschuhe";"0561 909"
"Schuhspanner für  Herrenschuhe";"0561 909"
"Schuhspanner für Kinderschuhe";"0561 909"
"Schuhzubehör (ohne Schuhspanner u.ä.) für Damenschuhe";"0321 290"
"Schuhzubehör (ohne Schuhspanner u.ä.) für Herrenschuhe";"0321 190"
"Schuhzubehör (ohne Schuhspanner u.ä.) für Kinderschuhe";"0321 390"
"Schularten mit mehreren Bildungsgängen, Sekundarbereich I, Dienstleistungen";"1020 010"
"Schulbücher";"0971 100"
"Schulden, Aufnahme bei anderen privaten Haushalten";"0085"
"Schulden, nicht zinslos, Tilgung bei anderen privaten Haushalten, Ausgaben";"1652 200"
"Schulden, Tilgung von anderen privaten Haushalten, Einnahmen";"0078 000"
"Schulden, Verzinsung bei anderen privaten Haushalten";"1652 500"
"Schulden, zinslos, Tilgung bei anderen privaten Haushalten, Ausgaben";"1652 300"
"Schuldverschreibungen, Kauf";"1685 100"
"Schuldverschreibungen, Verkauf";"0071 410"
"Schulen des Gesundheitswesens, einjährig, Sekundarbereich II, Dienstleistungen";"1020 030"
"Schulen des Gesundheitswesens (zwei- und dreijährig), tertiärer Nicht-Hochschulbereich";"1040 015"
"Schüleraustauschprogramme der Sekundarstufe I";"1020 010"
"Schüleraustauschprogramme der Sekundarstufe II";"1020 020"
"Schülerladenbeitrag";"1330 102"
"Schulfüller";"0974 004"
"Schulgeld für Fahrerlaubnis";"0724 310"
"Schulhefte (auch Ringbucheinlagen)";"0974 002"
"Schulkindergärten, Dienstleistungen";"1010 105"
"Schulmäppchen, leer";"1329 119"
"Schulmappen";"1329 115"
"Schulmilch, entrahmte Milch (Magermilch)";"0114 200"
"Schulmilch, Roh- und Vollmilch";"0114 100"
"Schulranzen aus Leder, Kunststoff oder anderem Material";"1329 115"
"Schulschikurse";"10"
"Schulspeisen, Verzehr in Kantinen, Mensen";"1112 100"
"Schulstarterpaket für Kinder eines bedürftigen Haushaltes, der nicht von Arbeitslosengeld II (Hartz IV) lebt";"0031 692"
"Schulstarterpaket für Kinder eines Haushaltes, der von Arbeitslosengeld II (Hartz IV) lebt und Sozialgeld nach dem Sozialgesetzbuch II (Grundsicherung für Arbeitssuchende)";"0031 530"
"Schultaschen (ohne Schulranzen)";"1329 115"
"Schulterpolster für Bekleidung";"0313 209"
"Schultüten, aus Pappe";"0561 902"
"Schultüten mit Schokoladenerzeugnissen gefüllt";"0118 509"
"Schulunabhängige Orientierungsstufen, Sekundarbereich I, Dienstleistungen";"1020 010"
"Schuluniformen";"0312 400"
"Schulvereine, Mitgliedsbeiträge";"1641 900"
"Schulvereine, Spenden und unregelmäßige Beiträge";"1642 900"
"Schürhaken, Schürstange, Schüreisen (Kaminzubehör)";"0552 208"
"Schürzen für Damen (einschl. Arbeitsbekleidung)";"0313 109"
"Schürzen für Herren, Arbeitsbekleidung";"0313 109"
"Schürzenstoffe";"0311 000"
"Schüsseln aus Glas";"0540 105"
"Schüsseln aus Holz";"0540 328"
"Schüsseln aus Kunststoff";"0540 328"
"Schüsseln aus Porzellan";"0540 105"
"Schüsseln aus Steingut u.a. feinkeramischen Stoffen";"0540 105"
"Schüsseln aus unedlem Metall";"0540 328"
"Schüssler-Salze, apothekenpflichtig, pflanzliche Arzneimittel und homöopathische Produkte";"0611 220"
"Schutzbrief, Prämien";"1639 800"
"Schützenfeste, Eintrittsgelder";"0946 101"
"Schutzfolien für Display";"0974 003"
"Schutzgebühren für Prospekte";"0973 004"
"Schutzgebühren für Werbemittel";"0973 004"
"Schutzhandschuhe aus Gummi, für den Haushalt";"0561 909"
"Schutzhelm (ohne Motorrad- und Fahrradhelme)";"0922 119"
"Schutzhüllen aus Kunststofffolien, für Ausweise u.ä.";"1329 116"
"Schutzhüllen für Gartenmöbel und Polsterauflagen, aus Kunststoff";"0540 329"
"Schutzkopfbedeckungen, Sicherheitskopfbedeckungen für das Baugewerbe und die Industrie (ohne Schutzhelme für Motorräder und Fahrräder, auch Sturzhelme mit Kamera (0721 303) und ohne Schutzhelme für den Sport (0922 119))";"0313 103"
"Schutzkopfbedeckungen für Motorräder und Fahrräder, auch Sturzhelme mit Kamera";"0721 303"
"Schutzmasken für Paintball";"0922 119"
"Schutzplanen für Fahrräder";"0721 308"
"Schwämme für den Haushalt";"0561 123"
"Schwämme für die Körperpflege";"1312 105"
"Schwämme für Schreibtafeln";"0974 006"
"Schwangerschaftstests";"0612 102"
"Schwartenholz für Brennzwecke";"0454 200"
"Schwartenmagen, Kochwurst (ohne Konserven)";"0112 503"
"Schwarzbier";"0213 001"
"Schwarzbrot";"0111 313"
"Schwärzen für Leder und Schuhe";"0561 117"
"Schwarztorf für Düngezwecke";"0931 101"
"Schwarzwurzeln, frisch oder gekühlt";"0117 102"
"Schwarzwurzeln, frisch oder gekühlt";"0117 409"
"Schweine, lebend";"0932 102"
"Schweinebauch, frisch oder gefroren";"0112 220"
"Schweinebauchlappen, frisch oder gefroren,";"0112 220"
"Schweinebraten, Konserven";"0112 508"
"Schweinebratenaufschnitt (ohne Konserven)";"0112 507"
"Schweinefett für Speisezwecke";"0115 900"
"Schweinefleisch, frisch oder gefroren (ohne Hackfleisch sowie Innereien)";"0112 220"
"Schweinefleisch, Konserven";"0112 508"
"Schweinefleisch, mariniert";"0112 509"
"Schweineflomen für Speisezwecke";"0115 900"
"Schweinefüße, frisch oder gefroren";"0112 400"
"Schweinegulasch, frisch oder gefroren";"0112 220"
"Schweinehackfleisch, frisch oder gefroren (ohne zubereitetes Hackfleisch)";"0112 220"
"Schweinehälften, frisch oder gefroren";"0112 220"
"Schweinekotelett, frisch oder gefroren";"0112 220"
"Schweineleber, frisch oder gefroren";"0112 400"
"Schweinerollbraten, frisch oder gefroren";"0112 220"
"Schweineschmalz für Speisezwecke";"0115 900"
"Schweineschnitzel, frisch oder gefroren";"0112 220"
"Schweinespeck, frisch oder gefroren";"0112 220"
"Schweinespeck, geräuchert oder getrocknet";"0112 310"
"Schweinespießbraten, frisch oder gefroren";"0112 220"
"Schweinsbratwürstchen (ohne Konserven)";"0112 502"
"Schweinskopf, frisch oder gefroren";"0112 400"
"Schweinskopfwurst, Brühwurst (ohne Konserven)";"0112 502"
"Schweißarbeiten an der Wohnung, auf Kosten der Eigentümerinnen und Eigentümer";"1675 100"
"Schweißarbeiten an der Wohnung, auf Kosten der Mieterinnen und der Mieter";"0432 009"
"Schweißblätter für Bekleidung";"0313 209"
"Schwimmbäder, Eintrittsgelder (ohne Thermalbäder)";"0946 201"
"Schwimmbecken, aufblasbar";"0922 209"
"Schwimmbecken, nicht für Kinder, auf Kosten der Eigentümerinnen und Eigentümer, werterhöhend";"1663 000"
"Schwimmbecken, nicht für Kinder, auf Kosten der Mieterinnen und der Mieter";"0431 108"
"Schwimmbecken für Kinder (nicht fest installiert)";"0912 901"
"Schwimmbretter";"0912 302"
"Schwimmbrillen";"0922 119"
"Schwimmflügel";"0922 119"
"Schwimmgürtel";"0922 119"
"Schwimmhilfen";"0922 119"
"Schwimmkurse";"0946 209"
"Schwimmnudeln";"0922 119"
"Schwimmreifen";"0922 119"
"Schwimmwesten";"0922 119"
"Science Fiction, Bücher";"0971 901"
"SD-Karten";"0815 004"
"SED-Staat, Entschädigung in Form von Kapital oder Unterstützungen nach dem Bundesversorgungsgesetz";"0031 639"
"Seefische, frisch oder gekühlt";"0113 101"
"Seefische, gefroren";"0113 102"
"Seefische, geräuchert";"0113 200"
"Seefische, gesalzen";"0113 200"
"Seefische, getrocknet";"0113 200"
"Seefische, paniert (auch vorgebraten)";"0113 303"
"Seefischfilets, frisch oder gekühlt, nicht paniert";"0113 101"
"Seefischfilets, gefroren, nicht paniert";"0113 102"
"Seekarten auf CD-ROMs";"0952 001"
"Seekarten im Buchformat";"0973 003"
"Seelachs, frisch oder gekühlt";"0113 101"
"Seelachs, gefroren";"0113 102"
"Seelachs, in Öl, Konserven";"0113 301"
"Seelachsfilets, frisch oder gekühlt, nicht paniert";"0113 101"
"Seelachsfilets, gefroren, nicht paniert";"0113 102"
"Seeschnecken, frisch oder gekühlt  (ohne Konserven)";"0113 401"
"Seeschnecken, gefroren (ohne Konserven)";"0113 402"
"Seezungen, frisch oder gekühlt";"0113 101"
"Seezungen, gefroren";"0113 102"
"Segelboote";"0912 301"
"Segelflugzeuge";"0912 200"
"Segel für Segelboote";"0912 304"
"Segel für Windsurfer";"0912 302"
"Segelkurse";"0946 209"
"Segways, elektrische Zweiräder mit Geschwindigkeitsbegrenzung bis 20 km/h";"0912 901"
"Segways, Miete von";"0942 204"
"Segwheels, elektrische Zweiräder mit Geschwindigkeitsbegrenzung bis 20 km/h";"0912 901"
"Sehtest, Dienstleistung für den Führerschein";"0724 310"
"Sehtest beim Optiker";"0623 105"
"Seidenblumen";"0931 213"
"Seidenpapier";"0561 902"
"Seifenbehälter";"0540 105"
"Seifenflocken für den Haushalt (ohne Feinseifen)";"0561 115"
"Seifen für den Haushalt (ohne Feinseifen)";"0561 115"
"Seifen für die Körperpflege, Feinseifen";"1312 216"
"Seifenlösungen für den Haushalt (ohne Feinseifen)";"0561 115"
"Seifennäpfe";"0540 105"
"Seifenschalen";"0540 105"
"Seifenspäne für den Haushalt (ohne Feinseifen)";"0561 115"
"Seiher, Küchengeräte";"0540 321"
"Seilbahnfahrten (ohne Personenbeförderung in Skigebieten oder Ferienzentren)";"0736 001"
"Seilbahnfahrten in Skigebieten oder Ferienzentren";"0946 205"
"Seile, Wäscheseile";"0561 909"
"Sekt, Verzehr in Kantinen, Mensen, a.n.g.";"1112 900"
"Sekt, Verzehr in Kantinen, Mensen von Hochschulen";"1112 100"
"Sekt, Verzehr in Restaurants, Cafés, Bars, mit umfassender Bedienungsleistung";"1111 143"
"Sekt mit Alkohol";"0212 148"
"Sekt ohne Alkohol";"0212 142"
"Selbstauslöser für Foto- und Filmgeräte";"0911 202"
"Selbstbräunerlotion";"1312 234"
"Selbstgenutzte Eigentumswohnungen, Mietwert, Einnahmen";"0021 200"
"Selbstgenutzte Garagen, Mietwert, Einnahmen";"0021 200"
"Selbstgenutzte Gärten, Wochenendgrundstücke u.ä., Pachtwert, Einnahmen";"0021 1"
"Selbstgenutzte gewerbliche Räume im eigenen Wohngebäude, Mietwert, Einnahmen";"0021 1"
"Selbstgenutztes Einfamilienhaus, Mietwert, Einnahmen";"0021 200"
"Selbstklebefolien aus Kunststoff, Dekofolien";"0561 902"
"Selbstschutzwaffen";"0922 114"
"Sellerieknollen, frisch oder gekühlt";"0117 409"
"Selleriepulver";"0119 402"
"Selleriesalz";"0119 402"
"Selleriestengel, frisch oder gekühlt";"0117 102"
"Selterswässer, Verzehr in Kantinen, Mensen, a.n.g.";"1112 900"
"Selterswässer, Verzehr in Kantinen, Mensen von Hochschulen, Schulen und Kindergärten";"1112 100"
"Selterswässer, Verzehr in Restaurants, Cafés, Bars, mit umfassender Bedienungsleistung";"1111 151"
"Selterswässer";"0125 000"
"Semestergebühren für Dienstleistungen der Bildungseinrichtungen des Hochschulbereichs";"1040 025"
"Semestergebühren für Dienstleistungen der Bildungseinrichtungen des tertiären Nicht-Hochschulbereichs";"1040 015"
"Seminargebühren";"1050 900"
"Semmelbrösel";"0111 319"
"Semmelknödel, tiefgefroren";"0119 909"
"Semmeln";"0111 320"
"Sendegeräte, Funkgeräte (ohne solche für Kraftfahrzeuge)";"0814 013"
"Senf";"0119 303"
"Senfgurken, Sauerkonserven, mit Essig haltbar gemacht";"0117 911"
"Senfmehl";"0119 304"
"Seniorenresidenzen mit ärztlicher Betreuung";"0632 002"
"Sensen";"0552 104"
"Servermiete";"0839 909"
"Services aus Glas, Tafelgeschirr (ohne Trinkglasgarnituren)";"0540 102"
"Services aus Holz";"0540 328"
"Services aus Kunststoff";"0540 328"
"Services aus Metall, Tafelgeschirr";"0540 328"
"Services aus Porzellan";"0540 102"
"Services aus Steingut und aus feinkeramischen Stoffen";"0540 102"
"Service-Verträge für Wartung, Verschleißreparaturen u. gesetzliche Untersuchungen für Kraftfahrzeuge, über den Kaufpreis hinaus";"0723 012"
"Service-Verträge für Wartung, Verschleißreparaturen u. gesetzliche Untersuchungen für Krafträder über den Kaufpreis hinaus";"0723 015"
"Servierbretter";"0561 909"
"Servierwagen";"0511 409"
"Servietten aus Papier";"0561 902"
"Servietten aus textilem Material";"0521 301"
"Serviettenringe aus Edelmetall";"0540 328"
"Serviettenringe aus Holz";"0540 328"
"Serviettenringe aus Kunststoff";"0540 328"
"Serviettenringe aus Porzellan";"0540 105"
"Serviettenringe aus Steingut u.a. feinkeramischen Stoffen";"0540 105"
"Serviettenringe aus unedlem Metall";"0540 328"
"Serviettenständer aus Edelmetall";"0540 328"
"Serviettenständer aus Holz";"0540 328"
"Serviettenständer aus Kunststoff";"0540 328"
"Serviettenständer aus Porzellan";"0540 105"
"Serviettenständer aus Steingut u.a. feinkeramischen Stoffen";"0540 105"
"Serviettenständer aus unedlem Metall";"0540 328"
"Sesamöl für Speisezwecke";"0115 109"
"Sessel, Polstermöbel";"0511 112"
"Sesselliftfahrten (ohne Personenbeförderung in Skigebieten oder Ferienzentren)";"0736 001"
"Sesselliftfahrten in Skigebieten oder Ferienzentren";"0946 205"
"Sesselpolstern, Reparaturen";"0512 000"
"Sets bestehend aus Farben, Pinsel, Malgründen u.ä.";"0974 008"
"Sets zum Teppichknüpfen";"0313 201"
"Setzfische, lebend";"0932 103"
"Setzlinge, Blumen- und Zierpflanzen, Vermehrungsgut";"0931 227"
"Sexspielzeug";"1329 139"
"Shampoo für Haare";"1312 211"
"Shampooniermaschinen für Teppiche";"0531 400"
"Shapeware für Damen";"0312 271"
"Sherry";"0212 150"
"Shorts u.a. kurze Hosen, für Damen (ohne Sporthosen)";"0312 227"
"Shorts u.a. kurze Hosen, für Herren (ohne kurze Jeanshosen und Sporthosen)";"0312 129"
"Shorts u.a. kurze Hosen, für Mädchen (ohne Sporthosen)";"0312 294"
"Sicheln";"0552 104"
"Sicherheitsglas für Kraftfahrzeuge";"0721 305"
"Sicherheitsgurte für Kraftfahrzeuge";"0721 202"
"Sicherheitskassetten aus Metall";"0540 325"
"Sicherheitsnadeln";"0561 909"
"Sicherheitsschlösser (nicht für Kraftfahrzeuge und Fahrräder)";"0552 208"
"Sicherheits-und Überwachungskameras";"0431 200"
"Sicherheitswesten für Hunde";"0932 202"
"Sicherungen, elektrische Installationsgeräte";"0552 204"
"Sicherungen für Kraftfahrzeuge";"0721 201"
"Sideboards";"0511 114"
"Siebe, Küchengeräte";"0540 321"
"Siegellack";"0974 007"
"Siegelringe aus Edelmetall";"1321 112"
"Siegelringe aus unedlem Metall";"1321 111"
"Signale für Modelleisenbahnen";"0921 206"
"Signalgeräte für Kraftfahrzeuge";"0721 201"
"Signallampen";"0552 204"
"Signalpfeifen, nichtelektronische Musikinstrumente";"0951 004"
"Signalpistolen";"0922 114"
"Silberbarren, nichtgewerblicher Kauf, Ausgaben";"1667 100"
"Silberbarren, nichtgewerblicher Verkauf, Einnahmen";"0063 000"
"Silbermünzen, soweit gesetzliche Zahlungsmittel, nichtgewerblicher Kauf, Ausgaben";"1667 500"
"Silbermünzen, soweit gesetzliche Zahlungsmittel, nichtgewerblicher Verkauf, Einnahmen";"0063 000"
"Silberpflegemittel";"0561 115"
"Silberschmiedewaren für die persönliche Ausstattung (ohne Schmuck, Bestecke und Tischgeräte)";"1329 136"
"Silberzwiebeln, Sauerkonserven, mit Essig haltbar gemacht";"0117 912"
"Silicon";"0431 108"
"Sinfoniekonzerte, Eintrittsgelder (einschl. Garderobe, Programm)";"0961 004"
"Singvögel, lebend, Zimmervögel";"0932 103"
"Sirup, Fruchtsirup";"0121 008"
"Sirup, Rübensirup";"0118 202"
"Sisalläufer";"0431 106"
"Sisalteppiche";"0431 106"
"Sitzbadewannen, Einbaubadewannen für die Wohnungsinstandsetzung, auf Kosten der Eigentümerinnen und Eigentümer";"1675 100"
"Sitzbadewannen, Einbaubadewannen für die Wohnungsinstandsetzung, auf Kosten der Mieterinnen und der Mieter";"0431 108"
"Skatcomputer (einschl. Software)";"0921 100"
"Skateboards";"0922 119"
"Skatspiele (ohne Skatcomputer)";"0921 201"
"Ski, Wintersportartikel";"0922 112"
"Skianzüge für Damen";"0922 118"
"Skianzüge für Herren";"0922 118"
"Skianzüge für Jungen";"0922 118"
"Skianzüge für Mädchen";"0922 118"
"Skiausrüstungen, Miete für";"0946 208"
"Skibindungen, Einstellung von";"0944 000"
"Skibindungen, Wintersportartikel";"0922 112"
"Skibrillen";"1329 135"
"Skihosen für Damen";"0922 118"
"Skihosen für Herren";"0922 118"
"Skihosen für Jungen";"0922 118"
"Skihosen für Mädchen";"0922 118"
"Skijacken für Damen";"0922 118"
"Skijacken für Herren";"0922 118"
"Skijacken für Jungen";"0922 118"
"Skijacken für Mädchen";"0922 118"
"Skikurse";"0946 209"
"Skiliftfahrten in Ferienzentren";"0946 205"
"Skimützen, gewirkt oder gestrickt";"0313 101"
"Skipisten, Benutzungsentgelte für";"0946 205"
"Skischuhe, Spezialsportschuhe für Herren, Damen und Kinder";"0922 117"
"Skistöcke, Wintersportartikel";"0922 112"
"Skisturzhelme";"0922 119"
"Skiurlaub im Ausland";"0980 007"
"Slibowitz, Verzehr in Kantinen, Mensen, a.n.g.";"1112 900"
"Slibowitz, Verzehr in Kantinen, Mensen von Hochschulen";"1112 100"
"Slibowitz, Verzehr in Restaurants, Cafés, Bars, mit umfassender Bedienungsleistung";"1111 141"
"Slibowitz";"0211 040"
"Slipeinlagen";"1312 229"
"Slips für Damen";"0312 279"
"Slips für Herren";"0312 161"
"Slips für Jungen";"0312 188"
"Slips für Mädchen";"0312 298"
"Slips für Säuglinge, aus Gewebe";"0312 303"
"Smartballs";"1329 139"
"Smartphones, Kauf ohne Vertrag und ohne SIM-Karte";"0812 000"
"Smartwatches";"0819 100"
"SM-Kurs, Lebensrettende Sofortmaßnahmen im Zusammenhang mit dem Führerscheinerwerb";"0724 310"
"Snowboards";"0922 112"
"Socken für Damen, Feinstrümpfe";"0312 281"
"Socken für Damen (ohne Feinstrümpfe einschl. Sportstutzen u.Ä.)";"0312 282"
"Socken für Herren (einschl. Sportstutzen u.Ä.)";"0312 170"
"Socken für Jungen";"0312 188"
"Socken für Mädchen";"0312 298"
"Socken für Säuglinge";"0312 303"
"Sockenhalter";"0313 109"
"Sodaclub, Wassermaxx";"0532 209"
"Sodawässer, Verzehr in Kantinen, Mensen, a.n.g.";"1112 900"
"Sodawässer, Verzehr in Kantinen, Mensen von Hochschulen, Schulen und Kindergärten";"1112 100"
"Sodawässer, Verzehr in Restaurants, Cafés, Bars, mit umfassender Bedienungsleistung";"1111 151"
"Sodawässer";"0125 000"
"Sodawasser mit geringem Alkoholanteil";"0219 020"
"Sofakissen (ohne einzelne Bezüge)";"0521 909"
"Sofakissenbezüge";"0521 909"
"Sofas";"0511 113"
"Sofortbildkameras";"0911 105"
"Soforthilfe, Corona-";"0031 639"
"Soforthilfe, Covid 19-";"0031 639"
"Sofortmaßnahmen am Unfallort, Kurs (lebensrettende Maßnahmen), Dienstleistung für den Führerschein";"0724 310"
"Software in Buchform, Schul- und Lehrbücher";"0971 100"
"Software in Buchform, Wörterbücher und Enzyklopädien";"0971 100"
"Sohlen für Damenschuhe";"0321 290"
"Sohlen für Herrenschuhe";"0321 190"
"Sohlen für Kinderschuhe";"0321 390"
"Sojabohnen, frisch oder gekühlt";"0117 300"
"Sojabohnenöl für Speisezwecke";"0115 109"
"Sojadrink";"0114 400"
"Sojaflocken für Speisezwecke";"0117 600"
"Sojamehl für Speisezwecke";"0117 922"
"Sojaöl für Speisezwecke";"0115 109"
"Sojasoße";"0119 304"
"Solaranlage auf Kosten der Eigentümerinnen und Eigentümer, werterhöhend";"1663 000"
"Solaranlagen, Photovoltaikanlagen, Einnahmen aus Stromeinspeisung";"0013 500"
"Solaranlagen auf Kosten der Mieterinnen und der Mieter, Reparaturen an";"0432 002"
"Solarenergie in Form von Strom";"0451 01"
"Solarien, Entgelte";"1313 203"
"Solarleuchten";"0511 309"
"Solarzellen für Wohnmobile";"0721 201"
"Soldatenbünde, laufende Beiträge";"1641 900"
"Soldatenbünde, Mitgliedsbeiträge";"1641 900"
"Soldatenbünde, Spenden und unregelmäßige Beitrage";"1642 900"
"Sold für das freiwillige Soziale Jahr";"0011 110"
"Solebäder, medizinisch";"0623 105"
"Sole für medizinische Bäder, pflanzliche Arzneimittel und homöopathische Produkte";"0611 220"
"Soleier";"0114 807"
"Solidaritätszuschlag";"1611 500"
"Solid State Disks, extern";"0815 005"
"Solid State Disks, interne";"0819 201"
"Sommermäntel für Damen (ohne Sportbekleidung)";"0312 218"
"Sommermäntel für Herren (ohne Sportbekleidung)";"0312 117"
"Sommermäntel für Jungen";"0312 182"
"Sommermäntel für Mädchen";"0312 292"
"Sommerreifen für Kraftwagen (einschl. Montage und Auswuchten beim Kauf)";"0721 111"
"Sondermüllabfuhrgebühren, Ausgaben der Wohnungsinhaberinnen und Wohnungsinhaber (ohne Umlagen)";"0442 000"
"Sonderschulen (Jahrgangsstufen 11 bis 13), Sekundarbereich II, allgemeinbildend, Dienstleistungen";"1020 020"
"Sonderschulen (Klassenstufen 1 bis 4), Dienstleistungen";"1010 200"
"Sonderschulen (Klassenstufen 5 bis 10), Sekundarbereich I, Dienstleistungen";"1020 010"
"Sonderschulen im Elementarbereich, Dienstleistungen";"1010 105"
"Sonnenblenden aus Kunststoff, für die Wohnung";"0521 101"
"Sonnenblenden für Kraftfahrzeuge";"0721 202"
"Sonnenblumenkerne, für Speisezwecke";"0119 402"
"Sonnenblumenkerne, Futtermittel für Haustiere";"0932 201"
"Sonnenblumenkerne";"0119 402"
"Sonnenblumenöl für Speisezwecke";"0115 109"
"Sonnenbrillengläser (ohne optisch nicht bearbeitete Sonnenbrillengläser)";"0613 102"
"Sonnenbrillen mit optisch bearbeiteten Gläsern";"0613 102"
"Sonnenbrillen mit optisch nicht bearbeiteten Gläsern";"1329 135"
"Sonnenmilch";"1312 234"
"Sonnenöl";"1312 234"
"Sonnenschirme, Gartenschirme";"0521 902"
"Sonnenschirmständer";"0931 105"
"Sonnenschutzmittel";"1312 234"
"Sonnenschutzrollos";"0521 101"
"Sonnenschutzvorrichtungen";"0521 902"
"Sonnensegel";"0521 902"
"Sonntagszeitungen im Abonnement (ohne Internetabonnement)";"0972 104"
"Sonntagszeitungen im Einzelverkauf";"0972 101"
"Sonntagszeitungen im Internetabonnement";"0972 107"
"Sorbet, für den Hausverbrauch";"0118 600"
"Soßen, süß";"0119 904"
"Soßen (ohne süße Soßen)";"0119 304"
"Soßenansätze (ohne solche für süße Soßen)";"0119 304"
"Soßenpulver (ohne solches für süße Soßen)";"0119 304"
"Soßenpulver für Süßspeisen";"0119 904"
"Soßenwürzen";"0119 304"
"Soundbars";"0814 016"
"Soziale Pflegeversicherung, Pflichtbeiträge der freiwillig Versicherten in der gesetzlichen Krankenversicherung";"1623 000"
"Soziale Pflegeversicherung, Pflichtbeiträge der Pflichtversicherten in der gesetzlichen Krankenversicherung";"1623 000"
"Sozialgeld und Arbeitslosengeld II (Hartz IV) nach dem SGB II (Grundsicherung für Arbeitssuchende), Zuschuss für Wohnkosten (Unterkunft und Heizkosten (KdU)";"0031 532"
"Sozialgeld und Arbeitslosengeld II (Hartz IV) nach dem SGB II (Grundsicherung für Arbeitssuchende)";"0031 530"
"Sozialhilfe, Rückzahlung";"1649 002"
"Sozialhilfe nach dem Bundessozialhilfegesetz, einmalige und unregelmäßige Einnahmen";"0031 616"
"Sozialhilfe nach dem Bundessozialhilfegesetz, laufende Einnahmen";"0031 615"
"Sozialversicherungsbeiträge für anderes Hauspersonal, z.B. für Haushälterinnen, Butler, Köchinnen, Köche, Hauslehrer, Hauslehrerinnen, Au-pairs, Sekretärinnen, Sekretäre, Erzieherinnen, Erzieher, Personal für Fahrdienste, Gartenpflege, Bügelarbeiten";"0562 100"
"Sozialversicherungsbeiträge für anderes Hauspersonal, zur Betreuung von älteren Personen";"0562 100"
"Sozialversicherungsbeiträge für Hauspersonal zur Kinderbetreuung, Arbeitgeberanteil";"0562 100"
"Sozialwerk, Mitgliedsbeiträge";"1641 100"
"Soziusbänke für Krafträder";"0721 308"
"Spachtel, Werkzeuge";"0552 105"
"Spachtelmassen für Schönheitsreparaturen, auf Kosten der Wohnungsinhaberinnen und Wohnungsinhaber";"0431 103"
"Spachteln von Kraftwagenkarosserien";"0723 021"
"Spaghetti, Verzehr in Kantinen, Mensen, a.n.g.";"1112 900"
"Spaghetti, Verzehr in Kantinen, Mensen von Hochschulen, Schulen und Kindergärten";"1112 100"
"Spaghetti, Verzehr in Restaurants, Cafés, Bars, mit umfassender Bedienungsleistung";"1111 116"
"Spaghetti";"0111 500"
"Spalterbsen";"0117 600"
"Spanferkel, frisch oder gefroren";"0112 220"
"Spangen, Haarspangen";"1312 102"
"Spanischkurse, nicht zum Erwerb von Berufsabschlüssen";"1050 900"
"Spankörbe";"0540 325"
"Spannbettlaken";"0521 204"
"Spannbetttücher";"0521 204"
"Spanner für Damenschuhe";"0561 909"
"Spanner für Herrenschuhe";"0561 909"
"Spanner für Kinderschuhe";"0561 909"
"Spanngardinen aus textilem Material, konfektioniert";"0521 101"
"Spanngurte für KFZ, auch mit Ratsche";"0721 305"
"Spanngurte für Koffer, auch mit Ratsche";"1329 119"
"Spannsägen";"0552 105"
"Spannzeuge";"0552 105"
"Spanplatten";"0431 108"
"Sparbriefe, Kauf";"1685 100"
"Sparbriefe, Verkauf";"0071 410"
"Sparbücher, Abhebungen";"0071 100"
"Sparbücher, Einzahlungen, Beiträge vermögenswirksamer Leistungen";"1681 900"
"Sparbücher, Einzahlungen (ohne vermögenswirksame Leistungen)";"1681 100"
"Spardose, Einzahlung auf Sparbücher";"1681 100"
"Spardosen, Kauf von";"0540 327"
"Spargel, frisch oder gekühlt";"0117 102"
"Spargelkonserven";"0117 919"
"Spargelpulver";"0119 402"
"Spargelschäler, nicht elektrisch";"0540 203"
"Sparkassengebühren, ohne Überweisungsgebühren, a.n.g.";"1222 000"
"Sparkassengebühren, Überweisungsgebühren";"1229 100"
"Sparkästen in Gaststätten, Vereinen, Einzahlungen";"1681 100"
"Sparkonten, Abhebungen";"0071 100"
"Sparkonten, Einzahlungen";"1681 100"
"Sparprämien";"0031 639"
"Sparschwein, Einzahlung";"1681 100"
"Spas, für nicht medizinische Zwecke";"1313 204"
"Spaten";"0552 104"
"Spätzle";"0111 500"
"Spazierstöcke";"1329 139"
"Speck, frisch";"0112 220"
"Speck, getrocknet oder geräuchert (ohne frischen Schinkenspeck und Konserven)";"0112 310"
"Speditionsleistungen für Möbeltransporte (einschl. Möbellagerung)";"0749 100"
"Speichen für Fahrräder";"0721 208"
"Speicherchips für Digitalkamera u.a. transportable Geräte";"0815 004"
"Speicherheizgeräte, elektrisch, Raumheizgeräte";"0531 306"
"Speicherkarte für Digitalkamera u.a. transportable Geräte";"0815 004"
"Speichersticks und USB-Sticks";"0815 005"
"Speiseeis, Verzehr in Kantinen, Mensen, a.n.g.";"1112 900"
"Speiseeis, Verzehr in Kantinen, Mensen von Hochschulen, Schulen und Kindergärten";"1112 100"
"Speiseeis, Verzehr in Restaurants, Cafés, Bars, Eissalons, mit umfassender Bedienungsleistung";"1111 122"
"Speiseeis für den Hausverbrauch";"0118 600"
"Speiseeis im Straßenverkauf, mit Getränken";"1111 204"
"Speiseeis im Straßenverkauf, ohne Getränke";"1111 205"
"Speiseeispulver";"0118 909"
"Speiseerbsen, frisch";"0117 300"
"Speiseerbsen, gefroren";"0117 809"
"Speiseerbsen, Konserven (auch mit Möhren)";"0117 915"
"Speiseessig";"0119 302"
"Speisefarbe";"0119 909"
"Speisefette, pflanzlich (ohne Margarine)";"0115 300"
"Speisefette, tierischen Ursprungs (ohne Butter, Milchhalbfett, Butterschmalz)";"0115 900"
"Speisegelatine";"0119 909"
"Speisekartoffeln, frisch oder gekühlt";"0117 501"
"Speisemöhren, frisch oder gekühlt";"0117 403"
"Speisen, Verzehr in Kantinen, Mensen, a.n.g.";"1112 900"
"Speisen, Verzehr in Kantinen, Mensen von Hochschulen, Schulen und Kindergärten";"1112 100"
"Speiseöle pflanzlichen Ursprungs (ohne Olivenöl)";"0115 109"
"Speisequark";"0114 506"
"Speisesalz";"0119 301"
"Speisetalg";"0115 900"
"Speisezutaten, Senf";"0119 303"
"Speisezutaten, z.B. Gelatine";"0119 909"
"Speisezutaten, z.B. Tortenguss";"0119 909"
"Speisezwiebeln, frisch oder gekühlt";"0117 401"
"Spekulatius";"0111 351"
"Spenden, Tierschutzverein";"1642 900"
"Spenden an das Rote Kreuz u.ä. Organisationen";"1642 100"
"Spenden an den Caritasverband";"1642 100"
"Spenden an die Arbeiterwohlfahrt";"1642 100"
"Spenden an die Innere Mission";"1642 100"
"Spenden an kirchliche Missionen";"1642 100"
"Spenden für Geburtstage, Hochzeiten, Sterbefälle u.ä., Ausgaben";"1643 200"
"Spenden für Hochwasseropfer";"1642 900"
"Spenden und unregelmäßige Überträge an Arbeitnehmerorganisationen";"1642 500"
"Spenden und unregelmäßige Überträge an Frauenverbände";"1642 900"
"Spenden und unregelmäßige Überträge an Gewerkschaften";"1642 500"
"Spenden und unregelmäßige Überträge an Heimatvereine u.ä.";"1642 200"
"Spenden und unregelmäßige Überträge an Kirchen und karitative Einrichtungen";"1642 100"
"Spenden und unregelmäßige Überträge an Landsmannschaften";"1642 900"
"Spenden und unregelmäßige Überträge an Mietervereine";"1642 900"
"Spenden und unregelmäßige Überträge an Organisationen der Bildung, Wissenschaft, Forschung und Kultur";"1642 200"
"Spenden und unregelmäßige Überträge an Organisationen der freien Jugendhilfe";"1642 100"
"Spenden und unregelmäßige Überträge an Organisationen der freien Wohlfahrtspflege";"1642 100"
"Spenden und unregelmäßige Überträge an Organisationen des Gesundheitswesens";"1642 200"
"Spenden und unregelmäßige Überträge an politische Parteien";"1642 700"
"Spenden und unregelmäßige Überträge an religiöse und weltanschauliche Vereinigungen";"1642 100"
"Spenden und unregelmäßige Überträge an Schulvereine";"1642 900"
"Spenden und unregelmäßige Überträge an Soldatenbünde";"1642 900"
"Spenden und unregelmäßige Überträge an Sportvereine und Sportorganisationen";"1642 300"
"Spenden und unregelmäßige Überträge an Studentenvereinigungen";"1642 900"
"Spenden und unregelmäßige Überträge an Verbraucherverbände";"1642 900"
"Spenden und unregelmäßige Überträge an Vereinigungen von Kriegs- und Zivilbeschädigten";"1642 900"
"Sperrholzplatten";"0431 108"
"Spesen, Erstattung von Ausgaben für geschäftliche und dienstliche Zwecke";"0095 000"
"Spezialbenzin für Reinigungszwecke";"0561 119"
"Spezialleichtathletikschuhe mit Spikes";"0922 117"
"Spezialsportschuhe, Miete für";"0946 208"
"Spezialwaschmittel";"0561 111"
"Spezialwerkzeuge für Kraftfahrzeuge";"0721 305"
"Spicknadeln";"0561 909"
"Spiegel für Badezimmer";"0511 140"
"Spiegel für die Körperpflege (ohne solche aus Edelmetall)";"1312 105"
"Spiegel für Garderoben";"0511 170"
"Spiegel für Kraftfahrzeuge";"0721 202"
"Spiegelreflexkameras (auch APS-Kameras)";"0911 101"
"Spiegelschränke, Badezimmermöbel";"0511 140"
"Spielautomaten, Entgelte für Benutzung";"0946 101"
"Spielautomaten";"0912 905"
"Spielbankeinsätze";"1647 000"
"Spielbanken, Eintrittsgelder";"0946 101"
"Spielbankgewinne";"0033 410"
"Spielcomputer mit TV-Anschluss (einschl. Software)";"0921 100"
"Spiele-Apps, Miete von Spielesoftware und Abonnementgebühren für Onlinespiele";"0943 100"
"Spiele-Apps";"0921 100"
"Spiele für Spielekonsolen, Miete von Spielesoftware und Abonnementgebühren für Onlinespiele";"0943 100"
"Spiele für Spielekonsolen";"0921 100"
"Spieleinsätze für Lotto, Toto, Lotterie, Spielbank, Rennwette u.ä.";"1647 000"
"Spielesammlungen";"0921 201"
"Spielgewinne von privaten Haushalten";"0033 420"
"Spielgruppen";"1330 101"
"Spielkarten";"0921 201"
"Spielkonsolen";"0921 100"
"Spieluhren, nichtelektronische Musikinstrumente";"0951 004"
"Spiel- und Sportgeräte , größere, Reparaturen an";"0942 208"
"Spielverluste bei Lotto, Toto, Lotterie, Spielbank, Rennwette u.ä.";"1647 000"
"Spielzeuge für Heimtiere";"0932 202"
"Spielzeugmotoren";"0921 205"
"Spielzimmereinrichtungen, komplett";"0511 150"
"Spießbraten, Schweinespießbraten, frisch oder gefroren";"0112 220"
"Spieße für Fleisch";"0561 909"
"Spinat, frisch oder gekühlt";"0117 102"
"Spinat, gefroren";"0117 802"
"Spinette";"0951 002"
"Spinnräder";"0531 900"
"Spiralstäbe für Tomaten";"0931 105"
"Spirituosen, Verzehr in Kantinen, Mensen, a.n.g.";"1112 900"
"Spirituosen, Verzehr in Kantinen, Mensen von Hochschulen";"1112 100"
"Spirituosen, Verzehr in Restaurants, Cafés, Bars,  (ohne Liköre, einschl. Mischgetränke), mit umfassender Bedienungsleistung";"1111 141"
"Spirituosen, Verzehr in Restaurants, Cafés, Bars von Likören (einschl. Mischgetränke), mit umfassender Bedienungsleistung";"1111 142"
"Spirituosen-Mischgetränke , Alkoholgehalt >= 6 %";"0211 040"
"Spirituosen-Mischgetränke, Liköre, Verzehr in Restaurants, Cafés, Bars, mit umfassender Bedienungsleistung";"1111 142"
"Spirituosen-Mischgetränke, Verzehr in Kantinen, Mensen, a.n.g.";"1112 900"
"Spirituosen-Mischgetränke, Verzehr in Kantinen, Mensen von Hochschulen";"1112 100"
"Spirituosen-Mischgetränke ohne Liköre, Verzehr in Restaurants, Cafés, Bars, mit umfassender Bedienungsleistung";"1111 141"
"Spiritus, Brennspiritus";"0561 909"
"Spiritus, flüssig, Desinfektionsmittel";"0561 115"
"Spitzen für Bekleidung, Haushaltswäsche und Heimtextilien";"0313 209"
"Spitzkäse";"0114 504"
"Spitzkuchen, Dauerbackwaren";"0111 352"
"Splitklimageräte (auch mobil)";"0531 307"
"Sportartikel, Miete für Spezialsportschuhe";"0946 208"
"Sportartikel, Miete von größeren langlebigen Gebrauchsgütern, für die Freizeit, a.n.g., z.B. von Golfwagen, Elektro-Skateboards, -Tretrollern, Billardtischen; Reitpferden, einschl. Reitbeteiligungen; Booten und Flugzeugen";"0942 204"
"Sportartikeln, Reparaturen an";"0944 000"
"Sportbälle (ohne Tennis-, Tischtennisbälle u.ä.) für Sport im Freien";"0922 111"
"Sportbälle (ohne Tennis-, Tischtennisbälle u.ä.) für Sport in Räumen";"0922 121"
"Sportbandagen für Sport im Freien";"0922 119"
"Sportbandagen für Sport in Räumen";"0922 129"
"Sportbekleidung, Reparaturen an";"0314 200"
"Sportbeutel aus Leder, Kunststoff oder anderem Material";"1329 119"
"Sportboote, Miete für";"0942 204"
"Sporteinrichtungen, Entgelte für Benutzung (ohne Schwimmbäder)";"0946 204"
"Sportfahrräder";"0713 004"
"Sportflugzeuge, z.B. Segelflugzeuge";"0912 200"
"Sportgewehre";"0922 114"
"Sportgürtel, Sportartikel für Sport im Freien";"0922 119"
"Sportgürtel, Sportartikel für Sport in Räumen";"0922 129"
"Sporthemden für Damen";"0312 265"
"Sporthemden für Herren";"0312 155"
"Sporthemden für Jungen";"0312 181"
"Sporthemden für Mädchen";"0312 291"
"Sporthosen für Damen";"0312 265"
"Sporthosen für Herren";"0312 155"
"Sporthosen für Jungen";"0312 181"
"Sporthosen für Mädchen";"0312 291"
"Sportmatten, z.B. Iso-, Yoga-, Gymnastikmatten";"0922 129"
"Sportplätze, Miete";"0946 204"
"Sportschuhe für Damen (ohne Spezialsportschuhe)";"0321 250"
"Sportschuhe für Herren (ohne Spezialsportschuhe)";"0321 150"
"Sportschuhe für Kinder (ohne Spezialsportschuhe )";"0321 350"
"Sportstutzen für Damen";"0312 282"
"Sportstutzen für Herren";"0312 170"
"Sporttaschen aus Leder, Kunststoff oder anderem Material";"1329 119"
"Sporttauchergeräte";"0912 302"
"Sportunterricht, anderer Sportkurse, z.B. Reitunterricht, Ski-, Segelkurse, Aerobic";"0946 209"
"Sportunterricht, Tennis-, Squash- und Golfkurse";"0946 203"
"Sportveranstaltungen, Eintrittsgelder,  z.B. Pferderennen, Radrennen, Motorsportrennen, Bowlingbahnen, Sportstadien";"0946 300"
"Sportvereine und Sportorganisationen, laufende Beiträge";"1641 300"
"Sportvereine und Sportorganisationen, Mitgliedsbeiträge";"1641 300"
"Sportvereine und Sportorganisationen, Spenden und unregelmäßige Beiträge";"1642 300"
"Sportwaffen, Reparaturen an";"0944 000"
"Sportwaffen";"0922 114"
"Sportwagen, gebraucht";"0711 200"
"Sportwagen, Kinderwagen";"1329 121"
"Sportwagen";"0711 100"
"Sportzeitschriften";"0972 203"
"Sprachkurse, nicht zum Erwerb von Berufsabschlüssen";"1050 900"
"Sprachreisen im Ausland";"0980 011"
"Sprachtherapie";"0623 105"
"Sprachunterricht, nicht zum Erwerb von Berufsabschlüssen";"1050 900"
"Sprechfunk im Funknetz (einschl. monatlicher Grundgebühr)";"0832 240"
"Springbrunnen";"0511 409"
"Springformen, Backformen";"0540 313"
"Springrollos aus allen Materialien";"0521 101"
"Spritzbeutel für Gebäck";"0540 321"
"Spritzen für den Garten, motorisch angetrieben";"0551 001"
"Spritzen für den Garten, nichtmotorisch angetrieben";"0552 104"
"Spritzen ohne Medikamente, medizinische Produkte";"0612 305"
"Spritzgeräte für Gebäck, nichtelektrisch";"0540 321"
"Spritzpistolen für Lacke, elektrisch";"0551 002"
"Spritzschutzdeckel für Bratpfannen";"0540 321"
"Sprossengemüse, frisch oder gekühlt";"0117 102"
"Sprotten, frisch oder gekühlt";"0113 101"
"Sprotten, gefroren";"0113 102"
"Sprudel, Mineralwässer, Verzehr in Kantinen, Mensen, a.n.g.";"1112 900"
"Sprudel, Mineralwässer, Verzehr in Kantinen, Mensen von Hochschulen, Schulen und Kindergärten";"1112 100"
"Sprudel, Mineralwässer, Verzehr in Restaurants, Cafés, Bars, mit umfassender Bedienungsleistung";"1111 151"
"Sprudel, Mineralwässer";"0125 000"
"Sprühstärke für Wäsche";"0561 111"
"Sprungglocken für Pferde";"0922 116"
"Sprungrahmen";"0511 122"
"Spülbecken (ohne Spülen mit Unterschrank), Kauf auf Kosten der Mieterinnen und der Mieter";"0431 108"
"Spülbürsten";"0561 121"
"Spülen, Küchenschränke";"0511 133"
"Spülmaschinendeo";"0561 113"
"Spülmittel für Geschirrspülmaschinen";"0561 113"
"Spültücher für den Haushalt";"0561 123"
"Spurenelemente, Nahrungsergänzungsmittel";"0119 907"
"Squashkurse";"0946 203"
"Squashplätze, Miete für";"0946 204"
"SSDs, Solid State Disks, extern";"0815 005"
"Staatsschuldpapiere, Kauf";"1685 100"
"Staatsschuldpapiere, Verkauf";"0071 410"
"Stablampen";"0552 204"
"Stachelbeeren, frisch oder gekühlt";"0116 409"
"Stachelbeerkonserven";"0116 907"
"Stacheldraht";"0552 104"
"Städtereisen im Inland";"0980 001"
"Städtereisen ins Ausland";"0980 004"
"Stadtführer, Dienstleistungen";"0946 104"
"Stadtpläne auf CD-ROMs";"0952 001"
"Stadtpläne im Buchformat";"0973 003"
"Stadtrundfahrten, Fahrkarten im Nahverkehr (Orts-, Vororts- und Regionalverkehr)";"0732 101"
"Stadtrundfahrten, Fahrkarten zu Sonderkonditionen für den Schienennahverkehr der Eisenbahnunternehmen";"0731 119"
"Stadtrundfahrten, Fahrkarten zu Sonderkonditionen für den Schienennahverkehr der Hoch-, U-, Schwebe-, Straßenbahnen";"0731 209"
"Stadtrundfahrten, kombinierte Fahrausweise zu Sonderkonditionen in Verkehrsverbünden, Tarif- und Verkehrsgemeinschaften";"0735 019"
"Stahlbürsten";"0561 121"
"Stahlnägel";"0561 905"
"Stahlschränke";"0531 900"
"Stahlwolle, Topfreiniger, für den Haushalt";"0561 123"
"Stalldung für den Garten";"0931 101"
"Stammrosen, Ziergehölze";"0931 225"
"Stampfer, Küchengeräte";"0540 321"
"Standardanwendungssoftware für PC";"0820 000"
"Standardgarantien, Entgelte für Dienstleistungen (ohne Versicherungsbeiträge)";"1219 000"
"Ständer für Lautsprecherboxen";"0511 409"
"Standesamtsgebühren";"1390 901"
"Standgeld für Wohnwagen, Campingplatzgebühren (ohne Pauschalreisen und Dauermieten)";"1120 202"
"Standleuchten, elektrisch, Bodenleuchten für Wohnräume";"0511 309"
"Standseilbahnen (ohne Personenbeförderung in Skigebieten oder Ferienzentren)";"0736 001"
"Standuhren";"0511 408"
"Stand Up Paddle, Bord für";"0912 302"
"Stangenbohnen, frisch";"0117 300"
"Stangen für den Garten";"0931 105"
"Stangenkäse";"0114 504"
"Stangensellerie, frisch oder gekühlt";"0117 102"
"Stapelboxen aus Kunststoff, Haushaltsbehälter";"0540 325"
"Stärke, Stärkemehl";"0117 921"
"Stärken, Wäschestärken";"0561 111"
"Stärkezucker";"0118 208"
"Starterbatterien für Kraftfahrzeuge";"0721 201"
"Starterkabel für Kraftfahrzeuge";"0721 201"
"Startgeld für Wanderungen, Fahrradtouren, usw.";"0946 300"
"Startgeräte für Flugzeuge";"0912 200"
"Statikergebühren, Hausbau";"1661 000"
"Stationäre Amateurfunkgeräte";"0814 013"
"stationäre Behandlungen, auch zahnärztliche, die eine Übernachtung erfordern";"0631 002"
"Stationäre Rundfunkempfangsgeräte, kombiniert mit Tonaufnahme- und/oder -wiedergabegeräten, auch Uhrenradios mit Kassettengerät und/oder CD-Player (einschl. TV-/Rundfunkkombinationen)";"0814 012"
"Stationäre Rundfunkempfangsgeräte, nicht mit Tonaufnahme- und/oder -wiedergabegeräten kombiniert, z.B. Tuner, Receiver, Nostalgie-Radios";"0814 011"
"Stative für Foto- und Filmgeräte";"0911 202"
"Stative für Mikrofone";"0814 017"
"Statuetten für religiöse und rituelle Feierlichkeiten";"1322 000"
"Staubpinsel";"0561 121"
"Staubsauger, elektrisch";"0531 400"
"Staubsaugerbeutel";"0561 123"
"Staubsaugern, Reparaturen an";"0533 001"
"Staubschutzmasken aus Papier, Vlies oder Gewebe für Vorbeugungs- und Schutzmaßnahmen";"0612 209"
"Staubtücher für den Haushalt, nichtgetränkt";"0561 122"
"Staubwedel";"0561 121"
"Staubzucker (Puderzucker)";"0118 100"
"Stearinkerzen";"0561 903"
"Stechwerkzeuge";"0552 105"
"Steckdosen, elektrische Installationsgeräte";"0431 108"
"Steckdosenleisten, elektrische Installationsgeräte";"0431 108"
"Stecker, elektrische Installationsgeräte";"0431 108"
"Steckmoos";"0921 209"
"Stecknadeln";"0561 909"
"Steckrüben, Vermehrungsgut Gemüse";"0931 218"
"Steckzwiebeln von Blumen und Zierpflanzen, Vermehrungsgut";"0931 227"
"Stehlampen, elektrisch, Bodenleuchten für Wohnräume";"0511 309"
"Stehleitern für den Garten";"0552 101"
"Steinbuscher Käse";"0114 502"
"Steinbutt, frisch oder gekühlt";"0113 101"
"Steinbutt, gefroren";"0113 102"
"Steinhäger, Verzehr in Kantinen, Mensen, a.n.g.";"1112 900"
"Steinhäger, Verzehr in Kantinen, Mensen von Hochschulen";"1112 100"
"Steinhäger, Verzehr in Restaurants, Cafés, Bars, mit umfassender Bedienungsleistung";"1111 141"
"Steinhäger";"0211 040"
"Steinkohle (ohne Koks)";"0454 100"
"Steinkohlenbriketts";"0454 100"
"Steinkohlenkoks, Ausgaben der Wohnungsinhaberinnen und Wohnungsinhaber";"0454 900"
"Steinobst, frisch oder gekühlt, a.n.g.";"0116 309"
"Steinobst, frisch oder gekühlt, tropische Früchte";"0116 109"
"Steinobst, gefroren";"0116 600"
"Steinobst, getrocknet";"0116 700"
"Steinobstkonserven, z.B. Pflaumen-, Mirabellenkonserven";"0116 905"
"Steinpilze, frisch oder gekühlt";"0117 402"
"Steinpilze, Konserven";"0117 914"
"Steinplatten für den Garten";"0931 105"
"Steinwolle, Dämmmaterial für die Wohnungsinstandsetzung, auf Kosten der Eigentümerinnen und Eigentümer";"1675 100"
"Steinwolle, Dämmmaterial für die Wohnungsinstandsetzung, auf Kosten der Mieterinnen und der Mieter";"0431 108"
"Stellenvermittlung, Entgelte für Dienstleistungen";"1390 909"
"Stellplatzmiete für Boote";"0942 206"
"Stellplatzmiete für Pkw, Wohnanhänger (ohne Ferienstellplätze; ohne Mieten für Stellplätze, die zur Wohnung gehören)";"0724 102"
"Stellplatzmieten in Verbindung mit der Arbeit";"0724 102"
"Stemmeisen";"0552 105"
"Stempel";"0974 006"
"Stempelkissen";"0974 006"
"Stenoblöcke";"0974 002"
"Stenohefte";"0974 002"
"Steppbetten";"0521 202"
"Steppdecken";"0521 202"
"Steppenkäse";"0114 502"
"Sterbefälle, Amtsgebühren";"1390 901"
"Sterbefälle, Arzthonorare";"0623 105"
"Sterbegeld aus der gesetzlichen Krankenversicherung";"0031 420"
"Sterbegeld aus der gesetzlichen Unfallversicherung";"0031 580"
"Sterbegeld aus der Kriegsopferversorgung";"0031 639"
"Sterbegeld aus Sterbekassen";"0033 500"
"Sterbegeld für Angehörige des öffentlichen Dienstes";"0031 639"
"Sterbegeldversicherung, Kapitalauszahlung, Beitragserstattung, Gewinnbeteiligung";"0077 200"
"Sterbegeldversicherung, Prämien";"1687 300"
"Sterbegeldversicherungen, Einnahmen";"0077"
"Sterbegeldversicherungen, Leistungsentgelte der";"1211 001"
"Sterbegeld von privaten Arbeitgebern";"0033 410"
"Sterbekassen, einmalige und unregelmäßige Einnahmen";"0033 500"
"Sterbeurkunden, Verwaltungsgebühren";"1390 901"
"Sterbewäsche";"1329 131"
"Stereoanlagen";"0814 015"
"Sterilmilch, entrahmte Milch (Magermilch)";"0114 200"
"Sterilmilch, Vollmilch";"0114 100"
"Sternanisfrüchte, Gewürze";"0119 402"
"Sternwarten, Eintrittsgelder";"0962 001"
"Steuer, Abgeltungssteuer, Ausgaben";"1611 150"
"Steuer, andere Steuern, a.n.g.";"1612 800"
"Steuer, Einkommensteuer";"1611 150"
"Steuer, Erbschaftssteuer";"1612 100"
"Steuer, Fischereisteuer";"1612 800"
"Steuer, Grunderwerbssteuer";"1661 000"
"Steuer, Grundsteuer";"1671 000"
"Steuer, Hundesteuer";"1612 300"
"Steuer, Jagdsteuer";"1612 800"
"Steuer, Kapitalertragssteuer";"1611 150"
"Steuer, Kirchensteuer";"1611 400"
"Steuer, Kirchgeld";"1611 400"
"Steuer, Kraftfahrzeugsteuer";"0724 323"
"Steuer, Lohnsteuer";"1611 150"
"Steuer, Mehrwertsteuer, soweit bezogene Güterart nicht feststellbar";"1612 800"
"Steuer, Schenkungssteuer";"1612 100"
"Steuer, Umsatzsteuer, gelegentlich";"1612 800"
"Steuerberaterkurse";"1050 900"
"Steuerberatungskosten";"1390 904"
"Steuererklärungshilfen, Anwendungssoftware für PC";"0820 000"
"Steuerrückerstattungen, Kraftfahrzeugsteuer";"0031 624"
"Steuerrückerstattungen, Lohn-, Einkommen-,  Kirchensteuer";"0031 624"
"Steviaprodukte";"0118 204"
"Stichsägen, elektrisch";"0551 002"
"Stichsägen, nichtelektrisch";"0552 105"
"Sticker, Aufkleber";"0973 004"
"Stickereien für Bekleidung, Haushaltswäsche und Heimtextilien, Kurzwaren";"0313 209"
"Stickgarne";"0313 201"
"Stiefeleisen für Damenschuhe";"0321 290"
"Stiefeleisen für Herrenschuhe";"0321 190"
"Stiefeleisen für Kinderschuhe";"0321 390"
"Stiefel für Damen, Arbeitsstiefel";"0321 220"
"Stiefel für Damen (ohne orthopädische Schuhe und ohne Gummistiefel, 0321 210)";"0321 220"
"Stiefel für Herren, Arbeitsstiefel";"0321 120"
"Stiefel für Herren (ohne orthopädische Schuhe und ohne Gummistiefel, 0321 110)";"0321 120"
"Stiefel für Kinder (ohne orthopädische Schuhe und ohne Gummistiefel, 0321 310)";"0321 320"
"Stiefelknechte für Damenschuhe";"0561 909"
"Stiefelknechte für Herrenschuhe";"0561 909"
"Stiefelknechte für Kinderschuhe";"0561 909"
"Stiefmütterchen, Zierpflanzen (ohne Samen und Vermehrungsgut)";"0931 226"
"Stiele für Besen";"0561 121"
"Stiele für Werkzeuge";"0552 105"
"Stielgemüse, frisch oder gekühlt";"0117 102"
"Stifte, Drahtstifte (ohne solche für Schuhreparaturen)";"0561 905"
"Stifte für Schuhreparaturen, für Damenschuhe";"0321 290"
"Stifte für Schuhreparaturen, für Herrenschuhe";"0321 190"
"Stifte für Schuhreparaturen, für  Kinderschuhe";"0321 390"
"Stifthaken, grobe Drahtwaren";"0561 905"
"Stilleinlagen";"1312 229"
"Stiltonkäse, englischer Blauschimmelkäse";"0114 503"
"Stiluhren (ohne Wecker)";"0511 408"
"Stilwecker";"0511 408"
"Stimmen von Musikinstrumenten, Dienstleistungen";"0942 208"
"Stimmgabeln";"0951 005"
"Stimmpfeifen";"0951 005"
"Stipendien an andere private Haushalte";"1643 200"
"Stipendien von anderen privaten Haushalten";"0033 420"
"Stipendien von Gebietskörperschaften";"0031 639"
"Stipendien von Organisationen ohne Erwerbszweck";"0033 410"
"Stipendien von Unternehmen (ohne Sachbezüge)";"0033 110"
"Stockbetten für Kinder";"0511 150"
"Stöcke, Spazierstöcke";"1329 139"
"Stockfische";"0113 200"
"Stocknägel, Reiseandenken";"0561 909"
"Stockschirme";"1329 134"
"Stockwurst, Brühwurst (ohne Konserven)";"0112 502"
"Stoffe für Badetücher, Meterware";"0521 909"
"Stoffe für Bettwäsche, Meterware";"0521 909"
"Stoffe für Damenoberbekleidung, Meterware";"0311 000"
"Stoffe für Gardinen, Meterware";"0521 101"
"Stoffe für Herrenoberbekleidung, Meterware";"0311 000"
"Stoffe für Kinderoberbekleidung, Meterware";"0311 000"
"Stoffe für Polstermöbel- und Dekorationsstoffe, Meterware";"0521 102"
"Stoffe für Tischwäsche, Meterware";"0521 909"
"Stoffe für Vorhänge, Meterware";"0521 101"
"Stoffe für Wäsche, Meterware";"0311 000"
"Stoffhandschuhe für Damen";"0313 105"
"Stoffhandschuhe für Herren";"0313 104"
"Stoffhandschuhe für Kinder";"0313 106"
"Stoffhüte für Damen (ohne gewirkte, gestrickte und solche aus Pelz)";"0313 102"
"Stoffhüte für Herren (ohne gewirkte, gestrickte und solche aus Pelz)";"0313 102"
"Stoffhüte für Kinder";"0313 103"
"Stoffkappen";"0313 103"
"Stoffmützen";"0313 103"
"Stoffspielwaren, Kuscheltiere, z.B. Teddybären";"0921 204"
"Stofftaschen";"0521 909"
"Stoffwindeln für Säuglinge";"1312 223"
"Stolen für Damen und Mädchen";"0313 107"
"Stollen, frisch";"0111 344"
"Stopfeier";"0561 909"
"Stopfen, Korken";"0561 909"
"Stopfmittel, Twist, Wolle, Garne u.ä.";"0313 205"
"Stopfnadeln";"0561 909"
"Stoppuhren (ohne Armbanduhren)";"0511 408"
"Stöpsel für Waschbecken";"0431 108"
"Stör, frisch oder gekühlt";"0113 101"
"Stör, gefroren";"0113 102"
"Stores aus textilem Material, konfektioniert";"0521 101"
"Stoßband, Kurzwaren";"0313 209"
"Stoßdämpfer für Kraftfahrzeuge";"0721 202"
"Stoßdämpferprüfungen von Personenkraftwagen";"0723 012"
"Stoßstangen für Kraftfahrzeuganhänger";"0721 202"
"Stoßstangen für Personenkraftwagen";"0721 202"
"Strafgelder, Gerichtskosten, Geldstrafen, gebührenpflichtige Verwarnungen, Bußgelder u.Ä.";"1645 000"
"Strafporto für Briefsendungen, Briefdienstleistungen (einschl. Luftpost und Briefzusatzleistungen), international";"0741 100"
"Strafporto für Briefsendungen, Briefdienstleistungen und Briefzusatzleistungen, z.B. Einschreiben, national";"0741 100"
"Strähnen (Friseurleistungen für Damen)";"1313 129"
"Strampelanzüge aus Gewebe";"0312 303"
"Strandbekleidung für Damen";"0312 265"
"Strandbekleidung für Herren";"0312 155"
"Strandbekleidung für Jungen";"0312 181"
"Strandbekleidung für Mädchen";"0312 291"
"Strandhüte";"0313 102"
"Strandkörbe, Kauf von";"0511 200"
"Strandkörbe, Miete für";"0944 000"
"Strandkorbmieten";"0944 000"
"Strandmatten";"0521 901"
"Strandmuscheln";"0521 902"
"Straßenatlanten im Buchformat";"0973 003"
"Straßenbenutzungsgebühren";"0724 200"
"Straßenbenutzungsgebühren für Autobahnen";"0724 200"
"Straßenbenutzungsgebühren für Brücken";"0724 200"
"Straßenbenutzungsgebühren für Tunnel";"0724 200"
"Straßenbenutzungsgebühren für Umwelt- und Feinstaubplaketten";"0724 328"
"Straßenbenutzungsgebühren u.Ä., z.B. Gebühren für Autobahnen, Pendelfähren, Brücken, Tunnel";"0724 200"
"Straßenkarten im Buchformat";"0973 003"
"Straßennutzungsgebühren, Geräte für die Abrechnung von, gemietet oder gekauft";"0724 200"
"Straßenreinigungsgebühren, Ausgaben der Eigentümerinnen und Eigentümer für vermietete Wohnungen";"1679 900"
"Straßenreinigungsgebühren, Ausgaben der Wohnungsinhaberinnen und Wohnungsinhaber (ohne Umlagen)";"0444 901"
"Straßenschuhe für Damen (ohne orthopädische Schuhe)";"0321 210"
"Straßenschuhe für Herren (ohne orthopädische Schuhe)";"0321 110"
"Straßenschuhe für Kinder (ohne orthopädische Schuhe)";"0321 310"
"Straßenstiefel für Damen (ohne orthopädische Schuhe)";"0321 220"
"Straßenstiefel für Herren (ohne orthopädische Schuhe)";"0321 120"
"Straßenstiefel für Kinder (ohne orthopädische Schuhe)";"0321 320"
"Straßenverkauf, mit eingeschränkten Bedienungsleistungen";"1111 2"
"Strategiespiele";"0921 201"
"Sträucher, Obstgehölze";"0931 215"
"Sträucher, Ziergehölze";"0931 225"
"Streaming von Musik von Webportalen";"0839 204"
"Streichhölzer";"0561 909"
"Streichinstrumente";"0951 003"
"Streichrahm, Milchmischerzeugnisse";"0114 900"
"Streikgelder der Gewerkschaften";"0033 300"
"Streikunterstützungen, Ausgaben";"1642 500"
"Streikunterstützungen, Einnahmen";"0033 300"
"Streusalz";"0561 909"
"Streusand";"0561 909"
"Streuselkuchen, frisch, Verzehr in Kantinen, Mensen, a.n.g.";"1112 900"
"Streuselkuchen, frisch, Verzehr in Kantinen, Mensen von Hochschulen, Schulen und Kindergärten";"1112 100"
"Streuselkuchen, frisch";"0111 344"
"Strickgarne";"0313 201"
"Strickhandschuhe für Damen";"0313 105"
"Strickhandschuhe für Herren";"0313 104"
"Strickhandschuhe für Kinder";"0313 106"
"Strickhüte";"0313 101"
"Strickjacken für Damen";"0312 240"
"Strickjacken für Herren";"0312 133"
"Strickjacken für Jungen";"0312 186"
"Strickjacken für Mädchen";"0312 296"
"Strickkappen";"0313 101"
"Strickmaschinen, elektrisch und nichtelektrisch";"0531 900"
"Strickmützen";"0313 101"
"Stricknadeln";"0561 909"
"Strickwesten für Damen";"0312 240"
"Strickwesten für Herren";"0312 133"
"Strickwesten für Jungen";"0312 186"
"Strickwesten für Mädchen";"0312 296"
"Strickwollgarne";"0313 201"
"Stroh für Haustiere";"0932 209"
"Stroh für kunstgewerbliche Zwecke";"0921 209"
"Strohhäcksel für Haustiere";"0932 209"
"Strohhalme, Trinkhalme";"0561 902"
"Strohhüte für Damen";"0313 102"
"Strohhüte für Herren";"0313 102"
"Strohhüte für Kinder";"0313 103"
"Strom, Umlagen (nicht aufteilbar)";"0451 030"
"Stromeinspeisung von Photovoltaikanlagen, Solarenergie, Einnahmen";"0013 500"
"Strom für Kraftfahrzeuge";"0722 305"
"Stromgenerator, für den Garten oder Camping";"0551 002"
"Stromverbrauch, Ausgaben der Wohnungsinhaberinnen und Wohnungsinhaber (ohne Grundgebühr)";"0451 015"
"Strumpfanziehhilfe";"0613 306"
"Strumpfbänder";"0313 109"
"Strümpfe für Damen, Feinstrümpfe";"0312 281"
"Strümpfe für Damen (ohne Feinstrümpfe einschl. Sportstutzen u.Ä.)";"0312 282"
"Strümpfe für Herren, (einschl. Sportstutzen u.Ä.)";"0312 170"
"Strümpfe für Jungen";"0312 188"
"Strümpfe für Mädchen";"0312 298"
"Strumpfhalter für Damen, Miederwaren";"0312 271"
"Strumpfhosen, für Säuglinge";"0312 303"
"Strumpfhosen für Damen, Feinstrumpfhosen";"0312 281"
"Strumpfhosen für Herren";"0312 170"
"Strumpfhosen für Jungen";"0312 188"
"Strumpfhosen für Mädchen";"0312 298"
"Strumpfwollgarne";"0313 201"
"Stubenwagen, Möbel";"0511 150"
"Studentenfutter";"0116 901"
"Studentenvereinigungen, laufende Beiträge";"1641 900"
"Studentenvereinigungen, Mitgliedsbeiträge";"1641 900"
"Studentenvereinigungen, Spenden und unregelmäßige Beiträge";"1642 900"
"Studentische Krankenversicherung, freiwillige Beiträge";"1622 500"
"Studentische Krankenversicherung, Pflichtbeiträge";"1621 590"
"Studiengebühren für Dienstleistungen der Bildungseinrichtungen des Hochschulbereichs";"1040 025"
"Studienkredite der KfW";"0085 600"
"Studienkreuzfahrten im Ausland";"0980 008"
"Studienreisen auf dem Land, auch mit verschiedenen Beförderungsmitteln kombiniert im Ausland";"0980 009"
"Stufen";"0552 101"
"Stühle, Campingstühle";"0511 200"
"Stühle, Küchenstühle";"0511 131"
"Stühle, mit verstellbarer Rückenlehne und Fußraste";"1329 122"
"Stühle, Schreibtischstühle";"0511 160"
"Stuhlkissen (ohne einzelne Bezüge)";"0521 909"
"Stumpen, Tabakwaren (einschl. in Cafés, Restaurants, Tankstellen, öffentlichen Verkehrsmitteln eingekauften Stumpen)";"0230 200"
"Stumpfstrümpfe, medizinisch";"0612 203"
"Stundenhotels, Miete für";"1120 102"
"Sturmhaken, grobe Drahtwaren";"0561 905"
"Sturmhauben, gewirkt oder gestrickt";"0313 101"
"Sturmlaternen";"0511 309"
"Sturmösen, grobe Drahtwaren";"0561 905"
"Sturmversicherung, Prämien";"1673 000"
"Sturzhelme, Sicherheitskopfbedeckungen für das Baugewerbe und die Industrie";"0313 103"
"Sturzhelme für Motorräder, Fahrräder";"0721 303"
"Stuten, Weißbrot";"0111 311"
"Stützapparate, orthopädisch";"0613 304"
"Stützstrümpfe, medizinische Strumpfwaren";"0612 203"
"Stützstrumpfhosen, medizinische Strumpfwaren";"0612 203"
"Suchtbekämpfungseinrichtungen";"0632 002"
"Südweine, Dessertweine , Portwein";"0212 150"
"Südweine, Dessertweine , Sherry";"0212 150"
"Südweine, Dessertweine, Verzehr in Kantinen, Mensen, a.n.g.";"1112 900"
"Südweine, Dessertweine, Verzehr in Kantinen, Mensen von Hochschulen";"1112 100"
"Südweine, Dessertweine, Verzehr in Restaurants, Cafés, Bars, mit umfassender Bedienungsleistung";"1111 143"
"Südweine, Dessertweine , Wermut";"0212 150"
"Sühnegelder";"1645 000"
"Sukkade, Zitronat";"0118 901"
"Sultaninen";"0116 700"
"Sülze, Konserven";"0112 504"
"Sülze (ohne Konserven)";"0112 503"
"Sülzenpulver";"0119 909"
"Sülzkotelett, Verzehr in Kantinen, Mensen, a.n.g.";"1112 900"
"Sülzkotelett, Verzehr in Kantinen, Mensen von Hochschulen, Schulen und Kindergärten";"1112 100"
"Sülzkotelett, Verzehr in Restaurants, Cafés, Bars, mit umfassender Bedienungsleistung";"1111 113"
"Sülzkotelett (ohne Konserven; Kantinen- und Gaststättenverzehr)";"0112 507"
"Sülzwurst, Kochwurst (ohne Konserven)";"0112 503"
"SUP Board";"0912 302"
"Super-Acht-Filme für Filmkameras, unbelichtet";"0911 205"
"Superbenzin, auch für Freizeitfahrzeuge";"0722 201"
"Superbenzin, Super E10, auch für Freizeitfahrzeuge";"0722 202"
"Superbenzin, Super Plus, auch für Freizeitfahrzeuge";"0722 204"
"Super E 10";"0722 202"
"Super PLUS (98 ROZ und mehr)";"0722 204"
"Suppen, Brüherzeugnisse";"0119 131"
"Suppen, gefroren";"0119 133"
"Suppen, Konservenfertiggerichte";"0119 132"
"Suppen, süß, pulverförmig";"0119 904"
"Suppen, Trockensuppen (ohne süße Suppen)";"0119 131"
"Suppen, Verzehr in Kantinen, Mensen, a.n.g.";"1112 900"
"Suppen, Verzehr in Kantinen, Mensen von Hochschulen, Schulen und Kindergärten";"1112 100"
"Suppen, Verzehr in Restaurants, Cafés, Bars, mit umfassender Bedienungsleistung";"1111 112"
"Suppengemüse, gefroren";"0117 809"
"Suppengrün, frisch";"0117 409"
"Suppenhühner, frisch (ohne Innereien u.a. Schlachtnebenprodukte)";"0112 241"
"Suppenhühner, gefroren (ohne Innereien u.a. Schlachtnebenprodukte)";"0112 241"
"Suppenkellen, Küchengeräte";"0540 321"
"Suppennudeln";"0111 500"
"Suppenreis";"0111 101"
"Suppenteller aus Porzellan";"0540 102"
"Suppenteller aus Steingut u.a. feinkeramischen Stoffen";"0540 102"
"Suppenwürfel, Trockensuppen";"0119 906"
"Suppenwürzen";"0119 304"
"Surfbretter, Wassersportgeräte";"0912 302"
"Surimi, Fischerzeugnisse und -zubereitungen";"0113 304"
"Susinen, frisch oder gekühlt";"0116 309"
"Suspensorien";"0613 304"
"Süßkartoffeln, frisch";"0117 508"
"Süßkirschen, frisch oder gekühlt";"0116 309"
"Süßkirschkonserven";"0116 905"
"Süßmost, Fruchtnektar, Verzehr in Kantinen, Mensen, a.n.g.";"1112 900"
"Süßmost, Fruchtnektar, Verzehr in Kantinen, Mensen von Hochschulen, Schulen und Kindergärten";"1112 100"
"Süßmost, Fruchtnektar, Verzehr in Restaurants, Cafés, Bars, mit umfassender Bedienungsleistung";"1111 153"
"Süßmost, Fruchtnektar";"0121 001"
"Süßrahmbutter";"0115 200"
"Süßstoffe";"0118 204"
"Süßwasserfische, frisch oder gekühlt";"0113 101"
"Süßwasserfische, gefroren";"0113 102"
"Süßwasserpflanzen, Zierpflanzen (ohne Samen und Vermehrungsgut)";"0931 226"
"Sweatshirts für Damen";"0312 240"
"Sweatshirts für Herren";"0312 133"
"Sweatshirts für Jungen";"0312 186"
"Sweatshirts für Mädchen";"0312 296"
"Swimmingpools (nicht fest installiert, nicht aufblasbar)";"0912 901"
"Swingerclubs, Besuch von";"0946 101"
"Synagogen, Eintrittsgelder";"0962 001"
"Synthesizer, elektronische Musikinstrumente";"0951 002"
"Systemkameras, spiegellos und digital";"0911 103"
"Systemsoftware (Betriebssysteme), für PC";"0820 000"
"Tabak (einschl. Rauch-, Kau- und Schnupftabak)";"0230 902"
"Tabakbeutel";"1329 133"
"Tabakdosen aus anderem Material";"1329 133"
"Tabakdosen aus Edelmetall oder Schmucksteinen";"1329 136"
"Tabakpfeifen";"1329 133"
"Tablet-PCs";"0813 103"
"Tablet-PC-Taschen";"1329 119"
"Tabletten, Arzneimittel, apothekenpflichtig (ohne solche für Tiere), pflanzliche Arzneimittel und homöopathische Produkte";"0611 220"
"Tabletten, Arzneimittel, apothekenpflichtig (ohne solche für Tiere)";"0611 120"
"Tabletten, Arzneimittel für Haustiere";"0932 204"
"Tablettendosen aus anderem Material";"1329 136"
"Tablettendosen aus Edelmetall oder Schmucksteinen";"1329 136"
"Tabletts";"0561 909"
"Tachometer für Fahrräder";"0721 308"
"Tachometer für Personenkraftwagen";"0721 201"
"Täckse für Damenschuhe";"0321 290"
"Täckse für Herrenschuhe";"0321 190"
"Täckse für Kinderschuhe";"0321 390"
"Tafel, Mahlzeitenausgabe";"1330 900"
"Tafelgeschirr, Miete für";"0540 400"
"Tafelgeschirr aus Edelmetall";"0540 328"
"Tafelgeschirr für die Haushaltsführung, Reparaturen an";"0540 400"
"Tafelsalz";"0119 301"
"Tafelschokoladen, gefüllt";"0118 503"
"Tafelschokoladen, massiv";"0118 503"
"Tafelservices aus Glas";"0540 105"
"Tafelservices aus Kunststoff";"0540 328"
"Tafelservices aus Porzellan";"0540 102"
"Tafelservices aus Steingut und aus feinkeramischen Stoffen";"0540 102"
"Tafelservices aus unedlem Metall";"0540 328"
"Tafeltrauben, frisch oder gekühlt";"0116 501"
"Tafelwaagen, Küchengeräte, nicht elektrisch";"0532 102"
"Tafelwässer, Verzehr in Kantinen, Mensen, a.n.g.";"1112 900"
"Tafelwässer, Verzehr in Kantinen, Mensen von Hochschulen, Schulen und Kindergärten";"1112 100"
"Tafelwässer, Verzehr in Restaurants, Cafés, Bars, mit umfassender Bedienungsleistung";"1111 151"
"Tafelwässer";"0125 000"
"Tafelwerkzeuge, nichtelektrisch (ohne Küchenmesser)";"0540 203"
"Tagebücher";"0973 004"
"Tagegeld, aus der gesetzlichen Krankenversicherung";"0031 410"
"Tagegeld, aus privater Krankenversicherung";"0033 210"
"Tagegeldversicherung, private Krankenversicherung, Prämien";"1632 200"
"Tagelohn aus einem Arbeits- oder Dienstverhältnis, brutto";"0011 110"
"Tagesdecken";"0521 205"
"Tagesfahrkarten, für Omnibusse im Nahverkehr";"0732 101"
"Tagesfahrkarten für Omnibusse, im internationalen Fernverkehr";"0732 103"
"Tagesfahrkarten für Omnibusse im Fernverkehr (ohne internationalen Fernverkehr)";"0732 102"
"Tagesfahrkarten für Schüler, Studenten, Auszubildende, für Omnibusse im Nahverkehr";"0732 300"
"Tagesfahrkarten zu gewöhnlichen Konditionen, für den Stadt- und Regionalverkehr im Liniendienst der Eisenbahnunternehmen";"0731 111"
"Tagesfahrkarten zu gewöhnlichen Konditionen, im internationalen Schienenfernverkehr";"0731 130"
"Tagesfahrkarten zu gewöhnlichen Konditionen, im nationalen Schienenfernverkehr";"0731 121"
"Tagesfahrkarten zu gewöhnlichen Konditionen außerhalb von Verkehrsverbünden, Tarif- und Verkehrsgemeinschaften, kombinierte Fahrausweise";"0735 091"
"Tagesfahrkarten zu gewöhnlichen Konditionen für den Schienennahverkehr im Liniendienst der Hoch-, U-, Schwebe-, Straßenbahnen,  Peoplemover";"0731 201"
"Tagesfahrkarten zu gewöhnlichen Konditionen in Verkehrsverbünden, Tarif- und Verkehrsgemeinschaften, kombinierte Fahrausweise";"0735 011"
"Tagesfahrkarten zu Sonderkonditionen für den Schienennahverkehr der Hoch-, U-, Schwebe-, Straßenbahnen";"0731 209"
"Tagesfahrkarten zu Sonderkonditionen im internationalen Schienenfernverkehr";"0731 130"
"Tagesfahrkarten zu Sonderkonditionen im nationalen Schienenfernverkehr";"0731 123"
"Tagespflegedienste, Dienstleistungen der häusliche Alten- und Behindertenpflege";"1330 300"
"Tagespflegepersonen, Dienstleistungen für Kinder unter 3 Jahren";"1010 101"
"Tagespflegepersonen (TPP), Ausgaben für die qualifizierte Betreuung von Kleinkindern";"1010 101"
"Tagespflegezentren, Dienstleistungen der häusliche Alten- und Behindertenpflege";"1330 300"
"Tagespflegezentren, medizinisch, für ältere Menschen und Menschen mit Behinderung";"0623 203"
"Tageswäsche für Säuglinge, aus Gewebe im Haus zu tragen (Indoor), Hosen, Kleider";"0312 308"
"Tageswäsche für Säuglinge, aus Gewebe im Haus zu tragen (Indoor), z.B. Strampelanzüge, Unterhemden";"0312 303"
"Tageszeitungen im Abonnement (einschl. Sonntagszeitungen; ohne Internetabonnement)";"0972 104"
"Tageszeitungen im Einzelverkauf (einschl. Sonntagszeitungen)";"0972 101"
"Tageszeitungen im Internetabonnement (einschl. Sonntagszeitungen)";"0972 107"
"Take-aways, Verzehr zum Mitnehmen, mit Getränken";"1111 204"
"Take-aways, Verzehr zum Mitnehmen, ohne Getränke";"1111 205"
"Takelagen für Boote";"0912 304"
"Talg für Speisezwecke";"0115 900"
"Tampons";"1312 229"
"Tandems";"0713 003"
"Tankinis für Damen";"0312 265"
"Tankinis für Mädchen";"0312 291"
"Tankkarten für Autogas";"0722 301"
"Tankkarten für Dieselkraftstoff";"0722 100"
"Tankkarten für Superbenzin";"0722 201"
"Tankkarten für Super E 10";"0722 202"
"Tankkarten für Super PLUS (98 ROZ und mehr)";"0722 204"
"Tannenbäume für den Garten, natürlich";"0921 302"
"Tannengrün, Abdeckreisig, für den Garten";"0931 105"
"Tannenzweige, künstlich";"0921 301"
"Tannenzweige, natürlich";"0921 302"
"Tantiemen für Aufsichtsratstätigkeit";"0013 900"
"Tanzabende, Eintrittsgelder";"0946 101"
"Tanzkapellen für Privatveranstaltungen, Miete für";"0961 005"
"Tanzunterricht";"0969 003"
"Tapas (Vorspeisen), mit umfassender Bedienungsleistung";"1111 112"
"Tapeten für Schönheitsreparaturen, auf Kosten der Wohnungsinhaberinnen und Wohnungsinhaber";"0431 102"
"Tapetenklebstoffe für Schönheitsreparaturen, auf Kosten der Wohnungsinhaberinnen und Wohnungsinhaber";"0431 103"
"Tapetenleisten für Schönheitsreparaturen, auf Kosten der Wohnungsinhaberinnen und Wohnungsinhaber";"0431 103"
"Tapetentrennmittel für Schönheitsreparaturen, auf Kosten der Wohnungsinhaberinnen und Wohnungsinhaber";"0431 103"
"Tapezieren von Eigentümerwohnungen von Malern und Tapezierern";"0432 004"
"Tapezieren von Mietwohnungen von Malern und Tapezierern";"0432 004"
"Tapioka, Stärkemehl";"0117 921"
"Tapiokachips";"0117 925"
"Tapiokastärke";"0117 921"
"Taro, fisch";"0117 508"
"Taschenfeuerzeuge aus Edelmetall oder Schmucksteinen";"1329 136"
"Taschenfeuerzeuge aus unedlem Metall oder Kunststoff (ohne Einwegfeuerzeuge)";"1329 133"
"Taschenfeuerzeugen, Reparaturen an";"1329 200"
"Taschen für Fahrräder";"0721 308"
"Taschen für Foto- und Filmgeräte";"0911 202"
"Taschengeld an Familienangehörige";"1643 200"
"Taschenhalter";"1329 139"
"Taschenkalender";"0973 002"
"Taschenkämme";"1312 102"
"Taschenlampen";"0552 204"
"Taschenlampenbatterien";"0552 203"
"Taschenmesser (ohne Jagdmesser u.ä.)";"1329 139"
"Taschenrechner";"0813 205"
"Taschen-Rundfunkempfangsgeräte, tragbar, nicht mit Tonaufnahme- und/oder -wiedergabegeräten kombiniert";"0814 011"
"Taschenschirme für Herren und Damen";"1329 134"
"Taschenspiegel (ohne solche aus Edelmetall)";"1312 105"
"Taschentücher (ohne Papiertaschentücher)";"0313 109"
"Taschentücher aus Papier";"1312 222"
"Taschenuhren mit einem Gehäuse aus anderem Material";"1321 122"
"Taschenuhren mit einem Gehäuse aus Edelmetall";"1321 121"
"Täschnerwaren, Reparaturen an";"1329 200"
"Tassen, aus Glas";"0540 105"
"Tassen, aus Kunststoff (ohne Einwegtassen)";"0540 328"
"Tassen, aus Porzellan";"0540 102"
"Tassen, aus Steingut u.a. feinkeramischen Stoffen";"0540 102"
"Tassen, Einweggeschirr";"0561 901"
"Tastaturen, PC-Zubehör";"0813 204"
"Tatamis";"0511 124"
"Tatar, frisch (ohne zubereitetes Hackfleisch)";"0112 217"
"Tätowieren von Heimtieren";"0945 009"
"Tätowierungen an Personen";"1313 204"
"Tattoos, Entgelte für";"1313 204"
"Tattoos als Abziehbilder für die Haut";"0973 004"
"Tattoo-Stifte, z.B. Hennafarben für die Körperbemalung";"1312 232"
"Tauben, lebend";"0932 103"
"Tauben (ohne Innereien u.a. Schlachtnebenprodukte)";"0112 250"
"Taubenkörbe";"0932 202"
"Taubenuhren";"0932 202"
"Taucheranzüge für Damen";"0922 118"
"Taucheranzüge für Herren";"0922 118"
"Taucheranzüge für Jungen";"0922 118"
"Taucheranzüge für Mädchen";"0922 118"
"Taucherbrillen";"0922 119"
"Tauchergeräte (ohne Taucheranzüge)";"0912 302"
"Tauchsieder, elektrisch";"0532 102"
"Taufen, Dienstleistungen der Kirchen und Glaubensgemeinschaften";"1390 200"
"Taunuskies für den Garten";"0931 102"
"Tauschgebühren";"1390 909"
"Taxifahrten";"0732 201"
"Technische Oberschulen, postsekundarer, nicht-tertiärer Bildungsbereich Dienstleistungen";"1030 000"
"Tee, grün";"0123 001"
"Tee, Medizinaltee, pflanzliche Arzneimittel und homöopathische Produkte";"0611 220"
"Tee, schwarz";"0123 001"
"Tee, Verzehr in Kantinen, Mensen, a.n.g.";"1112 900"
"Tee, Verzehr in Kantinen, Mensen von Hochschulen, Schulen und Kindergärten";"1112 100"
"Tee, Verzehr in Restaurants, Cafés, Bars, mit umfassender Bedienungsleistung";"1111 155"
"Teeähnliche Erzeugnisse";"0123 003"
"Tee-Extrakte";"0123 001"
"Teefilter, Küchengeräte";"0532 209"
"Teefilter aus Papier";"0561 902"
"Teegläser";"0540 103"
"Teekannen aus Glas";"0540 105"
"Teekannen aus Porzellan";"0540 105"
"Teekannen aus Steingut u.a. feinkeramischen Stoffen";"0540 105"
"Teekessel aus Metall";"0540 312"
"Teelichter";"0561 903"
"Teelichthalter";"0511 409"
"Teelichtständer";"0511 409"
"Teelöffel mit Griffen";"0540 201"
"Teeservices aus Glas";"0540 105"
"Teeservices aus Kunststoff";"0540 328"
"Teeservices aus Porzellan";"0540 102"
"Teeservices aus Steingut und aus feinkeramischen Stoffen";"0540 102"
"Teeservices aus unedlem Metall";"0540 328"
"Teesiebe, Küchengeräte";"0540 321"
"Tee- und Kaffeefilter, Filtertüten aus Papier";"0561 902"
"Teewagen";"0511 409"
"Teewurst, Rohwurst";"0112 310"
"Teichfilter";"0551 001"
"Teichfolien";"0931 105"
"Teichpflanzen, Zierpflanzen (ohne Samen und Vermehrungsgut)";"0931 226"
"Teichpumpen";"0551 001"
"Teichvlies";"0931 105"
"Teigrollen, Küchengeräte";"0540 321"
"Teigsäuerungsmittel";"0119 905"
"Teigschaber, Küchengeräte";"0540 321"
"Teigwaren";"0111 500"
"Teigwarengerichte, Verzehr in Kantinen, Mensen, a.n.g.";"1112 900"
"Teigwarengerichte, Verzehr in Kantinen, Mensen von Hochschulen, Schulen und Kindergärten";"1112 100"
"Teigwarengerichte, Verzehr in Restaurants, Cafés, Bars, mit umfassender Bedienungsleistung";"1111 116"
"Teilzahlungskredite, Aufnahme";"0085"
"Teilzahlungskredite, Kreditbearbeitungsgebühren u.ä.";"1229 900"
"Teilzahlungskredite, nicht zinslos, Tilgung";"1652 200"
"Teilzahlungskredite, Verzinsung";"1652 500"
"Teilzahlungskredite, zinslos, Tilgung";"1652 300"
"Telefaxanschlüssen im Festnetz, Miete für";"0831 001"
"Telefaxeinrichtungen, die in einen PC eingebaut werden";"0819 201"
"Telefaxgeräte, Kauf";"0811 009"
"Telefaxgeräten, Reparaturen an";"0835 001"
"Telefonanrufbeantworter, Kauf";"0811 009"
"Telefonanrufbeantwortern, Reparaturen an";"0835 001"
"Telefone, Kauf von Festnetztelefonen";"0811 001"
"Telefone, Kauf von Mobiltelefonen ohne Vertrag";"0812 000"
"Telefone im Festnetz, Miete für";"0831 001"
"Telefongebühren (Anschluss- und Verbindungsgebühren in einem Betrag)";"0831 001"
"Telefongespräche im internationalen Mobilfunknetz, Postpaid";"0832 221"
"Telefongespräche im internationalen Mobilfunknetz, Prepaid";"0832 222"
"Telefongespräche im nationalen Festnetz (drahtgebunden)";"0831 002"
"Telefongespräche im nationalen Mobilfunknetz, Postpaid (Mobiltelefonverträge)";"0832 211"
"Telefongespräche im nationalen Mobilfunknetz, Prepaid";"0832 212"
"Telefongespräche vom Festnetz in internationale Fest- und Mobilfunknetze (drahtgebunden)";"0831 004"
"Telefongespräche von Festnetz in internationale Mobilfunknetze";"0831 004"
"Telefongespräche von Festnetz in nationale Mobilfunknetze";"0831 003"
"Telefonkarten Handy";"0832 212"
"Telefonlautsprecher, Kauf";"0811 009"
"Telegrammgebühren";"0839 909"
"Teleobjektive für Foto- und Kinogeräte";"0911 201"
"Teleskope";"0911 302"
"Telespiele (einschl. Software), Miete von Spielesoftware und Abonnementgebühren für Onlinespiele";"0943 100"
"Telespiele (einschl. Software)";"0921 100"
"Teller, aus Glas";"0540 105"
"Teller, aus Holz";"0540 328"
"Teller, aus Kunststoff (ohne Einwegteller)";"0540 328"
"Teller, aus Porzellan";"0540 102"
"Teller, aus Steingut u.a. feinkeramischen Stoffen";"0540 102"
"Teller, aus unedlem Metall";"0540 328"
"Teller, Einweggeschirr";"0561 901"
"Temperafarben, Unterrichts- und Künstlerfarben";"0974 008"
"Tennisbälle";"0922 113"
"Tennisblusen für Damen";"0312 265"
"Tennisblusen für Mädchen";"0312 291"
"Tennishemden für Herren";"0312 155"
"Tennishemden für Jungen";"0312 181"
"Tennishosen für Damen";"0312 265"
"Tennishosen für Herren";"0312 155"
"Tennishosen für Jungen";"0312 181"
"Tennishosen für Mädchen";"0312 291"
"Tenniskurse";"0946 203"
"Tennisnetze";"0922 113"
"Tennisplätze, Entgelte für Benutzung";"0946 204"
"Tennisplätze, Miete für";"0946 204"
"Tennisröcke für Damen";"0312 265"
"Tennisröcke für Mädchen";"0312 291"
"Tennisschläger, Bespannung von";"0944 000"
"Tennisschläger";"0922 113"
"Tennisschuhe für Damen (ohne Spezialsportschuhe)";"0321 250"
"Tennisschuhe für Herren (ohne Spezialsportschuhe)";"0321 150"
"Tennisschuhe für Kinder (ohne Spezialsportschuhe)";"0321 350"
"Tennissportartikel";"0922 113"
"Teppich, getuftet, Auslegeware";"0431 105"
"Teppichbodenreinigung (ohne Chemische Reinigung von Teppichen)";"0562 909"
"Teppiche, lose, getuftet";"0511 406"
"Teppiche, Miete für";"0512 000"
"Teppiche aus textilem Material (ohne Badematten, Wandteppiche; ohne handgeknüpfte oder handgewebte)";"0511 406"
"Teppiche handgeknüpft oder handgewebt (ohne Wandteppiche)";"0511 405"
"Teppichen, lose, Reparaturen an";"0512 000"
"Teppichen, Reparaturen an";"0432 006"
"Teppichen und elastischen Bodenbelägen, Verlegen von";"0432 006"
"Teppichkehrer, elektrisch";"0531 400"
"Teppichkehrer, nichtelektrisch";"0561 121"
"Teppichkleber";"0431 103"
"Teppichklopfer";"0561 909"
"Teppichläuferstangen";"0552 208"
"Teppichnägel";"0561 905"
"Teppichpulver";"0561 116"
"Teppichreiniger";"0561 116"
"Teppichreinigung, chemisch (ohne Teppichbodenreinigung)";"0562 901"
"Teppichreinigungsmaschinen, elektrisch";"0531 400"
"Teppichreinigungsmaschinen, Miete und Leasing für";"0533 002"
"Teppichschaum";"0561 116"
"Teppichunterlagen aus Gummi";"0431 106"
"Termingeldkonten, Abhebungen von privaten Termingeldkonten";"0071 200"
"Termingeldkonten, Einzahlungen auf private Termingeldkonten";"1682 000"
"Terminkalender";"0973 002"
"Terpentin zum Reinigen";"0561 115"
"Terrarien";"0932 202"
"Terrarienausstattungen";"0932 202"
"Terrassendielen auf Kosten der Eigentümerinnen und Eigentümer, Instandhaltung";"1675 100"
"Terrassendielen auf Kosten der Mieterinnen und der Mieter";"0431 108"
"Terrassenmöbel";"0511 200"
"Terrassenplatten auf Kosten der Eigentümerinnen und Eigentümer, Instandhaltung";"1675 100"
"Terrassenplatten auf Kosten der Mieterinnen und der Mieter";"0431 108"
"Testamentskosten, Rechtsanwalts- und Notargebühren";"1390 903"
"Testamentsvollstreckung, Einnahmen für nichtselbständige Personen aus selbständiger Arbeit";"0013 900"
"Textile Bodenbeläge, in Bahnen oder Fliesen";"0431 105"
"Textilfahnen, Festartikel (Gebrauchsgüter)";"0921 303"
"Textilklebstoffe zur Reparatur von Bekleidung, Haushaltswäsche und Heimtextilien";"0313 209"
"Textiltapeten für Schönheitsreparaturen, auf Kosten der Wohnungsinhaberinnen und Wohnungsinhaber";"0431 102"
"Textmarker";"0974 004"
"Textverarbeitungssysteme (ohne PC)";"0813 205"
"Thalassotherapie";"1313 204"
"Theatergläser, Operngläser";"0911 301"
"Theaterzeitschriften,  Publikumszeitschriften (ohne Programme)";"0972 206"
"Theorieunterricht, Dienstleistung für den Führerschein";"0724 310"
"Therapeutischen Geräte, Miete für";"0614 000"
"Therapeutischen Geräten und Ausrüstungen, Reparatur an";"0614 000"
"Thermalbäder, medizinisch, Eintrittsgeld";"0623 105"
"Thermometer, Fieberthermometer";"0612 102"
"Thermometer (ohne Fieberthermometer)";"1329 137"
"Thermosbehälter für Speisen und  Getränke";"0540 329"
"Thermosflaschen für Getränke";"0540 329"
"Thermostate für Heizkörper, für die Wohnungsinstandsetzung, auf Kosten der Eigentümerinnen und Eigentümer";"1675 100"
"Thermostate für Heizkörper, für die Wohnungsinstandsetzung, auf Kosten der Mieterinnen und der Mieter";"0431 108"
"Thunfisch, frisch, gekühlt";"0113 101"
"Thunfisch, gefroren";"0113 102"
"Thunfisch, Konserven";"0113 301"
"Thymian, getrocknet";"0119 402"
"Thymian, Küchenkräuter, frisch, gekühlt oder gefroren";"0119 401"
"Tiefkühlkost, Teigwaren, Fertiggerichte mit Nudeln (ohne Ravioli, Cannelloni und Lasagne)";"0119 112"
"Tierarzthonorare, Veterinärdienstleistungen für Heimtiere, z.B. Hunde, Katzen";"0945 002"
"Tierausstellungen, Eintrittsgelder";"0962 003"
"Tierbekleidung für Heimtiere";"0932 202"
"Tiere, Aufstellspielwaren";"0921 206"
"Tierfallen für den Garten";"0931 105"
"Tierfallen für den Haushalt";"0561 909"
"Tierfelle";"1329 139"
"Tierfutter";"0932 201"
"Tierhaftpflichtversicherungen";"1639 800"
"Tierkörbe für Heimtiere";"0932 202"
"Tierkrankenversicherung, Entgelte für Dienstleistungen (ohne Versicherungsbeiträge)";"1219 000"
"Tierpension für Heimtiere";"0945 009"
"Tierschutzverein, Beiträge";"1641 900"
"Tierschutzverein, Spenden";"1642 900"
"Tierspielzeug";"0932 202"
"Tierunfallversicherungen";"1639 800"
"Tierversicherung, Entgelte für Dienstleistungen (ohne Versicherungsbeiträge)";"1219 000"
"Tilgung einer Bürgschaft";"165"
"Tilgung von Hypotheken, Grundschulden und anderen Baudarlehen";"1651 200"
"Tilgung von Schulden, Darlehen, Hypotheken, Einnahmen";"0078 000"
"Tilgung von Teilzahlungs-, Klein- u.ä. Krediten, nicht zinslos";"1652 200"
"Tilgung von Teilzahlungs-, Klein- u.ä. Krediten, zinslos";"1652 300"
"Tilsiter Käse";"0114 502"
"Timesharing-Einheiten, Übernachtung in";"1120 102"
"Tinte, zum Nachfüllen von Druckerpatronen";"0813 207"
"Tinten";"0974 006"
"Tintenentferner";"0974 006"
"Tintenfische, frisch oder gekühlt";"0113 401"
"Tintenfische, tiefgefroren";"0113 402"
"Tintenpatronen";"0813 207"
"Tintenstifte, Verbrauchsgüter";"0974 004"
"Tintenstrahlpatronen in speziell geformten Gehäusen, Teile für EDV-Geräte";"0813 207"
"Tischbesen";"0561 121"
"Tischdecken aus Kunststoff";"0521 301"
"Tischdecken aus Papier";"0561 902"
"Tischdecken aus textilem Material";"0521 301"
"Tischdecken aus Wachstuch";"0521 301"
"Tische, Campingtische";"0511 200"
"Tische, Esszimmertische";"0511 111"
"Tische, Gartentische";"0511 200"
"Tische, Jugendzimmertische";"0511 150"
"Tische, Küchentische";"0511 132"
"Tische, Schreibtische";"0511 160"
"Tische, Wohnzimmertische";"0511 111"
"Tischfeuerzeuge aus Edelmetall oder Schmucksteinen";"1329 136"
"Tischfeuerzeuge aus unedlem Metall oder Kunststoff";"1329 133"
"Tischfußball, Entgelte für Benutzung";"0946 101"
"Tischkalender";"0973 002"
"Tischklammern";"0561 909"
"Tischläufer aus textilem Material";"0521 301"
"Tischlerwerkzeuge, nichtelektrisch";"0552 105"
"Tischleuchten, elektrisch, Wohnraumleuchten";"0511 302"
"Tischrechner";"0813 205"
"Tischtennisbälle";"0922 123"
"Tischtennisnetze";"0922 123"
"Tischtennisspiele";"0922 123"
"Tischtennissportartikel";"0922 123"
"Tischtennistische";"0912 905"
"Tischtücher aus textilem Material";"0521 301"
"Tischuhren (ohne Wecker und Uhrenradios)";"0511 408"
"Tischventilatoren, elektrisch";"0532 909"
"Tischwäsche aus textilem Material";"0521 301"
"Tischwäschestoffe, Meterware";"0521 909"
"Toastbrot";"0111 362"
"Toaster, elektrisch";"0532 101"
"Todesanzeigen, Zeitungsinserate";"1390 906"
"Toilettenbenutzungsgebühren";"1390 909"
"Toilettenpapier";"1312 221"
"Toilettenseifen";"1312 216"
"Toilettensitze";"0511 140"
"Toilettenstuhlmieten, monatlich";"0614 000"
"Tomaten, frisch oder gekühlt";"0117 201"
"Tomatenketchup";"0119 304"
"Tomatenmark";"0117 918"
"Tomatensaft, Verzehr in Kantinen, Mensen, a.n.g.";"1112 900"
"Tomatensaft, Verzehr in Kantinen, Mensen von Hochschulen, Schulen und Kindergärten";"1112 100"
"Tomatensaft, Verzehr in Restaurants, Cafés, Bars, mit umfassender Bedienungsleistung";"1111 153"
"Tomatensaft";"0121 006"
"Tomatensuppen, Konservenfertiggerichte";"0119 132"
"Tomatensuppen, Verzehr in Kantinen, Mensen, a.n.g.";"1112 900"
"Tomatensuppen, Verzehr in Kantinen, Mensen von Hochschulen, Schulen und Kindergärten";"1112 100"
"Tomatensuppen, Verzehr in Restaurants, Cafés, Bars, mit umfassender Bedienungsleistung";"1111 112"
"Tonabnehmer für Schallplattenwiedergabe";"0814 017"
"Tonbänder, bespielt";"0952 003"
"Tonbänder, unbespielt, für Tonbandgeräte";"0815 005"
"Tonbandgeräte (ohne solche für Kraftfahrzeuge)";"0814 099"
"Tönen (Friseurleistungen für Damen)";"1313 129"
"Tonerkartuschen für Laserdrucker, Fotokopierapparate u.ä. EDV-Geräte";"0813 207"
"Tonfilmkopien (ohne Videofilme)";"0952 003"
"Tonfrequenzverstärker (ohne Tuner)";"0814 017"
"Tontöpfe für den Garten";"0931 103"
"Ton- und Lichtshows, Eintrittsgelder (einschl. Garderobe, Programm)";"0961 005"
"Tonwaren für den Garten (Töpfe u.ä.)";"0931 103"
"Tonwiedergabegeräte (ohne solche für Kraftfahrzeuge), CD-Player";"0814 014"
"Top, Bekleidung für Damen";"0312 236"
"Topfblumen (einschl. Hydrokulturen)";"0931 222"
"Topfen, Speisequark";"0114 506"
"Töpferkurse";"0946 103"
"Töpferscheiben, elektrisch";"0551 002"
"Töpferscheiben, mit Hand- oder Fußantrieb";"0552 105"
"Töpferton, Modelliermassen";"0921 209"
"Topfhalter";"0931 103"
"Topflappen";"0521 909"
"Topfpflanzen (einschl. Hydrokulturen)";"0931 212"
"Topfreiniger für den Haushalt";"0561 123"
"Topinambur, frisch";"0117 508"
"Torfbriketts";"0454 100"
"Torfdünger";"0931 101"
"Torf für Brennzwecke";"0454 100"
"Torf für den Garten, Düngetorf";"0931 101"
"Torfmehl, Düngetorf";"0931 101"
"Torfmischdünger";"0931 101"
"Torteletts";"0111 341"
"Torten, frisch";"0111 344"
"Torten, gefroren";"0111 343"
"Torten, Verzehr in Kantinen, Mensen, a.n.g.";"1112 900"
"Torten, Verzehr in Kantinen, Mensen von Hochschulen, Schulen und Kindergärten";"1112 100"
"Torten, Verzehr in Restaurants, Cafés, Bars, mit umfassender Bedienungsleistung";"1111 121"
"Tortenböden";"0111 341"
"Tortenguss, Speisezutaten";"0119 909"
"Tortenheber";"0540 203"
"Tortenplatten aus Glas";"0540 105"
"Tortenplatten aus Kunststoff";"0540 328"
"Tortenplatten aus Porzellan";"0540 105"
"Tortenplatten aus Steingut u.a. feinkeramischen Stoffen";"0540 105"
"Tortenplatten aus unedlem Metall";"0540 328"
"Tortenschaufeln";"0540 203"
"Tortenspitze";"0561 902"
"Tortillas, mexikanisches Fladenbrot";"0111 319"
"Torwarthandschuhe aus Leder";"0313 104"
"Torwarthemden für Herren";"0922 118"
"Torwarthosen für Herren";"0922 118"
"Torwarthosen für Jungen";"0922 118"
"Totenmessen, Dienstleistungen";"1390 905"
"Totenwäsche";"1329 131"
"Totoeinsätze";"1647 000"
"Totogewinne";"0033 410"
"Toupets";"1312 102"
"Tourenfahrräder";"0713 003"
"Touristensteuer";"1612 800"
"Trachtenanzüge für Herren";"0312 122"
"Trachtenanzüge für Jungen";"0312 187"
"Trachtengürtel";"0313 109"
"Trachtenröcke für Damen";"0312 225"
"Trachtenröcke für Mädchen";"0312 294"
"Trachtenschürzen für Damen";"0313 109"
"Trachtenschürzen für Mädchen";"0313 109"
"Trachtenstrümpfe für Damen";"0312 282"
"Trachtenstrümpfe für Herren";"0312 170"
"Trachtenstrümpfe für Jungen";"0312 188"
"Trachtenstrümpfe für Mädchen";"0312 298"
"Trachtenträger";"0313 109"
"Tragbare Rundfunkempfangsgeräte, mit Tonaufnahme- und/oder -wiedergabegeräten kombiniert";"0814 012"
"Tragbare Rundfunkempfangsgeräte, nicht mit Tonaufnahme- und/oder -wiedergabegeräten kombiniert";"0814 011"
"Trägerröcke für Damen (ohne Sportbekleidung)";"0312 225"
"Trägerröcke für Mädchen (ohne Sportbekleidung)";"0312 294"
"Tragetaschen aus Kunststoff";"0561 904"
"Tragetaschen aus Papier, Pappe oder Alufolie";"0561 902"
"Tragkörbe für Säuglinge";"1329 122"
"Trainingsanzüge für Damen";"0312 265"
"Trainingsanzüge für Herren";"0312 155"
"Trainingsanzüge für Jungen";"0312 181"
"Trainingsanzüge für Mädchen";"0312 291"
"Trainingshosen für Damen";"0312 265"
"Trainingshosen für Herren";"0312 155"
"Trainingshosen für Jungen";"0312 181"
"Trainingshosen für Mädchen";"0312 291"
"Trainingsjacken für Damen";"0312 265"
"Trainingsjacken für Herren";"0312 155"
"Trainingsjacken für Jungen";"0312 181"
"Trainingsjacken für Mädchen";"0312 291"
"Trainingsschuhe für Damen (ohne Spezialsportschuhe)";"0321 250"
"Trainingsschuhe für Herren (ohne Spezialsportschuhe)";"0321 150"
"Trainingsschuhe für Kinder (ohne Spezialsportschuhe )";"0321 350"
"Traktoren für den Garten";"0551 001"
"Tränkebecken";"0932 202"
"Transferzahlungen, Einnahmen";"003"
"Transformatoren für Modelleisenbahnen";"0921 206"
"Transportkarren";"0552 208"
"Transportkörbe für Heimtiere";"0932 202"
"Transportmittel, öffentlich, Übernachtung in, wenn der Preis separat ausgewiesen ist";"1120 900"
"Trappistenkäse";"0114 502"
"Trauben, frisch oder gekühlt";"0116 501"
"Traubensaft, Verzehr in Kantinen, Mensen, a.n.g.";"1112 900"
"Traubensaft, Verzehr in Kantinen, Mensen von Hochschulen, Schulen und Kindergärten";"1112 100"
"Traubensaft, Verzehr in Restaurants, Cafés, Bars, mit umfassender Bedienungsleistung";"1111 153"
"Traubensaft";"0121 003"
"Traubenschaumweine, mit Alkohol,";"0212 148"
"Traubenschaumweine, ohne Alkohol,";"0212 142"
"Traubenschaumweine, Verzehr in Kantinen, Mensen, a.n.g.";"1112 900"
"Traubenschaumweine, Verzehr in Kantinen, Mensen von Hochschulen";"1112 100"
"Traubenschaumweine, Verzehr in Restaurants, Cafés, Bars, mit umfassender Bedienungsleistung";"1111 143"
"Traubenweine, Verzehr in Kantinen, Mensen, a.n.g.";"1112 900"
"Traubenweine, Verzehr in Kantinen, Mensen von Hochschulen, Schulen und Kindergärten";"1112 100"
"Traubenweine, Verzehr in Restaurants, Cafés, Bars, mit umfassender Bedienungsleistung";"1111 143"
"Traubenzucker";"0118 208"
"Trauerkarten";"0973 001"
"Trauringe aus Edelmetall";"1321 112"
"Treckingstöcke";"0922 119"
"Trekkingräder";"0713 003"
"Trennungsentschädigungen";"0095 000"
"Treppenhausbeleuchtungskosten, Ausgaben der Eigentümerinnen und Eigentümer für vermietete Wohnungen";"1679 500"
"Treppenhausreinigung und -beleuchtung, Ausgaben der Wohnungsinhaberinnen und Wohnungsinhaber (ohne Umlagen)";"0444 108"
"Treppenschutzgitter";"0511 409"
"Tresormieten, Dienstleistungen der Geldinstitute";"1222 000"
"Trester aus Obst und Wein";"0211 010"
"Tretboote, Miete für";"0942 204"
"Treueprämien aus einem Arbeits- oder Dienstverhältnis, brutto";"0011 160"
"Triangeln";"0951 004"
"Trichter, Küchengeräte";"0540 321"
"Trimm-Dich-Geräte, Fitnessgeräte";"0922 124"
"Trimmen von Hunden";"0945 009"
"Trimmmesser";"0932 202"
"Trimmscheren";"0932 202"
"Trinkbranntweine, Verzehr in Kantinen, Mensen, a.n.g.";"1112 900"
"Trinkbranntweine, Verzehr in Kantinen, Mensen von Hochschulen";"1112 100"
"Trinkbranntweine, Verzehr in Restaurants, Cafés, Bars, mit umfassender Bedienungsleistung";"1111 141"
"Trinkgefäße aus Glas";"0540 103"
"Trinkgefäße aus Holz";"0540 328"
"Trinkgefäße aus Kunststoff (ohne Einwegtrinkgefäße)";"0540 328"
"Trinkgefäße aus Papier, Kunststoff, Einweggeschirr";"0561 901"
"Trinkgefäße aus Porzellan";"0540 102"
"Trinkgefäße aus Steingut u.a. feinkeramischen Stoffen";"0540 102"
"Trinkgefäße aus unedlem Metall";"0540 328"
"Trinkgelder, Ausgaben";"1111 900"
"Trinkgelder, Einnahmen aus unselbständiger Arbeit, brutto";"0011 110"
"Trinkgelder, Einnahmen für gelegentliche Gefälligkeitsleistungen";"0013 900"
"Trinkgläser";"0540 103"
"Trinkhalme";"0561 902"
"Trinkjoghurt";"0114 601"
"Trinkmilch, entrahmte Milch (Magermilch)";"0114 200"
"Trinkmilch, Roh- und Vollmilch";"0114 100"
"Trinkstrohhalme";"0561 902"
"Trinkwasser aus Behältern";"0125 000"
"Trockene ausgelöste Hülsenfrüchte (auch zerkleinert oder geschält)";"0117 600"
"Trockenei, Eipulver";"0114 807"
"Trockeneintöpfe";"0119 131"
"Trockeneis";"0455 003"
"Trockenfertiggerichte auf Getreidebasis";"0119 123"
"Trockenfertiggerichte hauptsächlich auf der Grundlage von Reis, Fleisch, Fisch, Meerestieren oder Gemüse";"0119 121"
"Trockenfertiggerichte mit Teigwaren";"0119 112"
"Trockengemüse (ohne Gewürz- und Küchenkräuter), a.n.g.";"0117 700"
"Trockengemüse (ohne Gewürz- und Küchenkräuter), Hülsenfrüchte";"0117 600"
"Trockengestelle für Wäsche";"0561 909"
"Trockenkartoffeln für Speisezwecke";"0117 927"
"Trockenmilch";"0114 301"
"Trockenobst";"0116 700"
"Trockenobstmischungen";"0116 700"
"Trockenrasierer, elektrisch";"1311 101"
"Trockenschränke, elektrisch";"0531 203"
"Trockenshampoo";"1312 211"
"Trockensuppen (ohne süße Suppen)";"0119 131"
"Trockentorf, Brenntorf";"0454 100"
"Trommeln, Musikinstrumente";"0951 003"
"Trompeten";"0951 003"
"Tropfenfänger für Kaffeekannen u.ä.";"0561 909"
"Trotteurs für Damen";"0321 210"
"Trüffeln, frisch oder gekühlt";"0117 402"
"Trüffeln, Konserven";"0117 914"
"Trüffelschokoladen, Tafelschokoladen";"0118 503"
"Truhen für Schuhe";"0511 170"
"Trümmerfrauenrente (ohne Witwenrente)";"0031 110"
"Tsatsiki (griech. Quark)";"0114 506"
"Tsatsiki (Vorspeise), mit umfassender Bedienungsleistung";"1111 112"
"T-Shirts für Damen  (ohne Sportbekleidung)";"0312 236"
"T-Shirts für Herren  (ohne Sportbekleidung)";"0312 132"
"T-Shirts für Jungen (ohne Sportbekleidung und ohne solche für Säuglinge)";"0312 185"
"T-Shirts für Mädchen (ohne Sportbekleidung und ohne solche für Säuglinge)";"0312 295"
"Tubensahne, a.n.g.";"0114 302"
"Tubensahne, saure Sahne";"0114 602"
"Tücher, Bekleidungszubehör";"0313 107"
"Tuk Tuks, Beförderung mit";"0732 900"
"Tüll für Gardinen, Meterware";"0521 101"
"Tulpen, Schnittblumen";"0931 221"
"Tuner, stationäre Rundfunkempfangsgeräte, nicht mit Tonaufnahme- und/oder -wiedergabegeräten kombiniert";"0814 011"
"Tunnelbenutzungsgebühren für Durchfahrten mit Kraftfahrzeugen";"0724 200"
"Türbeschläge";"0431 108"
"Türen für die Wohnungsinstandsetzung, auf Kosten der Eigentümerinnen und Eigentümer";"1675 100"
"Turfeinsätze";"1647 000"
"Turfgewinne";"0033 410"
"Türkische Bäder, Eintrittsgelder";"1313 204"
"Türklingeln, elektrisch";"0552 204"
"Türmatten";"0521 901"
"Türme, Eintrittsgelder";"0962 001"
"Turnanzüge für Damen";"0312 265"
"Turnanzüge für Herren";"0312 155"
"Turnanzüge für Jungen";"0312 181"
"Turnanzüge für Mädchen";"0312 291"
"Turnfeste, Eintrittsgelder";"0946 300"
"Turnhemden für Damen";"0312 265"
"Turnhemden für Herren";"0312 155"
"Turnhemden für Jungen";"0312 181"
"Turnhemden für Mädchen";"0312 291"
"Turnhosen für Damen";"0312 265"
"Turnhosen für Herren";"0312 155"
"Turnhosen für Jungen";"0312 181"
"Turnhosen für Mädchen";"0312 291"
"Turnoberbekleidung für Damen";"0312 265"
"Turnoberbekleidung für Herren";"0312 155"
"Turnoberbekleidung für Jungen";"0312 181"
"Turnoberbekleidung für Mädchen";"0312 291"
"Turnschuhe für Damen (ohne Spezialsportschuhe)";"0321 250"
"Turnschuhe für Herren (ohne Spezialsportschuhe)";"0321 150"
"Turnschuhe für Kinder (ohne Spezialsportschuhe)";"0321 350"
"Türschließer";"0431 108"
"Türsprechanlagen";"0431 200"
"Türstopper";"0431 108"
"Türvorhänge aus Kunststoff, konfektioniert";"0521 101"
"Türvorhänge aus textilem Material, konfektioniert";"0521 101"
"Tuschen";"0974 006"
"Tuschkästen (nicht Deckfarbkästen)";"0974 006"
"Tüten aus Kunststoff";"0561 904"
"Tüten aus Papier";"0561 902"
"TÜV-Gebühren für Kraftfahrzeuge";"0724 328"
"TV-Karte für PC";"0819 201"
"Twinsets für Damen";"0312 240"
"Twinsets für Herren";"0312 133"
"Twinsets für Jungen";"0312 186"
"Twinsets für Mädchen";"0312 296"
"Twist";"0313 205"
"Überbrückungsgelder";"0011 140"
"Überbrückungsgeld nach SGB III - Arbeitsförderung";"0031 570"
"Übergangsgeld aus der gesetzlichen Unfallversicherung";"0031 300"
"Übergangsgeld bei berufsfördernden Maßnahmen, einmalige und unregelmäßige Einnahmen";"0031 580"
"Übergangsgeld bei Berufsförderung, Maßnahmen zur Rehabilitation aus der gesetzlichen Rentenversicherung, laufende Einnahmen";"0031 110"
"Übergangsgeld bei Berufsförderung,  Maßnahmen zur Rehabilitation nach dem Arbeitsförderungsgesetz, laufende Einnahmen";"0031 570"
"Übergangsgeld der Deutschen Rentenversicherung für Arbeitsunfähigkeit";"0031 110"
"Übergangsgeld für Angehörige des öffentlichen Dienstes (ohne ehemalige Beamte)";"0031 639"
"Übergangsgeld für ehemalige Beamte";"0031 710"
"Übergangsmäntel für Damen (ohne Sportbekleidung)";"0312 218"
"Übergangsmäntel für Herren";"0312 117"
"Übergangsmäntel für Jungen";"0312 182"
"Übergangsmäntel für Mädchen";"0312 292"
"Übernachtungen (zum Bruttoeinkommen aus unselbständiger Arbeit gehörende Sachleistungen)";"0012 250"
"Übernachtungen auf Campingplätzen, mit oder ohne Verpflegung";"1120 202"
"Übernachtungen in Berghütten, mit oder ohne Verpflegung";"1120 204"
"Übernachtungen in Erholungsheimen, mit oder ohne Verpflegung";"1120 204"
"Übernachtungen in Ferienbauernhöfen u.ä., mit oder ohne Verpflegung";"1120 102"
"Übernachtungen in Ferienzentren, mit oder ohne Verpflegung";"1120 202"
"Übernachtungen in Gasthöfen mit oder ohne Verpflegung";"1120 102"
"Übernachtungen in Hotels mit oder ohne Verpflegung";"1120 101"
"Übernachtungen in Jugendherbergen mit oder ohne Verpflegung";"1120 204"
"Übernachtungen in Motels mit oder ohne Verpflegung";"1120 101"
"Übernachtungen in öffentlichen Transportmitteln, sofern der Preis separat ausgewiesen ist";"1120 900"
"Übernachtungen in Pensionen mit oder ohne Verpflegung";"1120 102"
"Übernachtungen in Privatquartieren (ohne Dauermieten), mit oder ohne Verpflegung";"1120 102"
"Übernachtungskosten, Erstattung durch den Arbeitgeber";"0095 000"
"Übernachtungskosten für geschäftliche und dienstliche Zwecke";"1691 000"
"Überprüfung von Feuerlöschern";"0432 009"
"Überschuhe für Damen";"0321 210"
"Überschuhe für Herren";"0321 110"
"Überschuhe für Kinder";"0321 310"
"Übersetzungen, Dienstleistungen";"1390 909"
"Überstundenzuschläge aus einem Arbeits- oder Dienstverhältnis, brutto";"0011 110"
"Überweisungen auf eigene Bausparverträge, Einzahlungen,  (ohne vermögenswirksame Leistungen)";"1683 100"
"Überweisungen auf eigene Bausparverträge, Einzahlungen,  (vermögenswirksame Leistungen)";"1683 900"
"Überweisungen auf eigene private Termingeldkonten, Einzahlungen";"1682 000"
"Überweisungen auf eigene Sparkonten, Einzahlungen, a.n.g";"1681 100"
"Überweisungen auf eigene Sparkonten, Einzahlungen,  vermögenswirksamer Leistungen";"1681 900"
"Überweisungsgebühren, Dienstleistungen der Geldinstitute";"1229 100"
"Überwintern von Booten";"0942 206"
"Überwintern von Campinganhängern";"0942 100"
"Überwintern von Mobilheimen";"0942 100"
"Überwintern von Wohnmobilen";"0942 100"
"Übungshefte";"0974 002"
"Uhrbänder aus Edelmetall";"1321 112"
"Uhrbänder aus unedlem Metall, Kunststoff oder Leder";"1321 111"
"Uhren, Reparaturen an";"1321 202"
"Uhrenbaukästen";"0921 205"
"Uhrenradios (ohne Kassettengerät und/oder CD-Player), nicht mit Tonaufnahme- und/oder -wiedergabegeräten kombiniert";"0814 011"
"Uhrketten aus Edelmetall";"1321 112"
"Uhrketten aus unedlem Metall";"1321 111"
"UKW-Antennen (ohne kombinierte Rundfunk-Fernsehempfangsantennen)";"0814 017"
"UKW-Antennenanschlüsse";"0552 204"
"Ultraschall-Insektenschutz";"0532 102"
"Ultraschall-Kontaktlinsenreinigungsgeräte";"0612 305"
"Umarbeitung von Schmuck";"1321 201"
"Umformen von Hüten";"0314 200"
"Umhänge für Damenl (ohne Sportbekleidung)";"0312 218"
"Umhänge für Herren (ohne Sportbekleidung)";"0312 117"
"Umhänge für Jungen (ohne Sportbekleidung)";"0312 182"
"Umhänge für Mädchen (ohne Sportbekleidung)";"0312 292"
"Umhänge für Säuglinge";"0312 308"
"Umhängetaschen aus Leder, Kunststoff oder anderem Material";"1329 112"
"Umhängetücher";"0313 107"
"Umlagen für Gasheizung";"0452 105"
"Umlagen für Ölheizung, Ausgaben der Wohnungsinhaberinnen und Wohnungsinhaber";"0453 005"
"Umlagen für Ölheizung";"0453 005"
"Umlagen für Warmwasser aus Fernheizkraftwerken";"0455 001"
"Umlagen für Wohnungsnebenkosten, a.n.g. (ohne Umlagen für Heizung und Warmwasser), von Eigentümerwohnungen u.ä. (ohne Freizeitwohnungen)";"0444 995"
"Umlagen für Wohnungsnebenkosten, a.n.g. (ohne Umlagen für Heizung und Warmwasser), von Eigentümerwohnungen u.ä. für Freizeitzwecke";"0444 997"
"Umlagen für Wohnungsnebenkosten, a.n.g. (ohne Umlagen für Heizung und Warmwasser), von gemieteten Freizeitwohnungen";"0444 993"
"Umlagen für Wohnungsnebenkosten, a.n.g. (ohne Umlagen für Heizung und Warmwasser), von Mietwohnungen (ohne Freizeitwohnungen), nicht spezialisiert";"0444 991"
"Umlagen für Wohnungsnebenkosten, Fahrstuhlwartung, von Mietwohnungen (ohne Freizeitwohnungen)";"0444 991"
"Umsatzsteuer, gelegentlich";"1612 800"
"Umschläge, Briefumschläge";"0974 001"
"Umschulungsgeld, andere laufende Übertragungen nach dem Sozialgesetzbuch III - Arbeitsförderung";"0031 570"
"Umsteckkalender";"0973 002"
"UMTS-Antennen";"0819 209"
"Umweltplakette für Kfz";"0724 328"
"Umzäunungen für Gärten und Grundstücke";"0552 104"
"Umzugskartons";"0561 902"
"Umzugskostenerstattung durch den Arbeitgeber";"0095 000"
"Umzugskosten für geschäftliche und dienstliche Zwecke";"1691 000"
"Unfallausgleich an ehemalige Beamte";"0031 710"
"Unfallentschädigung aus der Kraftfahrzeugversicherung";"0033 230"
"Unfallentschädigung aus privater Schaden- und Unfallversicherung, Renten";"0033 220"
"Unfallentschädigung aus privater Schaden- und Unfallversicherung";"0033 230"
"Unfallrenten aus der Haftpflichtversicherung";"0033 220"
"Unfallrenten aus der Kraftfahrzeugversicherung";"0033 220"
"Unfallrenten aus privater Schadenversicherung";"0033 220"
"Unfallrenten aus privater Unfallversicherung";"0033 220"
"Unfallruhegehälter an ehemalige Beamte";"0031 710"
"Unfall- und Schadensversicherung, Kraftfahrzeugversicherung (ohne Haftpflicht-, Kasko-, Insassenversicherung), Prämien";"1633 700"
"Unfall- und Schadensversicherung, privat, einmalig und unregelmäßig Einnahmen für Personen- und Sachschäden";"0033 220"
"Unfall- und Schadenversicherung, Berufsunfähigkeitsversicherung (auch als Zusatzversicherung), Prämien";"1639 400"
"Unfall- und Schadenversicherung, Gebäudeversicherung mit Elementarschutz, Prämien";"1673 000"
"Unfall- und Schadenversicherung, Gebäudeversicherung ohne Elementarschutz, Prämien";"1673 000"
"Unfall- und Schadenversicherung, Gewässerschadenversicherung, Prämien";"1673 000"
"Unfall- und Schadenversicherung, Grundbesitzer-Haftpflichtversicherung, Prämien";"1673 000"
"Unfall- und Schadenversicherung, Hausratversicherung, Prämien";"1639 300"
"Unfall- und Schadenversicherung, Kraftfahrzeug-Haftpflichtversicherung, Prämien";"1633 100"
"Unfall- und Schadenversicherung, Kraftfahrzeug-Insassenversicherung, Prämien";"1633 500"
"Unfall- und Schadenversicherung, Kraftfahrzeug-Kaskoversicherung, Prämien";"1633 200"
"Unfall- und Schadenversicherung, Personen-Haftpflichtversicherung, Prämien";"1639 100"
"Unfall- und Schadenversicherung, private Unfallversicherung, Prämien";"1639 500"
"Unfall- und Schadenversicherung, Rechtsschutzversicherung, Prämien";"1639 700"
"Unfallversicherung, privat, für Personen- und Sachschäden";"0033 220"
"Unfallversicherungen, Entgelte für Dienstleistungen für den Verkehr (ohne Versicherungsbeiträge)";"1214 100"
"Unfallversicherungen, im Zusammenhang mit der Wohnung (ohne Gebäudeversicherungsdienstleistungen; ohne Versicherungsbeiträge)";"1213 000"
"Unfallversicherungen, privat, Prämien";"1639 500"
"Unfallversicherungen, privat, Prämienerstattung";"0033 230"
"Unfallversicherungen, Versicherungsdienstleistungen mit gesetzlichen Unfallversicherungen im Zusammenhang mit der Gesundheit (ohne Versicherungsbeiträge)";"1211 002"
"Unfallversicherungen, Versicherungsdienstleistungen mit privaten Unfallversicherungen im Zusammenhang mit der Gesundheit (ohne Versicherungsbeiträge)";"1211 003"
"Unfallversicherung mit Kapitalbindung";"1639 500"
"Ungeziefervertilgungsmittel für den Garten";"0931 102"
"Ungeziefervertilgungsmittel für den Haushalt";"0561 906"
"Uniformen aus anderem Material, für Damen";"0312 222"
"Uniformen aus Baumwolle sowie aus zellulosischen und synthetischen Fasern und Fäden, für Damen";"0312 221"
"Uniformen für Herren";"0312 122"
"Uniformmützen";"0313 103"
"Unisex-Schuhe (ohne Turn- u.ä. Sportschuhe) von Damen getragen";"0321 210"
"Unisex-Sportschuhe (ohne Spezialsportschuhe)";"0321 250"
"Unisex-Turnschuhe (ohne Spezialsportschuhe) von Damen getragen";"0321 250"
"Unisex-Turnschuhe (ohne Spezialsportschuhe) von Herren getragen";"0321 150"
"Unkrautvertilgungsmittel für den Garten";"0931 102"
"Unterbekleidungsstoffe, Meterware";"0311 000"
"Unterbetten";"0521 202"
"Unterbrecherkontakte für Kraftfahrzeuge";"0721 201"
"Unterbringung in Hundepensionen";"0945 009"
"Unterbringung von Privatflugzeugen in Flugzeughallen";"0942 206"
"Unterhaltsbeitrag an ehemalige Beamte";"0031 710"
"Unterhaltsbeitrag an frühere Ehegatten von Verstorbenen ehemaligen Beamten";"0031 730"
"Unterhaltsgeld für Teilnahme aus beruflichen Fortbildungs- und Umschulungsmaßnahmen nach dem Arbeitsförderungsgesetz";"0031 570"
"Unterhaltshilfe aus dem Lastenausgleich, laufende Einnahmen";"0031 680"
"Unterhaltssicherung für Soldaten, nach dem Unterhaltssicherungsgesetz";"0031 639"
"Unterhaltssicherung für Zivildienstleistende, nach dem Unterhaltssicherungsgesetz";"0031 639"
"Unterhaltsvorschussleistungen nach dem Unterhaltsvorschussgesetz";"0031 614"
"Unterhaltszahlungen, freiwillige, an den geschiedenen Ehepartner, Ausgaben";"1643 200"
"Unterhaltszahlungen, freiwillige Übertragungen, an nicht im Haushalt lebende Familienangehörige, Ausgaben";"1643 200"
"Unterhaltszahlungen, gesetzliche und vertragliche, an den geschiedenen Ehepartner, Ausgaben";"1643 100"
"Unterhaltszahlungen, gesetzliche und vertragliche, an nicht im Haushalt lebende Familienangehörige, Ausgaben";"1643 100"
"Unterhaltszahlungen und andere Unterstützungen von anderen privaten Haushalten (auch Leibrenten; ohne freies Wohnen)";"0033 420"
"Unterhaltszahlungen vom geschiedenen Ehepartner";"0033 420"
"Unterhaltszahlungen von nicht im Haushalt lebenden Familienangehörigen";"0033 420"
"Unterhaltszuschüsse aus einem Arbeits- oder Dienstverhältnis, brutto";"0011 160"
"Unterhaltungsbroschüren";"0971 901"
"Unterhaltungsbücher";"0971 901"
"Unterhaltungsspiele, Gesellschaftsspiele";"0921 201"
"Unterhaltungszeitschriften";"0972 201"
"Unterhemden für Damen";"0312 279"
"Unterhemden für Herren";"0312 161"
"Unterhemden für Jungen";"0312 188"
"Unterhemden für Mädchen";"0312 298"
"Unterhemden für Säuglinge";"0312 303"
"Unterhosen für Säuglinge (wasserdicht)";"0312 303"
"Unterkleider für Damen";"0312 279"
"Unterkleider für Mädchen";"0312 298"
"Unterlagen für Teppiche";"0431 106"
"Unterlegscheiben";"0561 905"
"Untermieten, Ausgaben (in der Untermiete sind Nebenkosten und vielfach auch Entgelte für die Benutzung der Möbel und für andere Dienstleistungen enthalten)";"0411"
"Unterrichtsfarben";"0974 008"
"Unterröcke für Damen, auch Halbröcke";"0312 279"
"Unterröcke für Mädchen, auch Halbröcke";"0312 298"
"Untersetzer aus Papier, für Geschirr";"0561 902"
"Untersetzer aus unedlem Metall, Kunststoff, Holz, für Geschirr";"0540 328"
"Untersetzer für Öfen und Herde";"0561 909"
"Untersetzer für Topfpflanzen, Gebrauchsgüter";"0931 103"
"Unterstellte Mietzahlungen für Freizeitwohnungen (enthalten sind Mietwerte von Eigentümerwohnungen in Wochenendhäusern, Appartementhäusern u.ä., die vom Eigentümer in der Freizeit genutzt werden; ohne Nebenkosten)";"0422 000"
"Unterstellte Mietzahlungen für kostenlos überlassene Wohnungen (ohne Nebenkosten)";"0422 000"
"Unterstützungen, freiwillige, an andere private Haushalte, Ausgaben";"1643 200"
"Unterstützungen, gesetzliche und vertragliche, an andere private Haushalte, Ausgaben";"1643 100"
"Unterstützungen, Sozialhilfe, laufende Einnahmen";"0031 615"
"Unterstützungen, Streikunterstützungen, laufende Einnahmen";"0033 300"
"Unterstützungen, von anderen privaten Haushalten";"0033 420"
"Unterstützungen, von Kirchen und karitativen Einrichtungen";"0033 410"
"Unterstützungen, Werksunterstützungen, laufende Einnahmen (ohne Sachbezüge)";"0033 110"
"Unterstützungen von anderen privaten Haushalten für freies Wohnen";"0033 440"
"Unterstützungen von Gewerkschaften ohne Streikgelder";"0033 410"
"Unterstützungen von Organisationen ohne Erwerbszweck";"0033 410"
"Unterstützungsleistungen von SED-Opfern aufgrund des STRREHAG";"0031 639"
"Unterstützungszahlungen, freiwillige, an den geschiedenen Ehepartner, Ausgaben";"1643 200"
"Unterstützungszahlungen, freiwillige, an nicht im Haushalt lebende Familienangehörige, Ausgaben";"1643 200"
"Unterstützungszahlungen, gesetzliche und vertragliche, an den geschiedenen Ehepartner, Ausgaben";"1643 100"
"Unterstützungszahlungen, gesetzliche und vertragliche, an nicht im Haushalt lebende Familienangehörige, Ausgaben";"1643 100"
"Unterstützungszahlungen, vom geschiedenen Ehepartner";"0033 420"
"Unterstützungszahlungen, von nicht im Haushalt lebenden Familienangehörigen";"0033 420"
"Untertassen aus Glas";"0540 105"
"Untertassen aus Porzellan";"0540 102"
"Untertassen aus Steingut u.a. feinkeramischen Stoffen";"0540 102"
"Unterwäsche aus Gewebe, für Säuglinge";"0312 303"
"Unterwäsche für Damen";"0312 279"
"Unterwäsche für Herren";"0312 161"
"Unterwäsche für Jungen";"0312 188"
"Unterwäsche für Mädchen";"0312 298"
"Unterwassermassagen";"0623 105"
"Urkunden, blanko";"0974 003"
"Urlaubsgeld aus einem Arbeits- oder Dienstverhältnis, brutto, Einnahmen";"0011 120"
"Urlaubsgeld für anderes Hauspersonal";"0562 100"
"Urlaubsgeld für Hauspersonal zur Betreuung von älteren Personen";"0562 100"
"Urlaubsgeld für Hauspersonal zur Kinderbetreuung";"0562 100"
"Urlaubspflegedienste, Dienstleistungen der häusliche Alten- und Behindertenpflege";"1330 300"
"Urnen";"1329 131"
"USB-Sticks";"0815 005"
"Vanille, Gewürze";"0119 402"
"Vanillesoße";"0119 904"
"Vanillesoßenpulver";"0119 904"
"Vanillezucker";"0119 905"
"Vanillin";"0119 905"
"Vans, gebraucht";"0711 200"
"Vans, neu";"0711 100"
"Vasen (ohne Grabvasen)";"0540 105"
"Vegemite, (Brotaufstrich/Würzmittel aus Hefeextrakt)";"0117 928"
"Vegetarische Kost, Bratlinge auf Gemüsebasis";"0117 929"
"Vegetarische Kost, wie Tofu, Bratlinge";"0117 928"
"Vegetarische Pasteten auf Gemüsebasis";"0117 929"
"Vegetarische Pasteten auf Sojabasis u.ä.";"0117 928"
"Vegetarischer Brotaufstrich auf Gemüsebasis";"0117 929"
"Vegetarischer Brotaufstrich auf Sojabasis u.ä.";"0117 928"
"Velourteppiche";"0511 406"
"Ventilatoren, elektrisch, Heizventilatoren";"0531 306"
"Ventilatoren, elektrisch (ohne Heizventilatoren)";"0532 909"
"Ventilatoren, Reparaturen an";"0533 001"
"Ventile für Fahrradschläuche";"0721 208"
"Ventile für Kraftfahrzeugschläuche";"0721 202"
"Verarbeitung von Grundstoffen für Nahrungsmittel und alkoholfreie Getränke";"0130 000"
"Veräußerung des Betriebsvermögens";"0062 000"
"Veräußerung des Gesamtbetriebes";"0062 000"
"Veräußerung von Anteilen einer GmbH oder Genossenschaft ohne Baugenossenschaft";"0071 420"
"Veräußerung von Baugenossenschaftsanteilen";"0071 300"
"Veräußerung von Betriebsvermögen";"0062 000"
"Veräußerung von Einlagen im eigenen Unternehmen, auch als vollhaftender Gesellschafter einer OHG oder KG";"0062 000"
"Verbandkästen, auch für Kraftfahrzeuge";"0612 302"
"Verbandstoffe, Erstattungen aus der gesetzlichen Krankenversicherung";"0031 420"
"Verbandstoffe, Erstattungen aus privater Krankenversicherung";"0033 210"
"Verbandtaschen, auch für Kraftfahrzeuge";"0612 302"
"Verbandwatte";"0612 303"
"Verbraucherverbände, laufende Beiträge";"1641 900"
"Verbraucherverbände, Mitgliedsbeiträge";"1641 900"
"Verbraucherverbände, Spenden und unregelmäßige Beiträge";"1642 900"
"Verbrauchsgüter für die Heimtierhaltung (ohne Futter)";"0932 209"
"Verbrauchsgüter für Foto- und Filmzwecke (ohne Batterien)";"0911 207"
"Verbrauchsgüter für Freizeit und Unterhaltung, z.B. Bast, Stroh und Glanzpapier für kunstgewerbliche Zwecke, Glas- und Holzperlen für Bastelzwecke";"0921 209"
"Verbrauchsgüter für Handarbeiten (ohne Kurzwaren)";"0561 909"
"Verbrauchsgüter für Raucher (ohne Tabakwaren und Zigarettenpapier)";"1329 133"
"Verbrauchszucker";"0118 100"
"Verdampfer für Heizkörper (ohne elektrische)";"0561 909"
"Verdünnungen für Anstrichfarben, für Schönheitsreparaturen, auf Kosten der Wohnungsinhaberinnen und Wohnungsinhaber";"0431 103"
"Verdunstungsbehälter für Heizkörper (ohne elektrische)";"0540 105"
"Vereinigungen von Kriegs- und Zivilbeschädigten, laufende Beiträge";"1641 900"
"Vereinsabzeichen, Gebrauchsgüter für Freizeit und Unterhaltung";"0921 303"
"Vergnügungsparks, Eintrittsgelder";"0946 101"
"Vergrößerung des Betriebsvermögens";"1665 000"
"Vergrößerungen von Fotos, Dienstleistungen";"0963 000"
"Vergrößerungsapparate, Fotolaborgeräte";"0911 108"
"Verkauf gebrauchter Waren des Haushalts (einschl. Kraftfahrzeuge)";"0055 220"
"Verkauf im Haushalt erzeugter Waren, Einnahmen";"0055 100"
"Verkauf im Haushalt erzeugter Waren, Erzeugnisse aus Garten, Kleintierhaltung u.ä.";"0055 100"
"Verkauf von Aktien und Bezugsrechten";"0071 410"
"Verkauf von Anteilen einer GmbH oder Genossenschaft (ohne Baugenossenschaft)";"0071 420"
"Verkauf von Baugenossenschaftsanteilen";"0071 300"
"Verkauf von Bausparverträgen";"0071 300"
"Verkauf von Eigenheimen";"0061 000"
"Verkauf von Eigentumswohnungen";"0061 000"
"Verkauf von festverzinslichen Wertpapieren";"0071 410"
"Verkauf von Garagen";"0061 000"
"Verkauf von Gartenland";"0061 000"
"Verkauf von Geschäfts- und Genossenschaftsanteilen (ohne Baugenossenschaftsanteile)";"0071 420"
"Verkauf von Gold u.a. Edelmetall";"0063 000"
"Verkauf von Gold- und Silbermünzen, soweit gesetzliche Zahlungsmittel";"0063 000"
"Verkauf von Gold- und Silbermünzen, soweit nicht gesetzliche Zahlungsmittel";"0055 220"
"Verkauf von Investmentzertifikaten";"0071 410"
"Verkauf von privaten (nicht betrieblichen) Eigentumswohnungen";"0061 000"
"Verkauf von privaten (nicht betrieblichen) Gebäuden";"0061 000"
"Verkauf von privaten (nicht betrieblichen) Grundstücken";"0061 000"
"Verkauf von Schmuck, Einnahmen";"0055 210"
"Verkauf von Unternehmen";"0062 000"
"Verkauf von Waren, Einnahmen";"0055"
"Verkauf von Waren (ohne im Haushalt selbsterzeugter Waren und ohne Schmuck), Einnahmen";"0055 220"
"Verkauf von Wertpapieren";"0071 410"
"Verkauf von Wohngebäuden und -Grundstücken";"0061 000"
"Verkauf von Wohn- und Gartenlauben";"0061 000"
"Verlängerungskabel, Elektrokabel";"0431 108"
"Verlegen von Bodenbelägen";"0432 006"
"Verlegen von Teppichen und elastischen Bodenbelägen";"0432 006"
"Verletztengeld aus der gesetzlichen Unfallversicherung";"0031 300"
"Verletztenrenten aus der gesetzlichen Unfallversicherung";"0031 300"
"Verletztenrenten sowie Verletzten-, Übergangs- und Pflegegelder aus der gesetzlichen Unfallversicherung";"0031 300"
"Verlobungsanzeigen, Zeitungsinserate";"1390 906"
"Verlobungskarten";"0973 001"
"Verlorenes Geld";"1696 000"
"Verluste, Spielverluste an andere private Haushalte";"1647 000"
"Verluste, Spielverluste bei Lotto, Toto, Lotterie, Spielbank, Rennwette u.ä.";"1647 000"
"Vermehrungsgut von Blumen und Zierpflanzen";"0931 227"
"Vermehrungsgut von Gemüse, Getreide und Futterpflanzen";"0931 218"
"Vermessungsgebühren, Kauf von Grundstücken, Hausbau";"1661 000"
"Vermietung und Verpachtung von Grundstücken, Gebäuden,  Eigentumswohnungen sowie andere Einnahmen aus Vermietung und Verpachtung (ohne Untervermietung), Einnahmen";"0021"
"Vermietung von Einfamilienhäusern, Einnahmen (einschl. Umlagen für Nebenkosten)";"0021 110"
"Vermietung von Einfamilienhäusern, Einnahmen (ohne Umlagen für Nebenkosten)";"0021 120"
"Vermietung von Einfamilienhäusern (einschl. Umlagen für Nebenkosten), Einnahmen";"0021 110"
"Vermietung von Einfamilienhäusern (ohne Umlagen für Nebenkosten), Einnahmen";"0021 120"
"Vermietung von Garagen, Einnahmen einschl. (Umlagen für Nebenkosten)";"0021 1"
"Vermietung von Garagen (einschl. Umlagen für Nebenkosten), Einnahmen";"0021 1"
"Vermietung von gewerblich genutzten Räumen, Einnahmen (einschl. Umlagen für Nebenkosten)";"0021 1"
"Vermietung von gewerblich genutzten Räumen (einschl. Umlagen für Nebenkosten), Einnahmen";"0021 1"
"Vermietung von Wohnungen, Einnahmen (einschl. Umlagen für Nebenkosten), brutto";"0021 110"
"Vermietung von Wohnungen, Einnahmen (ohne Umlagen für Nebenkosten), netto";"0021 120"
"Vermietung von Wohnungen (einschl. Umlagen für Nebenkosten), Einnahmen";"0021 110"
"Vermietung von Wohnungen (ohne Umlagen für Nebenkosten), Einnahmen";"0021 120"
"Verminderung des Betriebsvermögens durch Entnahmen für private Zwecke";"0062 000"
"Vermittlung von Bank- und Börsengeschäften, Entgelte für Dienstleistungen";"1229 900"
"Vermittlung von Grundstücken, Gebäuden und Eigentumswohnungen, Maklergebühren";"1661 000"
"Vermittlung von Hauspersonal";"1390 909"
"Vermögen, Einnahmen aus";"002"
"Vermögensentschädigung an rassisch, religiös und politisch Verfolgte";"0031 639"
"Vermögensverwaltung, Einnahmen für nichtselbständige Personen aus selbständiger Arbeit";"0013 900"
"Vermögenswirksame Leistungen des Arbeitgebers, brutto";"0011 130"
"Verpachtung von Gärten, Wochenendgrundstücken u.ä., Einnahmen (einschl. Umlagen für Nebenkosten)";"0021 1"
"Verpackungskisten aus Kunststoff";"0540 325"
"Verpackungskisten aus Pappe";"0561 902"
"Verpackungsmittel aus Papier (ohne Behälter)";"0561 902"
"Verpflegungskosten, Erstattung durch den Arbeitgeber";"0095 000"
"Verpflegungskosten für geschäftliche und dienstliche Zwecke";"1691 000"
"Verpflegungszuschüsse aus einem Arbeits- oder Dienstverhältnis, brutto";"0011 160"
"Versandhauskataloge";"0973 004"
"Versandkosten für Briefe";"0741 100"
"Versandtaschen";"0974 001"
"Verschlüsse für Bekleidung, Haushaltswäsche und Heimtextilien";"0313 209"
"Verschlüsse für Foto- und Filmgeräte";"0911 202"
"Verschlüsse für Türen u.ä.";"0431 108"
"Verschrottungsprämie für Kraftfahrzeuge";"0031 639"
"Versicherungsdienstleistungen im Zusammenhang  mit dem Verkehr (ohne Versicherungsbeiträge)";"1214"
"Versicherungsdienstleistungen im Zusammenhang  mit dem Verkehr (ohne Versicherungsbeiträge) mit privaten Verkehrsmitteln";"1214 100"
"Versicherungsdienstleistungen im Zusammenhang mit der Wohnung (ohne Gebäudeversicherungsdienstleistungen) (ohne Versicherungsbeiträge)";"1213 000"
"Versicherungsdienstleistungen im Zusammenhang mit gesetzlichen Unfallversicherungen (ohne Versicherungsbeiträge)";"1211 002"
"Versicherungsdienstleistungen im Zusammenhang mit privaten Unfallversicherungen (ohne Versicherungsbeiträge)";"1211 003"
"Versicherungsdienstleistungen im Zusammenhang mit Reise- und Gepäckversicherungen (ohne Versicherungsbeiträge)";"1214 200"
"Versicherungsdienstleistungen von gesetzlichen Krankenversicherungen (ohne Versicherungsbeiträge)";"1212 001"
"Versicherungsdienstleistungen von privaten  Krankenversicherungen (ohne Versicherungsbeiträge)";"1212 002"
"Versicherungsrenten aus Zusatzversorgungskassen des öffentlichen Dienstes an Versicherte";"0033 131"
"Versicherungsrenten aus Zusatzversorgungskassen des öffentlichen Dienstes an Witwen und Witwer";"0033 132"
"Versicherungsrenten aus Zusatzversorgungskassen des öffentlichen Dienstes für Waisen";"0033 132"
"Versiegelung von Parkettfußböden";"0432 009"
"Versorgungskassen, einmalige und unregelmäßige Einnahmen von Freiberuflern";"0077 200"
"Versorgungskassen, freiwillige Beiträge, Prämien";"1631 200"
"Versorgungskassen, laufende Einnahmen von Freiberuflern";"0077 100"
"Versorgungskrankengeld der gesetzlichen Rentenversicherung, bei medizinischen Rehabilitationsmaßnahmen";"0031 110"
"Versorgungskrankengeld der Kriegsopferversorgung, bei Heilbehandlung";"0031 680"
"Versorgungsrenten aus Zusatzversorgungskassen des öffentlichen Dienstes, an Versicherte";"0033 131"
"Versorgungsrenten aus Zusatzversorgungskassen des öffentlichen Dienstes, an Witwen und Witwer";"0033 132"
"Versorgungsrenten aus Zusatzversorgungskassen des öffentlichen Dienstes, für Waisen";"0033 132"
"Versorgungswerke der Berufsstände, Pflichtbeiträge zur Rentenversicherung";"1621 800"
"Versteigerungsgebühren";"1390 909"
"Vertäfeln von Decken, auf Kosten der Eigentümerinnen und Eigentümer, werterhöhend";"1663 000"
"Vertäfeln von Decken, auf Kosten der Mieterinnen und der Mieter";"0432 009"
"Vertilgung von Ungeziefer, Dienstleistungen";"0562 909"
"Verwaltungsfachhochschulen, tertiärer Nicht-Hochschulbereich, Dienstleistungen";"1040 015"
"Verwaltungsgebühren (ohne gebührenpflichtige Verwarnung, Bußgelder, Vollstreckung, Baugenehmigungen), Standesamtsgebühren";"1390 901"
"Verwaltungsgebühren für öffentliche oder private Pensionsfonds";"1229 900"
"Verwaltungskosten, Ausgaben der Eigentümerinnen und Eigentümer für vermietete Wohnungen";"1679 400"
"Verwarnungen, gebührenpflichtig";"1645 000"
"Verzehr von Bier (auch alkoholfreies Bier) in Kantinen, Mensen, a.n.g.";"1112 900"
"Verzehr von Bier (auch alkoholfreies Bier) in Kantinen, Mensen von Hochschulen";"1112 100"
"Verzehr von Bier (auch alkoholfreies Bier) in Restaurants, Cafés, Bars,  mit umfassender Bedienungsleistung";"1111 144"
"Verzehr von feinen Backwaren in Kantinen, Mensen, a.n.g.";"1112 900"
"Verzehr von feinen Backwaren in Kantinen, Mensen von Hochschulen, Schulen und Kindergärten";"1112 100"
"Verzehr von feinen Backwaren in Restaurants, Cafés, Bars, mit umfassender Bedienungsleistung";"1111 121"
"Verzehr von Fischgerichten (auch Verzehr von Krebs- und Weichtieren), in Kantinen, Mensen, a.n.g.";"1112 900"
"Verzehr von Fischgerichten (auch Verzehr von Krebs- und Weichtieren), in Kantinen, Mensen von Hochschulen, Schulen und Kindergärten";"1112 100"
"Verzehr von Fischgerichten (auch Verzehr von Krebs- und Weichtieren), in Restaurants, Cafés, Bars, mit umfassender Bedienungsleistung";"1111 114"
"Verzehr von Fleischgerichten, in Kantinen, Mensen, a.n.g.";"1112 900"
"Verzehr von Fleischgerichten, in Kantinen, Mensen von Hochschulen, Schulen und Kindergärten";"1112 100"
"Verzehr von Fleischgerichten (ohne Grillgerichte), in Restaurants, Cafés, Bars, mit umfassender Bedienungsleistung";"1111 113"
"Verzehr von Fruchtweinen, in Kantinen, Mensen, a.n.g.";"1112 900"
"Verzehr von Fruchtweinen, in Kantinen, Mensen von Hochschulen";"1112 100"
"Verzehr von Fruchtweinen, in Restaurants, Cafés, Bars, mit umfassender Bedienungsleistung";"1111 143"
"Verzehr von Gerichten anderer Art, in Kantinen, Mensen, a.n.g.";"1112 900"
"Verzehr von Gerichten anderer Art, in Kantinen, Mensen von Hochschulen, Schulen und Kindergärten";"1112 100"
"Verzehr von Getränken in Kantinen, Mensen, a.n.g.";"1112 900"
"Verzehr von Getränken in Kantinen, Mensen von Hochschulen, Schulen und Kindergärten";"1112 100"
"Verzehr von Grillgerichten, in Restaurants, Cafés, Bars, mit umfassender Bedienungsleistung";"1111 115"
"Verzehr von Krebstieren, in Kantinen, Mensen, a.n.g.";"1112 900"
"Verzehr von Krebstieren, in Kantinen, Mensen von Hochschulen, Schulen und Kindergärten";"1112 100"
"Verzehr von Krebstieren, in Restaurants, Cafés, Bars, mit umfassender Bedienungsleistung";"1111 114"
"Verzehr von Longdrinks in Restaurants, Cafés, Bars, mit umfassender Bedienungsleistung";"1111 141"
"Verzehr von Mineralwasser, in Kantinen, Mensen, a.n.g.";"1112 900"
"Verzehr von Mineralwasser, in Kantinen, Mensen von Hochschulen, Schulen und Kindergärten";"1112 100"
"Verzehr von Mineralwasser, in Restaurants, Cafés, Bars, mit umfassender Bedienungsleistung";"1111 151"
"Verzehr von Sekt, in Kantinen, Mensen, a.n.g.";"1112 900"
"Verzehr von Sekt, in Kantinen, Mensen von Hochschulen";"1112 100"
"Verzehr von Sekt, in Restaurants, Cafés, Bars, mit umfassender Bedienungsleistung";"1111 143"
"Verzehr von Speiseeis, in Kantinen, Mensen, a.n.g.";"1112 900"
"Verzehr von Speiseeis, in Kantinen, Mensen von Hochschulen, Schulen und Kindergärten";"1112 100"
"Verzehr von Speiseeis, in Restaurants, Cafés, Bars, Eissalons, mit umfassender Bedienungsleistung";"1111 122"
"Verzehr von Speisen am Imbissstand, mit Getränken";"1111 204"
"Verzehr von Speisen am Imbissstand, ohne Getränke";"1111 205"
"Verzehr von Speisen in Kantinen, Mensen, a.n.g.";"1112 900"
"Verzehr von Speisen in Kantinen, Mensen von Hochschulen, Schulen und Kindergärten";"1112 100"
"Verzehr von Speisen in Kindergärten, a.n.g.";"1112 900"
"Verzehr von Speisen und Getränken außer Haus (zum Bruttoeinkommen aus unselbständiger Arbeit gehörende Sachleistungen)";"0012 240"
"Verzehr von Speisen und Mahlzeiten, nicht aufteilbar, in Restaurants, Cafés, Bars, mit umfassender Bedienungsleistung";"1111 119"
"Verzehr von Spirituosen, in Kantinen, Mensen, a.n.g.";"1112 900"
"Verzehr von Spirituosen, in Kantinen, Mensen von Hochschulen, Schulen und Kindergärten";"1112 100"
"Verzehr von Spirituosen, in Restaurants, Cafés, Bars, mit umfassender Bedienungsleistung";"1111 141"
"Verzehr von Spirituosen, in Restaurants, Cafés, Bars, mit umfassender Bedienungsleistung";"1111 142"
"Verzehr von Suppen und Eintöpfen, in Kantinen, Mensen, a.n.g.";"1112 900"
"Verzehr von Suppen und Eintöpfen, in Kantinen, Mensen von Hochschulen, Schulen und Kindergärten";"1112 100"
"Verzehr von Suppen und Eintöpfen, in Restaurants, Cafés, Bars, mit umfassender Bedienungsleistung";"1111 112"
"Verzehr von Teigwarengerichten, in Kantinen, Mensen, a.n.g.";"1112 900"
"Verzehr von Teigwarengerichten, in Kantinen, Mensen von Hochschulen, Schulen und Kindergärten";"1112 100"
"Verzehr von Teigwarengerichten, in Restaurants, Cafés, Bars, mit umfassender Bedienungsleistung";"1111 116"
"Verzehr von Traubenweinen, in Kantinen, Mensen, a.n.g.";"1112 900"
"Verzehr von Traubenweinen, in Kantinen, Mensen von Hochschulen";"1112 100"
"Verzehr von Traubenweinen, in Restaurants, Cafés, Bars, mit umfassender Bedienungsleistung";"1111 143"
"Verzehr von Weichtieren, in Kantinen, Mensen, a.n.g.";"1112 900"
"Verzehr von Weichtieren, in Kantinen, Mensen von Hochschulen, Schulen und Kindergärten";"1112 100"
"Verzehr von Weichtieren, in Restaurants, Cafés, Bars, mit umfassender Bedienungsleistung";"1111 114"
"Verzinsung von Hypotheken, Grundschulden und andere Baudarlehen";"1651 400"
"Verzinsung von Raten- und Konsumentenkrediten von Kreditinstituten";"1652 500"
"Veterinär- u.a. Dienstleistungen für Haustiere";"0945 002"
"Veterinär- u.a. Dienstleistungen für Pferde und Ponys, für Freizeit";"0945 001"
"Videofilme, Miete für";"0839 203"
"Videokameras, Miete für";"0941 000"
"Videokameras (einschl. Camcordern)";"0911 105"
"Videokassetten, bespielt";"0952 003"
"Videokassetten, unbespielt";"0815 005"
"Videokassetten für Videorekorder, unbespielt";"0815 002"
"Videoplayer (ohne Camcorder)";"0814 022"
"Videorecorder, Miete für";"0835 005"
"Videorecorder (ohne Camcorder)";"0814 022"
"Videospiele (einschl. Software), Miete";"0943 100"
"Videospiele (einschl. Software)";"0921 100"
"Videosysteme für Kraftfahrzeuge";"0814 018"
"Vieh, lebend";"0932 102"
"Viehfutter (ohne Arzneimittel)";"0932 201"
"Viehketten";"0932 202"
"Viehsalz";"0932 201"
"Vierrädrige Leichtkraftfahrzeuge bis 45 km/h, bis 50 ccm (Fremdzündungsmotor), bis 500 ccm (Selbstzündungsmotor) bis 4 kW bei Elektromotor, bis 425 kg und zwei Sitzplätzen";"0712 007"
"Viertaktmotoren für Kraftfahrzeuge";"0721 205"
"Violinen";"0951 003"
"Violoncelli";"0951 003"
"Visiere, Atemschutzmasken";"0612 209"
"Visitenkarten";"0973 001"
"Visumgebühren";"1390 902"
"Vitaminpräparate (ohne solche für Tiere), hoch dosiert, verschreibungspflichtig";"0611 120"
"Vitaminpräparate (ohne solche für Tiere), hoch dosiert, verschreibungspflichtig";"0611 120"
"Vitaminpräparate (ohne solche für Tiere), nicht verschreibungspflichtig";"0119 907"
"Vitamin-R-Paste, (Brotaufstrich/Würzmittel aus Hefeextrakt)";"0119 304"
"Vitrinen, Wohnzimmerschränke";"0511 114"
"Vögel, lebend, Zimmervögel";"0932 103"
"Vogelfutter für freilebende Vögel";"0932 201"
"Vogelfutter für Heimtiere (ohne Arzneimittel)";"0932 201"
"Vogelhäuschen für den Garten";"0931 105"
"Vogelkäfige";"0932 202"
"Vogelsand";"0932 209"
"VoIP  (Voice over Internet Protocol), Gebühren für";"0839 909"
"VoIP-Router";"0813 204"
"Vokabelhefte, Schreibhefte";"0974 002"
"Volksfeste, Eintrittsgelder";"0946 101"
"Volldünger";"0931 101"
"Volleybälle";"0922 121"
"Voll-Flatrates in nationales Festnetz und alle Mobilfunknetze";"0834 000"
"Vollkornbrot";"0111 313"
"Vollmilch";"0114 100"
"Vollmilchpulver";"0114 301"
"Vollmilchschokoladen, Tafelschokoladen";"0118 503"
"Vollstreckungsgebühren";"1645 000"
"Vollwaschmittel";"0561 111"
"Von Tieren gezogene Fahrzeuge mit Fahrer, Beförderung mit";"0732 900"
"Vorauszahlung von Einkommensteuer";"1611 150"
"Vorführapparate, Kinofilmprojektoren";"0911 108"
"Vorhänge, konfektioniert";"0521 101"
"Vorhängen, Reparaturen an";"0522 000"
"Vorhängeschlösser";"0552 208"
"Vorhangschienen";"0552 208"
"Vorhangstoffe, Meterware";"0521 101"
"Vorlagen für Inkontinenz";"0613 306"
"Vormerkbücher, Kalender";"0973 002"
"Vorratsbehälter aus feinkeramischen Stoffen, Küchenbehälter";"0540 105"
"Vorratsbehälter aus Glas, Küchenbehälter";"0540 105"
"Vorratsbehälter aus Kunststoff, Küchenbehälter";"0540 322"
"Vorratsbehälter aus Metall, Küchenbehälter";"0540 322"
"Vorruhestandsgeld vom ehemaligen Arbeitgeber";"0033 110"
"Vorsatzlinsen für Foto- und Filmgeräte";"0911 202"
"Vorschulklassen, Dienstleistungen";"1010 105"
"Vorschüsse aus einem Arbeits- oder Dienstverhältnis, brutto";"0011 110"
"Vorsorgedienstleistungen, a.n.g., ambulant";"0621 905"
"Vorsorgeverträge für Bestattungen";"1390 905"
"Vorwaschmittel";"0561 111"
"Waagen, Babywaagen";"0612 102"
"Waagen, Briefwaagen";"0974 006"
"Waagen, Küchenwaagen, nicht elektrisch";"0540 321"
"Waagen, Personenwaagen, nicht elektrisch";"1312 105"
"Wachdienste, Ausgaben der Wohnungsinhaberinnen und Wohnungsinhaber (ohne Umlagen)";"0432 007"
"Wacholder, Spirituosen, Verzehr in Kantinen, Mensen, a.n.g.";"1112 900"
"Wacholder, Spirituosen, Verzehr in Kantinen, Mensen von Hochschulen";"1112 100"
"Wacholder, Spirituosen, Verzehr in Restaurants, Cafés, Bars, mit umfassender Bedienungsleistung";"1111 141"
"Wacholder, Spirituosen";"0211 040"
"Wacholderfrüchte, getrocknet";"0119 402"
"Wachs, Bohnerwachs";"0561 116"
"Wachsbohnen, frisch";"0117 300"
"Wachsbohnen, Konserven";"0117 916"
"Wachskerzen";"0561 903"
"Wachsmalstifte";"0974 005"
"Wachsstreifen zum Enthaaren";"1312 240"
"Wachstuch, Tischdecken";"0521 301"
"Waffeleisen, elektrisch";"0532 102"
"Waffeleisen";"0532 102"
"Waffeln";"0111 352"
"Waffen, Sportwaffen";"0922 114"
"Waffenscheine";"1390 902"
"Waffenschränke";"0531 900"
"Wagenaußenwäsche";"0723 011"
"Wagenheber für Kraftfahrzeuge";"0721 305"
"Wageninnenreinigung";"0723 011"
"Wahrsager, Kartenleser";"1390 909"
"Währungsanleihen, Kauf";"1685 100"
"Währungsanleihen, Verkauf";"0071 410"
"Waisengeld aus der Altershilfe für Landwirte";"0031 130"
"Waisengeld für Waisen von ehemaligen Beamten";"0031 730"
"Waisenrenten aus der gesetzlichen Rentenversicherung";"0031 120"
"Waisenrenten aus der gesetzlichen Unfallversicherung";"0031 300"
"Waisenrenten aus der knappschaftlichen Rentenversicherung";"0031 120"
"Waisenrenten aus Zusatzversorgungskassen des öffentlichen Dienstes";"0033 132"
"Waisenrenten sowie Übergangs- und Pflegegelder aus der gesetzlichen Unfallversicherung";"0031 300"
"Walfleisch, frisch oder gefroren (ohne Innereien)";"0112 250"
"Walkingkurse";"0946 209"
"Walnüsse mit oder ohne Schale";"0116 801"
"Walnusskerne, unbearbeitet";"0116 801"
"Walrossfleisch, frisch oder gefroren (ohne Innereien)";"0112 250"
"Wandbeläge aus Kork, für Schönheitsreparaturen, auf Kosten der Wohnungsinhaberinnen und Wohnungsinhaber";"0431 102"
"Wandbeläge aus Kunststoff, für Schönheitsreparaturen, auf Kosten der Wohnungsinhaberinnen und Wohnungsinhaber";"0431 102"
"Wandbilder, Originale";"0511 407"
"Wandbilder, Reproduktionen";"0511 407"
"Wandbretter, Regale";"0511 114"
"Wandelanleihen, Kauf";"1685 100"
"Wandelanleihen, Verkauf";"0071 410"
"Wanderkarten im Buchformat";"0973 003"
"Wandernavis, Miete von";"0944 000"
"Wandernavis, mobile Navigationsgeräte (ohne Kfz)";"0922 119"
"Wanderschuhe für Damen";"0321 250"
"Wanderschuhe für Herren";"0321 150"
"Wanderschuhe für Kinder";"0321 350"
"Wander- u.ä. Erholungsreisen im Ausland";"0980 007"
"Wanderungen, Startgeld";"0946 300"
"Wandhalter, Ergänzungsmöbel";"0511 409"
"Wandkalender";"0973 002"
"Wandleuchten, elektrisch, Wohnraumleuchten";"0511 309"
"Wandregale";"0511 114"
"Wandschirme";"0511 409"
"Wandtattoos";"0431 102"
"Wandteller, Ziergegenstände, aus Glas, Porzellan, Metall";"0540 327"
"Wandteppiche, Bildstickereien u.ä., z.B. Gobelins";"0511 407"
"Wanduhren";"0511 408"
"Wandverkleidungen aus Holz, für die Wohnungsinstandsetzung, auf Kosten der Eigentümerinnen und Eigentümer";"1675 100"
"Wandverkleidungen aus Holz, für die Wohnungsinstandsetzung, auf Kosten der Mieterinnen und der Mieter";"0431 108"
"Wannen, aus anderem Material (ohne Einbau- und Säuglingsbadewannen)";"0540 325"
"Wannen, aus Kunststoff (ohne Einbau- und Säuglingsbadewannen)";"0540 325"
"Wannen, Einbaubadewannen, für die Wohnungsinstandsetzung, auf Kosten der Eigentümerinnen und Eigentümer";"1675 100"
"Wannen, Einbaubadewannen, für die Wohnungsinstandsetzung, auf Kosten der Mieterinnen und der Mieter";"0431 108"
"Wannenbäder, medizinisch";"0623 105"
"Wannenbäder, nicht medizinisch";"1313 204"
"Waren aus Gummi, für die Haushaltsführung";"0561 909"
"Waren für die Instandhaltung von Eigentumswohnungen (ohne Schönheitsreparaturen an Eigentümerwohnungen), Ausgaben";"1675 100"
"Waren für die Instandhaltung von Grundstücken (ohne Gartenpflege), Ausgaben";"1675 100"
"Waren für die Instandhaltung von Wohngebäuden (ohne Reparaturen auf Kosten der Mieterinnen und der Mieter), Ausgaben";"1675 100"
"Waren für geschäftliche und dienstliche Zwecke, Ausgaben";"1691 000"
"Warenkredite, privat, Aufnahme beim Lieferanten";"0085"
"Warenkredite, privat, Aufnahme bei Warenkreditgesellschaften";"0085"
"Warenkredite, privat, nicht zinslos, Tilgung beim Lieferanten";"1652 200"
"Warenkredite, privat, nicht zinslos, Tilgung bei Warenkreditgesellschaften";"1652 200"
"Warenkredite, privat, Verzinsung beim Lieferanten";"1652 500"
"Warenkredite, privat, Verzinsung bei Warenkreditgesellschaften";"1652 500"
"Warenkredite, privat, zinslos, Tilgung beim Lieferanten";"1652 300"
"Warenkredite, zinslos, privat, Tilgung bei Warenkreditgesellschaften";"1652 300"
"Warenwechsel, Ausstellung für private Warenlieferungen";"0085"
"Warenwechsel, nicht zinslos, Einlösung für private Warenlieferungen";"1652 200"
"Warenwechsel, zinslos, Einlösung für private Warenlieferungen";"1652 300"
"Wärme aus Fernheizkraftwerken (Dampf)";"0455 002"
"Wärmedecken, elektrisch";"0612 305"
"Wärmflaschen";"0612 305"
"Warmhaltebehälter, Thermosbehälter";"0540 329"
"Warmhaltekannen, Thermoskannen";"0540 329"
"Warmhalteplatten, elektrisch";"0532 102"
"Warmwasser, Ausgaben der Eigentümerinnen und Eigentümer für vermietete Wohnungen";"1679 400"
"Warmwasser, Umlagen, aus Fernheizkraftwerken";"0455 001"
"Warmwasser, Zählermiete, aus Fernheizkraftwerken";"0455 001"
"Warmwasserbereiter";"0531 305"
"Warnblinkleuchten für Kraftfahrzeuge";"0721 201"
"Warndreiecke für Kraftfahrzeuge";"0721 305"
"Warnrollen, Flatterband";"0561 909"
"Warnwesten, zum Pannen oder Unfallschutz, zum Mitführen im KFZ";"0721 305"
"Wartung an Campinganhängern";"0942 100"
"Wartung an Flugsportgeräten";"0942 208"
"Wartung an Mobilheimen";"0942 100"
"Wartung an Musikinstrumenten";"0942 208"
"Wartung an Wassersportgeräten";"0942 208"
"Wartung an Wohnanhängern";"0942 100"
"Wartung an Wohnmobilen";"0942 100"
"Wartung und Pflege von anderen Fahrzeugen";"0723 015"
"Wartung und Pflege von Fahrrädern";"0723 015"
"Wartung und Pflege von Krafträdern";"0723 015"
"Wartung von Anrufbeantwortern";"0835 001"
"Wartung von Aufzügen, Ausgaben der Wohnungsinhaberinnen und Wohnungsinhaber (ohne Umlagen)";"0444 108"
"Wartung von Modems, für Datendienste, DFÜ, Internet";"0835 001"
"Wartung von Müllschluckern, Ausgaben der Wohnungsinhaberinnen und Wohnungsinhaber (ohne Umlagen)";"0444 108"
"Wartung von Telefaxgeräten";"0835 001"
"Wartung von Telefonanrufbeantwortern";"0835 001"
"Wartung von Telefonen";"0835 001"
"Wartung von Telefonlautsprechern";"0835 001"
"Waschbälle";"0561 909"
"Waschbecken für die Wohnungsinstandsetzung, auf Kosten der Eigentümerinnen und Eigentümer";"1675 100"
"Waschbecken für die Wohnungsinstandsetzung auf Kosten der Mieterinnen und der Mieter";"0431 108"
"Waschbeckenunterschränke";"0511 140"
"Wäschebeutel aus textilem Material";"0521 909"
"Wäschebügler, elektrisch";"0531 204"
"Wäscheklammern";"0561 909"
"Wäscheknöpfe";"0313 209"
"Wäschekörbe";"0540 325"
"Wäscheleinen";"0561 909"
"Wäschemangeln";"0531 204"
"Wäschemarken für Waschmaschinen, Benutzungsgebühren";"0562 909"
"Wäschenetze";"0521 909"
"Waschen von Bekleidung";"0314 120"
"Waschen von Haushaltswäsche";"0562 901"
"Waschen von Heimtextilien";"0562 901"
"Wäschepfähle";"0552 208"
"Wäscheschleudern, elektrisch";"0531 201"
"Wäscheschränke, Schlafzimmermöbel";"0511 125"
"Wäscheseile";"0561 909"
"Wäschestärke";"0561 111"
"Wäschestoffe für Bettwäsche, Meterware";"0521 909"
"Wäschestoffe für Leibwäsche und andere Unterbekleidung, Meterware";"0311 000"
"Wäschestoffe für Tischwäsche, Meterware";"0521 909"
"Wäschetinte";"0561 909"
"Wäschetrockengestelle";"0561 909"
"Wäschetrockner, Benutzungsgebühr";"0562 909"
"Wäschetrockner, elektrisch";"0531 203"
"Wäschetrocknern, Reparaturen an";"0533 001"
"Wäschetruhen";"0511 409"
"Waschhilfsmittel für Wäsche";"0561 111"
"Waschkonservierer für Kraftfahrzeuge";"0721 307"
"Waschkugeln";"0561 909"
"Waschlappen";"0521 302"
"Waschmaschinen, Benutzungsgebühr";"0562 909"
"Waschmaschinen, elektrisch";"0531 201"
"Waschmaschinenreiniger";"0561 115"
"Waschmittel für Kraftfahrzeuge";"0721 307"
"Waschnüsse";"0561 909"
"Waschpulver";"0561 111"
"Waschservice für Stoffwindeln";"0562 901"
"Waschtrockner";"0531 201"
"Waschwannen";"0540 325"
"Wasser, aromatisiert";"0129 009"
"Wasser, destilliert, für den Haushalt";"0561 119"
"Wasser, destilliert, für Kraftfahrzeugbatterien";"0722 409"
"Wasser, mineralarmes natürliches Mineralwasser";"0125 000"
"Wasser, Mineralwasser, Verzehr in Kantinen, Mensen, a.n.g.";"1112 900"
"Wasser, Mineralwasser, Verzehr in Kantinen, Mensen von Hochschulen, Schulen und Kindergärten";"1112 100"
"Wasser, Mineralwasser, Verzehr in Restaurants, Cafés, Bars, mit umfassender Bedienungsleistung";"1111 151"
"Wasser, Mineralwasser";"0125 000"
"Wasser (zum Bruttoeinkommen aus unselbständiger Arbeit gehörende Sachleistungen)";"0012 105"
"Wasseranalysen, Wasser- und Bodenproben, die beim Kauf von Grundstücken, Gebäuden, Eigentumswohnungen und Hausbau anfallen";"1661 000"
"Wasseranalysen ohne Hauskauf";"1390 909"
"Wasserarmaturen, Sanitärarmaturen, für die Wohnungsinstandsetzung, auf Kosten der Eigentümerinnen und Eigentümer";"1675 100"
"Wasserarmaturen, Sanitärarmaturen, für die Wohnungsinstandsetzung, auf Kosten der Mieterinnen und der Mieter";"0431 108"
"Wasserbälle, Sportbälle";"0922 111"
"Wassereis, für den Hausverbrauch";"0118 600"
"Wasserenthärter";"0531 900"
"Wasserenthärtungsmittel";"0561 111"
"Wasserfahrzeuge, z.B. Motor-, Paddel-, Ruderboote";"0912 301"
"Wasserflöhe, Lebendfutter für Zierfische";"0932 201"
"Wasserflugzeuge";"0912 200"
"Wassergeld, Ausgaben der Eigentümerinnen und Eigentümer für vermietete Wohnungen";"1679 400"
"Wassergeld, Ausgaben der Wohnungsinhaberinnen und Wohnungsinhaber für Trink- und Brauchwasser (ohne Umlagen für Warmwasser), Wasserversorgung über andere Systeme";"0441 200"
"Wassergeld, Ausgaben der Wohnungsinhaberinnen und Wohnungsinhaber für Trink- und Brauchwasser (ohne Umlagen für Warmwasser), Wasserversorgung über ein Netzwerk";"0441 100"
"Wasserkanister aus Kunststoff";"0540 322"
"Wasserkessel aus Metall, Kochgeschirr";"0540 312"
"Wasserkochtöpfe, elektrisch";"0532 203"
"Wassermaxx, Sodaclub";"0532 209"
"Wassermelonen, frisch oder gekühlt";"0116 502"
"Wasserperlen für Topfpflanzen";"0561 909"
"Wasserpfeifen";"1329 133"
"Wasserpfeifentabak";"0230 902"
"Wasserpflanzen";"0931 226"
"Wasserschadenversicherung, Gebäudeversicherung, Prämien";"1673 000"
"Wasserschläuche, Gartenschläuche";"0552 104"
"Wasserspeicherkristalle für Pflanzen";"0561 909"
"Wasserspielzeug";"0921 206"
"Wassersportgeräte";"0912 302"
"Wassersportgeräten, Reparaturen an";"0942 208"
"Wassersprudler";"0532 201"
"Wassersprudler";"0532 209"
"Wasserstoffgas, Kraftstoff für Personentransportfahrzeuge";"0722 308"
"Wassertanks, Kauf für den Garten";"0552 104"
"Wassertaxen, Ausgaben für, auf Binnengewässern";"0734 002"
"Wasserverbrauch in der Wohnung und im Garten, Ausgaben der Wohnungsinhaberinnen und Wohnungsinhaber (ohne Umlagen für Warmwasser), Wasserversorgung über andere Systeme, z.B. öffentliche Abgabestellen/Brunnen,  Wassertanker, -wagen";"0441 200"
"Wasserverbrauch in der Wohnung und im Garten, Ausgaben der Wohnungsinhaberinnen und Wohnungsinhaber (ohne Umlagen für Warmwasser), Wasserversorgung über ein Netzwerk";"0441 100"
"Wasserversorgung (Trink- und Brauchwasser ohne Umlagen für Warmwasser), Wasserversorgung über andere Systeme, z.B. öffentliche Abgabestellen/Brunnen,  Wassertanker, -wagen";"0441 200"
"Wasserversorgung (Trink- und Brauchwasser ohne Umlagen für Warmwasser), Wasserversorgung über ein Netzwerk";"0441 100"
"Wasserwaagen";"0552 105"
"Wasserwecken, Brötchen";"0111 320"
"Wasserwellen für Damen";"1313 129"
"Wasserwellen für Herren";"1313 111"
"Watte, Verbandstoffe";"0612 303"
"Wattepads";"1312 229"
"Wattestäbchen";"1312 229"
"Wattewaren für die Körperpflege";"1312 229"
"Wave-Boards";"0912 302"
"WC-Bürsten";"0561 121"
"WC-Dufterfrischer";"0561 119"
"WC-Papier";"1312 221"
"WC-Reiniger";"0561 115"
"WC-Sitze";"0511 140"
"Webpages, Software für";"0820 000"
"Webrahmen";"0531 900"
"Webstühle, nichtelektrisch";"0531 900"
"Wechsel, Ausstellung für private Warenlieferungen";"0085"
"Wechsel, Einlösung für private Warenlieferungen";"1652 200"
"Wechsel, Einlösung für private Warenlieferungen";"1652 300"
"Wecken, Brötchen";"0111 320"
"Wecker (ohne Uhrenradios und Armbandwecker)";"0511 408"
"Weckgläser, Einmachgläser";"0540 105"
"Weckmehl";"0111 319"
"Weckringe";"0561 909"
"Wecktöpfe, nichtelektrisch";"0540 312"
"Wegegeld, Erstattung von Aufwendungen durch den Arbeitgeber";"0095 000"
"Wehrsold";"0011 110"
"Weichkaramellen";"0118 903"
"Weichkäse";"0114 503"
"Weichspülmittel";"0561 111"
"Weichtiere, frisch oder gekühlt (ohne Konserven)";"0113 401"
"Weichtiere, gefroren (ohne Konserven)";"0113 402"
"Weichtiere, Konserven";"0113 607"
"Weichtiererzeugnisse, frisch oder gekühlt (ohne Konserven)";"0113 401"
"Weichtiererzeugnisse, gefroren (ohne Konserven)";"0113 402"
"Weichtiergerichte, Verzehr in Kantinen, Mensen, a.n.g.";"1112 900"
"Weichtiergerichte, Verzehr in Kantinen, Mensen von Hochschulen, Schulen und Kindergärten";"1112 100"
"Weichtiergerichte, Verzehr in Restaurants, Cafés, Bars, mit umfassender Bedienungsleistung";"1111 114"
"Weight Watchers, Beiträge für";"1390 909"
"Weihnachtsbaumbehang, Schokoladenerzeugnisse";"0118 509"
"Weihnachtsbaumbehang, Zuckerwaren (ohne Schokoladenerzeugnisse)";"0118 909"
"Weihnachtsbaumbeleuchtungen, elektrisch";"0921 303"
"Weihnachtsbäume, künstlich";"0921 301"
"Weihnachtsbäume, natürlich, geschlagen";"0921 302"
"Weihnachtsbaumständer";"0540 329"
"Weihnachtsgeld aus einem Arbeits- oder Dienstverhältnis, brutto";"0011 120"
"Weihnachtsgeld für anderes Hauspersonal";"0562 100"
"Weihnachtsgeld für Hauspersonal zur Kinderbetreuung";"0562 100"
"Weihnachtsgeschenke für Hauspersonal (ohne Geldgeschenke)";"0562 100"
"Weihnachtsgirlanden, aus künstlicher Tanne";"0921 301"
"Weihnachtsgirlanden, natürlich";"0921 302"
"Weihnachtskarten";"0973 001"
"Weihnachtsleuchter, elektrisch";"0921 303"
"Weihnachtspapier, Packpapier";"0561 902"
"Weihnachtssterne, Topfpflanzen (einschl. Hydrokulturen)";"0931 222"
"Weihrauch";"0921 303"
"Weinblätter, gefüllt (Vorspeise), mit umfassender Bedienungsleistung";"1111 112"
"Weinbrand, Verzehr in Kantinen, Mensen, a.n.g.";"1112 900"
"Weinbrand, Verzehr in Kantinen, Mensen von Hochschulen";"1112 100"
"Weinbrand, Verzehr in Restaurants, Cafés, Bars, mit umfassender Bedienungsleistung";"1111 141"
"Weinbrand";"0211 030"
"Weine, mit Wermut aromatisiert , Wermut";"0212 150"
"Weine, Verzehr in Kantinen, Mensen, a.n.g.";"1112 900"
"Weine, Verzehr in Kantinen, Mensen von Hochschulen";"1112 100"
"Weine, Verzehr in Restaurants, Cafés, Bars, mit umfassender Bedienungsleistung";"1111 143"
"Weinessig";"0119 302"
"Weingeist für die Herstellung alkoholischer Getränke";"0211 040"
"Weingläser";"0540 103"
"Weinkäse";"0114 503"
"Weinkraut, Sauerkonserven";"0117 913"
"Weintrauben, frisch oder gekühlt";"0116 501"
"Weißbrot";"0111 311"
"Weiße Schokoladen, Tafelschokoladen";"0118 503"
"Weißfische, frisch, gekühlt";"0113 101"
"Weißfische, gefroren";"0113 102"
"Weißherbst, Verzehr in Kantinen, Mensen, a.n.g.";"1112 900"
"Weißherbst, Verzehr in Kantinen, Mensen von Hochschulen";"1112 100"
"Weißherbst, Verzehr in Restaurants, Cafés, Bars, mit umfassender Bedienungsleistung";"1111 143"
"Weißherbst";"0212 130"
"Weißkohl, frisch oder gekühlt";"0117 106"
"Weißkohl, Sauerkonserven";"0117 913"
"Weißkraut, frisch oder gekühlt";"0117 106"
"Weißtorf für Düngezwecke";"0931 101"
"Weißweine, Verzehr in Kantinen, Mensen, a.n.g.";"1112 900"
"Weißweine, Verzehr in Kantinen, Mensen von Hochschulen";"1112 100"
"Weißweine, Verzehr in Restaurants, Cafés, Bars, mit umfassender Bedienungsleistung";"1111 143"
"Weißweine";"0212 120"
"Weißwurst, Brühwurst (ohne Konserven)";"0112 502"
"Weiten von Schuhen";"0322 000"
"Weitwinkelobjektive für Foto- und Kinogeräte";"0911 201"
"Weizenbier, Verzehr in Kantinen, Mensen, a.n.g.";"1112 900"
"Weizenbier, Verzehr in Kantinen, Mensen von Hochschulen";"1112 100"
"Weizenbier, Verzehr in Restaurants, Cafés, Bars,  mit umfassender Bedienungsleistung";"1111 144"
"Weizenbier";"0213 001"
"Weizenbrot (ohne Schrot-, Vollkorn- und Knäckebrot)";"0111 312"
"Weizenflocken für Speisezwecke";"0111 403"
"Weizengrieß";"0111 205"
"Weizenkleie";"0111 403"
"Weizenkleingebäck aus Brotteig";"0111 320"
"Weizenkorn";"0211 040"
"Weizenmehl";"0111 201"
"Weizenstärke";"0117 921"
"Wellensittiche, lebend";"0932 103"
"Wellfleisch (ohne Konserven)";"0112 507"
"Wellnessaufenthalte in Hotels";"1120 101"
"Wellpappe für Verpackungszwecke";"0561 902"
"Weltanschauliche Vereinigungen, Mitgliedsbeiträge";"1641 100"
"Weltanschauliche Vereinigungen, Spenden und unregelmäßige Beiträge";"1642 100"
"Weltkarten auf CD-ROMs";"0971 100"
"Weltkarten im Buchformat";"0973 003"
"Werkbänke";"0552 105"
"Werks- bzw. Betriebsrenten und -unterstützungen aus eigener früherer Erwerbstätigkeit und anderen Ansprüchen mit und ohne Sachbezüge";"0033 110"
"Werkspensionen (ohne Sachbezüge)";"0033 110"
"Werksrenten (ohne Sachbezüge)";"0033 110"
"Werksunterstützungen, laufend (ohne Sachbezüge)";"0033 110"
"Werkswohnung (Mieter) (zum Bruttoeinkommen aus unselbständiger Arbeit gehörende Sachleistungen)";"0012 101"
"Werkswohnung (Untermieter) (zum Bruttoeinkommen aus unselbständiger Arbeit gehörende Sachleistungen)";"0012 101"
"Werkvertrag, Entgelte für selbständige Tätigkeit, Einnahmen";"0013 900"
"Werkzeuge, elektrisch";"0551 002"
"Werkzeuge, Spezialwerkzeuge für Kraftfahrzeuge";"0721 305"
"Werkzeuge (ohne Elektrowerkzeuge und Spezialwerkzeuge für Kraftfahrzeuge)";"0552 105"
"Werkzeuge für die Gartenpflege";"0552 104"
"Werkzeuge für  Garten, nicht motorbetrieben, Reparaturen, Leasing und Miete von";"0553 021"
"Werkzeugen für Haus, Reparaturen, Miete und Leasing von (ohne Reparatur an Gartengeräte)";"0553 022"
"Werkzeughalter";"0552 105"
"Werkzeugkästen";"0552 105"
"Werkzeugmaschinen, elektrisch";"0551 002"
"Werkzeugschränke";"0552 105"
"Werkzeugtaschen, ausgestattet";"0552 105"
"Werkzeugzusammenstellungen (ohne Elektrowerkzeuge)";"0552 105"
"Wermutweine, aromatisierte Traubenweine";"0212 150"
"Wermutweine, Verzehr in Kantinen, Mensen, a.n.g.";"1112 900"
"Wermutweine, Verzehr in Kantinen, Mensen von Hochschulen";"1112 100"
"Wermutweine, Verzehr in Restaurants, Cafés, Bars, mit umfassender Bedienungsleistung";"1111 143"
"Werterhaltende bauliche Maßnahmen, an Grundstücken, Gebäuden und Eigentumswohnungen";"1675 100"
"Werterhöhende bauliche Maßnahmen, an Grundstücken, Gebäuden und Eigentumswohnungen";"1663 000"
"Wertgegenstandsversicherung z.B. für Schmuck, Musikinstrumente, Entgelt Versicherungsdienstleistungen";"1219 000"
"Wertpapiere, festverzinslich, Kauf";"1685 100"
"Wertpapiere, festverzinslich, Verkauf";"0071 410"
"Wertpapierfonds, Anteile, Kauf";"1685 500"
"Wertpapierfonds, Anteile, Verkauf";"0071 410"
"Wertsendungen, Postgebühren, international";"0741 100"
"Wertsendungen, Postgebühren, national";"0741 100"
"Wespenfallen";"0561 909"
"Westen für Damen (ohne Strickwesten)";"0312 250"
"Westen für Herren (ohne Strickwesten)";"0312 139"
"Westen für Jungen (ohne Strickwesten)";"0312 187"
"Westen für Mädchen (ohne Strickwesten)";"0312 297"
"Westen für Säuglinge";"0312 308"
"Westernausrüstung für Pferde";"0922 116"
"Wetteinsätze";"1647 000"
"Wetten - Gebühren";"0947 000"
"Wetterfahne";"0931 105"
"Wetterhahn";"0931 105"
"Wettgebühren";"0947 000"
"Wettgewinne";"0033 410"
"Wettscheingebühren";"0947 000"
"Wetzsteine";"0561 909"
"Whisky, Verzehr in Kantinen, Mensen, a.n.g.";"1112 900"
"Whisky, Verzehr in Kantinen, Mensen von Hochschulen";"1112 100"
"Whisky, Verzehr in Restaurants, Cafés, Bars, mit umfassender Bedienungsleistung";"1111 141"
"Whisky";"0211 020"
"Wiedergutmachung an rassisch, religiös und politisch Verfolgte";"0031 639"
"Wiegen für Säuglinge (ohne Matratzen)";"0511 150"
"Wiener Würstchen, Konserven";"0112 504"
"Wiener Würstchen (ohne Konserven)";"0112 502"
"Wild, erlegt, frisch oder gefroren (ohne Innereien)";"0112 250"
"Wildschweinfleisch, frisch oder gefroren (ohne Innereien)";"0112 250"
"Wilstermarschkäse";"0114 502"
"Wimpern, künstlich";"1312 232"
"Wimpernbürsten";"1312 105"
"Wimperntusche";"1312 232"
"Windbeutel, frisch";"0111 344"
"Windbeutel, Verzehr in Kantinen, Mensen, a.n.g.";"1112 900"
"Windbeutel, Verzehr in Kantinen, Mensen von Hochschulen, Schulen und Kindergärten";"1112 100"
"Windbeutel, Verzehr in Restaurants, Cafés, Bars, mit umfassender Bedienungsleistung";"1111 121"
"Windeleimer";"0540 325"
"Windeleinlagen";"1312 229"
"Windelhöschen";"0312 303"
"Windeln für Säuglinge";"1312 223"
"Windfahne";"0931 105"
"Windjacken für Damen (ohne Sportbekleidung)";"0312 216"
"Windjacken für Herren, (ohne Sportbekleidung)";"0312 117"
"Windjacken für Jungen";"0312 182"
"Windjacken für Mädchen";"0312 292"
"Windkraftanlagen, Kauf von Geschäftsanteilen";"1685 700"
"Windlicht";"0511 409"
"Windmessser, Anemometer, zur lokalen Messung der Windgeschwindigkeit";"1329 137"
"Windrichtungsgeber";"0931 105"
"Windspiele für den Garten";"0931 105"
"Windsurfer, Wassersportgeräte";"0912 302"
"Winkel, Schul- und Zeichenbedarf";"0974 007"
"Winkel, Werkzeuge";"0552 105"
"Winkelmesser";"0974 007"
"Wintergeld nach dem Arbeitsförderungsgesetz";"0031 520"
"Winterliegeplätze für Boote";"0942 206"
"Wintermäntel für Damen (ohne Sportbekleidung)";"0312 218"
"Wintermäntel für Herren (ohne Sportbekleidung)";"0312 117"
"Wintermäntel für Jungen";"0312 182"
"Wintermäntel für Mädchen";"0312 292"
"Winterreifen für Kraftwagen (einschl. Montage und Auswuchten beim Kauf)";"0721 112"
"Wintersportartikel, z.B. Ski, Skistöcke, Skibindungen, Schlitten";"0922 112"
"Wirsingkohl, frisch oder gekühlt";"0117 107"
"Wirtschaftsinformationen";"0972 204"
"Wischtücher für den Haushalt";"0561 122"
"Wissenschaft, Mitgliedsbeiträge an Organisationen";"1641 200"
"Wissenschaft, Spenden und unregelmäßige Beiträge an Organisationen";"1642 200"
"Wissenschaftliche Fachbücher";"0971 906"
"Wissenschaftliche Fachzeitschriften";"0972 206"
"Wissenschaftliche Tafeln";"0971 100"
"Witwenabfindungen aus der gesetzlichen Rentenversicherung";"0031 580"
"Witwenrenten sowie Übergangs- und Pflegegelder aus der gesetzlichen Unfallversicherung";"0031 300"
"Witwen- und Witwergeld an Witwen und Witwer von ehemaligen Beamten";"0031 730"
"Witwen- und Witwerrenten aus der gesetzlichen Rentenversicherung";"0031 120"
"Witwen- und Witwerrenten aus der gesetzlichen Unfallversicherung";"0031 300"
"Witwen- und Witwerrenten aus der knappschaftlichen Rentenversicherung";"0031 120"
"Witwen- und Witwerrenten aus der Kriegsopferversorgung";"0031 680"
"Witwen- und Witwerrenten aus Zusatzversorgungskassen des öffentlichen Dienstes";"0033 132"
"WLAN-Repeater";"0813 204"
"WLAN-Router";"0813 204"
"Wobbler für die Sportfischerei";"0922 115"
"Wochenendgrundstücke, Pachten, Ausgaben";"1695 000"
"Wochenendgrundstücke, Pachten, Einnahmen";"0021 1"
"Wochenendgrundstücke, Pachtwert von selbstgenutzten Wochenendgrundstücken, Einnahmen";"0021 1"
"Wochenendreisen im Inland";"0980 001"
"Wochenendreisen ins Ausland";"0980 004"
"Wochenkarten für Fahrten im Schienenfernverkehr, international";"0731 130"
"Wochenkarten für Fahrten im Schienenfernverkehr, national";"0731 122"
"Wochenkarten für Personen (ohne solche für Schüler, Studenten, Auszubildende), für den Schienennahverkehr der Hoch-, U-, Schwebe-, Straßenbahnen, im Stadt- und Regionalverkehr";"0731 203"
"Wochenkarten für Personen (ohne solche für Schüler, Studenten, Auszubildende), für den Stadt- und Regionalverkehr der Eisenbahnunternehmen";"0731 113"
"Wochenkarten für Personen (ohne solche für Schüler, Studenten, Auszubildende), in Verkehrsverbünden, Tarif- und Verkehrsgemeinschaften";"0735 015"
"Wochenkarten für Personen (ohne solche für Schüler, Studenten, Auszubildende), mit Omnibussen, im internationalen Fernverkehr";"0732 103"
"Wochenkarten für Personen (ohne solche für Schüler, Studenten, Auszubildende), mit Omnibussen im Nahverkehr";"0732 101"
"Wochenkarten für Personen (ohne solche für Schüler, Studenten, Auszubildende), mit Omnibussen im nationalen Fernverkehr (ohne internationaler Fernverkehr)";"0732 102"
"Wochenkarten für Schüler, Studenten, Auszubildende, für den Schienennahverkehr der Hoch-, U-, Schwebe-, Straßenbahnen, im Stadt- und Regionalverkehr";"0731 202"
"Wochenkarten für Schüler, Studenten, Auszubildende, für den Stadt- und Regionalverkehr der Eisenbahnunternehmen";"0731 112"
"Wochenkarten für Schüler, Studenten, Auszubildende, in Verkehrsverbünden, Tarif- und Verkehrsgemeinschaften";"0735 013"
"Wochenkarten für Schüler, Studenten, Auszubildende, mit Omnibussen im internationalen Fernverkehr";"0732 103"
"Wochenkarten für Schüler, Studenten, Auszubildende, mit Omnibussen im Nahverkehr";"0732 300"
"Wochenkarten für Schüler, Studenten, Auszubildende, mit Omnibussen im nationalen Fernverkehr (ohne internationaler Fernverkehr)";"0732 102"
"Wochenlohn aus einem Arbeits- oder Dienstverhältnis, brutto";"0011 110"
"Wochenzeitungen im Abonnement (ohne Fachzeitungen)";"0972 105"
"Wochenzeitungen im Einzelverkauf (ohne Fachzeitungen)";"0972 102"
"Wodka, Verzehr in Kantinen, Mensen, a.n.g.";"1112 900"
"Wodka, Verzehr in Kantinen, Mensen von Hochschulen";"1112 100"
"Wodka, Verzehr in Restaurants, Cafés, Bars, mit umfassender Bedienungsleistung";"1111 141"
"Wodka";"0211 040"
"Wohlfahrtspflege, frei, Mitgliedsbeiträge an Organisationen";"1641 100"
"Wohlfahrtspflege, frei, Spenden und unregelmäßige Beiträge an Organisationen";"1642 100"
"Wohnanhänger";"0912 101"
"Wohnanhängern, Reparaturen an";"0942 100"
"Wohnanhängerstellplätze (ohne Mieten für Stellplätze, die zur Wohnung gehören), Miete für";"0724 102"
"Wohnanhänger-Stellplatzmiete (ohne Ferienstellplätze)";"0724 102"
"Wohnbeihilfe, Sozialhilfe, laufende Einnahmen";"0031 615"
"Wohngebäude und -grundstücke, Ausgaben für den Bau";"1661 000"
"Wohngebäude und -grundstücke, Instandhaltung (ohne Reparaturen auf Kosten der Mieterinnen und der Mieter)";"1675 100"
"Wohngebäude und -grundstücke, Kauf";"1661 000"
"Wohngebäude und -grundstücke, Verkauf";"0061 000"
"Wohngebäude und -grundstücke, werterhöhende bauliche Maßnahmen";"1663 000"
"Wohngebäudeversicherung, Beiträge mit Elementarschutz";"1673 000"
"Wohngebäudeversicherung, Beiträge ohne Elementarschutz";"1673 000"
"Wohngeld, Rückzahlungen";"1649 001"
"Wohngeld nach dem Wohngeldgesetz";"0031 613"
"Wohnmobile";"0912 101"
"Wohnmobilen, Reparaturen an";"0942 100"
"Wohnraumleuchten, Deckenleuchten";"0511 301"
"Wohnraumleuchten, Reparaturen an";"0512 000"
"Wohnraumleuchten (ohne Deckenleuchten)";"0511 309"
"Wohn- und Gartenlauben, Ausgaben für den Bau";"1661 000"
"Wohn- und Gartenlauben, Kauf";"1661 000"
"Wohn- und Gartenlauben, Verkauf";"0061 000"
"Wohnungsbauprämien, Rückzahlungen";"1649 001"
"Wohnungsbauprämien, Zahlungen der Gebietskörperschaften";"0031 639"
"Wohnungsfenster auf Kosten der Eigentümerinnen und Eigentümer (ohne Malerarbeiten), Reparaturen an";"1675 100"
"Wohnungsfenster auf Kosten der Mieterinnen und der Mieter (ohne Malerarbeiten), Reparaturen an";"0432 009"
"Wohnungsgeld aus einem Arbeits- oder Dienstverhältnis, brutto";"0011 160"
"Wohnungsinstandsetzung auf Kosten der Vermieterinnen und Vermieter, werterhöhende Ausgaben";"1663 000"
"Wohnungsnebenkosten, Wassergeld bei eigenem Zähler der Mieterinnen und der Mieter, Wasserversorgung über andere Systeme, z.B. öffentliche Abgabestellen/Brunnen,  Wassertanker, -wagen";"0441 200"
"Wohnungsnebenkosten, Wassergeld bei eigenem Zähler der Mieterinnen und der Mieter, Wasserversorgung über ein Netzwerk";"0441 100"
"Wohnungstüren auf Kosten der Eigentümerinnen und Eigentümer (ohne Malerarbeiten), Reparaturen an";"1675 100"
"Wohnungstüren auf Kosten der Mieterinnen und der Mieter (ohne Malerarbeiten), Reparaturen an";"0432 009"
"Wohnungsvermittlung, Entgelte für Dienstleistungen";"1390 907"
"Wohnwagen, Anhänger";"0912 101"
"Wohnzimmerschränke";"0511 114"
"Wohnzimmerstühle";"0511 112"
"Wohnzimmertische";"0511 111"
"Wolldecken, Schlaf- und Reisedecken";"0521 201"
"Wolle, Handarbeitswolle";"0313 201"
"Worcestersoße";"0119 304"
"Wörterbücher auf CD-ROMs";"0971 100"
"Wörterbücher im Buchformat";"0971 100"
"Wunderkerzen";"0921 303"
"Wundpflaster, medizinisch";"0612 303"
"Würfelspiele";"0921 201"
"Würfelzucker";"0118 100"
"Wurmkur für Haustiere";"0932 204"
"Wurstaufschnitt, Brühwurst (ohne Konserven)";"0112 502"
"Wurstaufschnitt, Rohwurst";"0112 310"
"Würstchen, Brühwurst (ohne Konserven)";"0112 502"
"Würstchen, getrocknet, gesalzen, geräuchert";"0112 310"
"Würstchen, Konserven";"0112 504"
"Würstchen, mit Kartoffelsalat, Verzehr in Kantinen, Mensen, a.n.g.";"1112 900"
"Würstchen, mit Kartoffelsalat, Verzehr in Kantinen, Mensen von Hochschulen, Schulen und Kindergärten";"1112 100"
"Würstchen, mit Kartoffelsalat, Verzehr in Restaurants, Cafés, Bars, mit umfassender Bedienungsleistung";"1111 113"
"Wurstfett für Speisezwecke";"0115 900"
"Wurstkonserven";"0112 504"
"Wurstmachen, Dienstleistungen";"0562 909"
"Wurstpasteten, Konserven";"0112 504"
"Wurstsalat";"0112 505"
"Wurzelbürsten";"0561 121"
"Wurzeln mit hohem Gehalt an Stärke oder Inulin";"0117 508"
"Würzen";"0119 304"
"Würzkräuter, Küchenkräuter, frisch, gekühlt oder gefroren";"0119 401"
"Würzmittel";"0119 304"
"Würzsoßen (ohne süße Soßen)";"0119 304"
"Yamswurzel, frisch";"0117 508"
"Yogakurse";"0946 209"
"Yogamatten";"0922 129"
"Yucca, frisch";"0117 508"
"Zähleranschlussgebühren für Wasser, Elektrizität, Gas und Fernwärme, Hausbau";"1661 000"
"Zählermiete für Elektrizitätszähler, Ausgaben der Wohnungsinhaberinnen und Wohnungsinhaber";"0451 011"
"Zählermiete für Gaszähler, Ausgaben der Wohnungsinhaberinnen und Wohnungsinhaber";"0452 101"
"Zahlungen der Arbeitsförderung und Sozialversicherung";"0031 5"
"Zahlungen der Gebietskörperschaften";"0031 6"
"Zahlungen der gesetzlichen Krankenversicherung";"0031 4"
"Zahlungen von anderen privaten Haushalten";"0033 420"
"Zahnarztleistungen, Anfertigung von Zahnersatz, u.ä. (einschl. Zahnlaborleistungen; ohne Materialkosten)";"0622 904"
"Zahnarztleistungen, konservierende Leistungen";"0622 906"
"Zahnbehandlungskosten, Ausgaben für konservierende Leistungen";"0622 906"
"Zahnbehandlungskosten, Erstattungen aus privater Krankenversicherung";"0033 210"
"Zahnbürsten, elektrisch";"1311 103"
"Zahnbürsten, nichtelektrisch";"1312 105"
"Zahnersatz (Materialkosten, ohne Anfertigungskosten)";"0622 903"
"Zahnkontrollen, regelmäßig";"0622 102"
"Zahnlaborleistungen (ohne Materialkosten)";"0622 904"
"Zahnpasten";"1312 213"
"Zahnprothesen (Materialkosten, ohne Anfertigungskosten)";"0622 903"
"Zahnpulver";"1312 213"
"Zahnputzbecher";"0540 105"
"Zahnradbahnfahrten (ohne Personenbeförderung in Skigebieten oder Ferienzentren)";"0736 001"
"Zahnradbahnfahrten in Ski- oder Feriengebieten";"0946 205"
"Zahnseide";"1312 214"
"Zahnseifen";"1312 213"
"Zahnspangen (Materialkosten, ohne Anfertigungskosten)";"0622 903"
"Zahnstocher";"1312 214"
"Zahnwässer";"1312 214"
"Zander, frisch oder gekühlt";"0113 101"
"Zander, gefroren";"0113 102"
"Zangen";"0552 105"
"Zaumzeuge für Zugtiere, für die Freizeit";"0912 402"
"Zaumzeuge für Zugtiere, nicht für die Freizeit";"0714 000"
"Zäune für den Garten";"0552 104"
"Zaunpfähle";"0931 105"
"Zeckenzangen";"0612 305"
"Zeichenblöcke";"0974 002"
"Zeichenfolien, Verbrauchsgüter für Zeichenzwecke";"0974 008"
"Zeichenhefte";"0974 002"
"Zeichenkohle";"0974 005"
"Zeichenkreide";"0974 005"
"Zeichenpapier (ohne Zeichenblöcke)";"0974 003"
"Zeichenprogramme, Anwendungssoftware, für PC";"0820 000"
"Zeichenstifte";"0974 005"
"Zeitschaltuhren, elektrisch";"0431 108"
"Zeitschaltuhren, nichtelektrisch";"0561 909"
"Zeitschriften, Miete für";"0962 002"
"Zeitungsinserate";"1390 906"
"Zeitungsständer";"0511 409"
"Zelte, Miete für";"0944 000"
"Zelte für Camping";"0922 201"
"Zeltgestänge für Campingzelte";"0922 201"
"Zeltplatzgebühren (ohne Pauschalreisen und Dauermieten)";"1120 202"
"Zelt- und Campingplatzgebühren";"1120 202"
"Zement für die Wohnungsinstandsetzung, auf Kosten der Eigentümerinnen und Eigentümer";"1675 100"
"Zement für die Wohnungsinstandsetzung, auf Kosten der Mieterinnen und der Mieter";"0431 108"
"Zentralheizung (zum Bruttoeinkommen aus unselbständiger Arbeit gehörende Sachleistungen)";"0012 105"
"Zerstäuber für Parfüm u.ä.";"1312 105"
"Zeugenentschädigung, Einnahmen";"0031 639"
"Zichorienkaffee";"0122 003"
"Ziegen, lebend";"0932 102"
"Ziegenfleisch, frisch oder gefroren (ohne Innereien)";"0112 230"
"Ziegenfleisch, Konserven";"0112 508"
"Ziegenkäse, Weichkäse";"0114 503"
"Ziegenmilch, entrahmte Milch (Magermilch)";"0114 200"
"Ziegenmilch, Roh- und Vollmilch";"0114 100"
"Ziehharmonikas, nichtelektronisch";"0951 003"
"Zierbänder für Verpackungszwecke";"0561 909"
"Zierbeschläge (ohne solche für Kraftfahrzeuge und Fahrräder)";"0552 208"
"Zierdecken (ohne Bett- und Tischdecken)";"0521 909"
"Zierfiguren aus Glas, Porzellan, Metall";"0540 327"
"Zierfische, lebend";"0932 103"
"Zierfischfutter";"0932 201"
"Ziergegenstände (ohne Festartikel)";"0540 327"
"Ziergehölze";"0931 225"
"Zierleisten für Tapeten, für Schönheitsreparaturen, auf Kosten der Wohnungsinhaberinnen und Wohnungsinhaber";"0431 103"
"Zierpflanzen für Garten und Balkon (ohne Ziergehölze; ohne Samen und Vermehrungsgut)";"0931 226"
"Zierschürzen für Damen";"0313 109"
"Zierschürzen für Mädchen";"0313 109"
"Ziervögel, lebend";"0932 103"
"Zigaretten, elektronisch, Einweg und Mehrweg";"1329 132"
"Zigaretten (einschl. in Cafés, Restaurants, Tankstellen, öffentlichen Verkehrsmitteln eingekauften Zigaretten)";"0230 100"
"Zigarettendosen aus Edelmetall oder Schmucksteinen";"1329 136"
"Zigarettenetuis aus anderem Material";"1329 133"
"Zigarettenetuis aus Edelmetall oder Schmucksteinen";"1329 136"
"Zigarettenmaschinen";"1329 133"
"Zigarettenpapier (einschl. in Cafés, Restaurants, Tankstellen, öffentlichen Verkehrsmitteln eingekauftes Zigarettenpapier)";"0230 903"
"Zigarettenspitzen aus anderem Material";"1329 133"
"Zigarettenspitzen aus Edelmetall oder Schmucksteinen";"1329 136"
"Zigarillos (einschl. in Cafés, Restaurants, Tankstellen, öffentlichen Verkehrsmitteln eingekauften Zigarillos)";"0230 200"
"Zigarren (einschl. in Cafés, Restaurants, Tankstellen, öffentlichen Verkehrsmitteln eingekaufte Zigarren)";"0230 200"
"Zigarrenabschneider aus unedlem Metall";"1329 133"
"Zigarrenetuis aus anderem Material";"1329 133"
"Zigarrenetuis aus Edelmetall oder Schmucksteinen";"1329 136"
"Zigeunerwurst, Brühwurst (ohne Konserven)";"0112 502"
"Zimmerantennen für Fernsehempfangsgeräte";"0814 025"
"Zimmerantennen für Rundfunkempfangsgeräte (ohne kombinierte Rundfunk-Fernsehempfangsantennen)";"0814 017"
"Zimmeröfen";"0531 306"
"Zimmerpflanzen, Topfpflanzen (einschl. Hydrokulturen)";"0931 212"
"Zimmerregale, Ergänzungsmöbel";"0511 114"
"Zimmerreinigung (ohne häusliche Dienste)";"0562 909"
"Zimmerspringbrunnen, elektrisch";"0532 102"
"Zimmeruhren (ohne Wecker und Uhrenradios)";"0511 408"
"Zimmervermittlung, Entgelte für Dienstleistungen";"1390 907"
"Zimmervögel, lebend";"0932 103"
"Zimt, Gewürze";"0119 402"
"Zimtblüten, Gewürze";"0119 402"
"Zimtsterne";"0111 352"
"Zinkenhacken";"0552 104"
"Zinnbecher, Trinkgefäße";"0540 328"
"Zinnteller, Ziergegenstände";"0540 327"
"Zinsen, auf Hypotheken, Grundschulden und andere Baudarlehen";"1651 400"
"Zinsen, auf Teilzahlungs-, Klein- u.ä. Kredite";"1652 500"
"Zinsen, aus Beteiligungen als Kommanditist, ausgezahlt und gutgeschrieben, Einnahmen";"0025 100"
"Zinsen, aus Beteiligungen als stiller Gesellschafter, ausgezahlt und gutgeschrieben, Einnahmen";"0025 100"
"Zinsen, ausgezahlt und gutgeschrieben, Einnahmen";"0025 100"
"Zinsen, Einnahmen";"0025 100"
"Zinsen für Dispositionskredite von Kreditinstituten";"1652 500"
"Zirkel";"0974 007"
"Zirkelersatzminen";"0974 005"
"Zirkelkästen, ausgestattet";"0974 007"
"Zirkus, Eintrittsgelder (einschl. Garderobe, Programm)";"0961 005"
"Zithern";"0951 003"
"Zitronat";"0118 901"
"Zitronen, frisch oder gekühlt";"0116 207"
"Zitronenaroma";"0119 905"
"Zitronenessenz, -konzentrat";"0121 008"
"Zitronenlimonaden, Verzehr in Kantinen, Mensen, a.n.g.";"1112 900"
"Zitronenlimonaden, Verzehr in Kantinen, Mensen von Hochschulen, Schulen und Kindergärten";"1112 100"
"Zitronenlimonaden, Verzehr in Restaurants, Cafés, Bars, mit umfassender Bedienungsleistung";"1111 152"
"Zitronenlimonaden (auch diätetische aber ohne Kantinen- und Gaststättenverzehr)";"0126 002"
"Zitronenpressen, nichtelektrisch";"0532 209"
"Zitronensaft, Verzehr in Kantinen, Mensen, a.n.g.";"1112 900"
"Zitronensaft, Verzehr in Kantinen, Mensen von Hochschulen, Schulen und Kindergärten";"1112 100"
"Zitronensaft, Verzehr in Restaurants, Cafés, Bars, mit umfassender Bedienungsleistung";"1111 153"
"Zitronensaft";"0121 002"
"Zitronensäure zum Entkalken";"0561 115"
"Zitronensorbets, für den Hausverbrauch";"0118 600"
"Zivilbeschädigten-Vereinigungen, Mitgliedsbeiträge";"1641 900"
"Zivilbeschädigten-Vereinigungen, Spenden und unregelmäßige Beiträge";"1642 900"
"Zölle, Ausgaben";"1612 800"
"Zollstöcke";"0552 105"
"Zoologische Gärten, Eintrittsgelder";"0962 003"
"Zoologische Sammlungen und Sammlungsstücke";"0921 208"
"Zoomobjektive für Foto- und Kinogeräte";"0911 201"
"Zopfspangen";"1312 102"
"Zubehör, Einzel- und Ersatzteile für Wassersportgeräte";"0912 302"
"Zubehör für Campingzelte";"0922 201"
"Zubehör für Fahrräder (ohne Verbrauchsgüter)";"0721 308"
"Zubehör für Flugsportgeräte (ohne Verbrauchsgüter)";"0912 200"
"Zubehör für Modelleisenbahnen, spurbezogen (ohne Verbrauchsgüter)";"0921 206"
"Zubehör für Musikinstrumente (ohne Noten- und Liederbücher, Noten)";"0951 005"
"Zubereitete Speisen zum Mitnehmen, Straßenverkauf, mit Getränken";"1111 204"
"Zubereitete Speisen zum Mitnehmen, Straßenverkauf, ohne Getränke";"1111 205"
"Zubereitete Speisen zum sofortigen Verbrauch an Imbissständen, mit Getränken";"1111 204"
"Zubereitete Speisen zum sofortigen Verbrauch an Imbissständen, ohne Getränke";"1111 205"
"Zubereitungen auf Gemüsebasis (einschl. Kartoffeln u.a. Knollenfrüchte; ohne Suppen)";"0117 929"
"Zucchini, frisch oder gekühlt";"0117 209"
"Zucker, Rüben- und Rohrzucker";"0118 100"
"Zuckeraustauschstoffe";"0118 204"
"Zuckercouleur";"0119 909"
"Zuckerdosen aus Glas";"0540 105"
"Zuckerdosen aus Porzellan";"0540 105"
"Zuckerdosen aus Steingut u.a. feinkeramischen Stoffen";"0540 105"
"Zuckererbsen, frisch";"0117 300"
"Zuckerhüte";"0118 100"
"Zuckermais, frisch oder gekühlt";"0117 209"
"Zuckermelonen, frisch oder gekühlt";"0116 502"
"Zuckerrübenschnitzel, Futtermittel für Nutztiere";"0932 201"
"Zuckerschaufeln mit Griffen aus anderem Material";"0540 203"
"Zuckerschaufeln mit Griffen aus Edelmetall";"0540 203"
"Zuckerschrift";"0119 909"
"Zugang zum Internet";"0833 000"
"Zugang zu Onlinediensten";"0833 000"
"Zügel für Pferde und Ponys, für Sport und Freizeit";"0912 402"
"Zugewinnausgleich, Ausgaben";"1643 200"
"Zugtiere, nicht für die Freizeit";"0714 000"
"Zugtiere für die Freizeit";"0912 401"
"Zulassungsgebühren für Kraftfahrzeuge";"0724 321"
"Zum Bruttoeinkommen aus unselbständiger Arbeit gehörende Sachleistungen";"0012"
"Zündeinrichtungen für Kraftfahrzeuge";"0721 201"
"Zündhölzer";"0561 909"
"Zündkerzen für Kraftfahrzeuge";"0721 201"
"Zündsteine für Feuerzeuge";"1329 133"
"Zungenwurst, Brühwurst (ohne Konserven)";"0112 502"
"Zupfinstrumente, nichtelektronisch";"0951 003"
"Zusammenstellungen von Parfüm, Seife u.ä. (ohne Gesichts-, Haar- und Rasierwässer)";"1312 231"
"Zusammenstellungen von Rasierwasser, -seife u.ä.";"1312 215"
"Zusammenstellungen von Verbandsmitteln, auch für Kraftfahrzeuge";"0612 302"
"Zusatzbeiträge und oder freiwillige Beiträge zur Zusatzversorgung für Angehörige des öffentlichen Dienstes";"1631 100"
"Zusatzbeiträge zur gesetzlichen Krankenversicherung";"1621 590"
"Zusatzlinsen für Foto- und Filmgeräte";"0911 202"
"Zusatzversorgung für Angehörige des öffentlichen Dienstes, freiwillige Beiträge und oder Zusatzbeiträge";"1631 100"
"Zusatzversorgung für Angehörige des öffentlichen Dienstes, Renten an Versicherte";"0033 131"
"Zusatzversorgung für Angehörige des öffentlichen Dienstes, Renten an Witwen und Witwer";"0033 132"
"Zusatzversorgung für Angehörige des öffentlichen Dienstes, Renten für Waisen";"0033 132"
"Zuschläge zum Lohn oder Gehalt aus einem Arbeits- oder Dienstverhältnis, brutto";"0011 160"
"Zuschlag zur Rente zur Kindererziehung";"0031 110"
"Zuschuss des Arbeitgebers zum Kurzarbeitergeld";"0011 160"
"Zuschüsse der Rentenversicherungsträger zur freiwilligen oder privaten Krankenversicherung";"0031 150"
"Zuschüsse für Kuraufenthalte aus der gesetzlichen Krankenversicherung";"0031 420"
"Zuschüsse für Mitglieder landwirtschaftlicher Alterskassen";"0031 623"
"Zuteilungen von Guthaben bei Bausparkassen";"0071 300"
"Zuzahlungen, Eigenanteil der gesetzlich Krankenversicherten zu pflanzlichen Arzneimitteln und homöopathischen Produkten für gesetzlich Krankenversicherte";"0611 210"
"Zuzahlungen, Eigenanteil zu pharmazeutischen Erzeugnissen  für gesetzlich Krankenversicherte";"0611 110"
"Zuzahlungen (Eigenanteile) zu anderen zahnärztlichen Dienstleistungen, die teilweise von der gesetzlichen Sozialversicherung erstattet werden, z.B. konservierende Behandlung, zahnärztliche Gutachten, professionelle Zahnreinigung PZR";"0622 905"
"Zuzahlungen (Eigenanteile) zu Anfertigungen von Zahnersatz, -spangen u.ä., die teilweise von der gesetzlichen Sozialversicherung erstattet werden";"0622 901"
"Zuzahlungen (Eigenanteile) zu Brillen, Brillengläsern u.a. Sehhilfen, die teilweise von der gesetzlichen Sozialversicherung erstattet werden";"0613 101"
"Zuzahlungen (Eigenanteile) zu Dienstleistungen der diagnostischen Bildgebung und medizinische Labordienste (einschl. Computer- und Magnetresonanztomografien, Ultraschalldiagnostik)";"0641 001"
"Zuzahlungen (Eigenanteile) zu Dienstleistungen der Sanatorien u.ä. Einrichtungen (stationäre Behandlung), die teilweise von der gesetzlichen Sozialversicherung erstattet werden";"0631 001"
"Zuzahlungen (Eigenanteile) zu Dienstleistungen von langfristigen ambulanten Gesundheitsdienstleistungen, die teilweise von der gesetzlichen Sozialversicherung erstattet werden";"0623 201"
"Zuzahlungen (Eigenanteile) zu Erzeugnissen zur medizinischen Diagnose, die teilweise von der gesetzlichen Sozialversicherung erstattet werden";"0612 101"
"Zuzahlungen (Eigenanteile) zu Impfungen, die teilweise von der gesetzlichen Sozialversicherung erstattet werden";"0621 102"
"Zuzahlungen (Eigenanteile) zu langfristigen stationären Gesundheitsdienstleistungen, die teilweise von der gesetzlichen Sozialversicherung erstattet werden";"0632 001"
"Zuzahlungen (Eigenanteile) zu medizinischen Produkten für den persönlichen Gebrauch, die teilweise von der gesetzlichen Sozialversicherung erstattet werden";"0612 301"
"Zuzahlungen (Eigenanteile) zu Notfalltransporten und Notrettungen von Patientinnen  und Patienten, die teilweise von der gesetzlichen Sozialversicherung erstattet werden";"0642 001"
"Zuzahlungen (Eigenanteile) zu orthopädischen Schuhen, die teilweise von der gesetzlichen Sozialversicherung erstattet werden";"0613 301"
"Zuzahlungen (Eigenanteile) zur ambulanten Heilbehandlung und medizinischer Rehabilitation, die teilweise von der gesetzlichen Sozialversicherung erstattet werden";"0623 101"
"Zuzahlungen (Eigenanteile) zu stationärer Heilbehandlung und medizinischer Rehabilitation, die teilweise von der gesetzlichen Sozialversicherung erstattet werden";"0631 001"
"Zuzahlungen (Eigenanteile) zu Verhütungsmitteln und Schutzprodukten im Gesundheitswesen, die teilweise von der gesetzlichen Sozialversicherung erstattet werden";"0612 201"
"Zuzahlungen (Eigenanteile) zu Vorsorgedienstleistungen, die teilweise von der gesetzlichen Sozialversicherung erstattet werden";"0621 902"
"Zuzahlungen (Eigenanteile) zu zahnärztlichen Vorsorgedienstleisungen, die teilweise von der gesetzlichen Sozialversicherung erstattet werden, z.B. konservierende Behandlung, zahnärztliche Gutachten";"0622 101"
"Zuzahlungen und Eigenanteile der gesetzlichen Sozialversicherten zu Hörhilfen";"0613 201"
"Zweitaktgemische, auch für Freizeitfahrzeuge";"0722 308"
"Zweitaktmotoren für Kraftfahrzeuge";"0721 205"
"Zweitwohnungen bis 70 m², Miete für";"0412 111"
"Zweitwohnungen über 70 m², Miete für";"0412 112"
"Zweitwohnungssteuer";"1612 800"
"Zwerghasen, lebend";"0932 102"
"Zwetschgen, frisch oder gekühlt";"0116 309"
"Zwetschgenkonserven";"0116 905"
"Zwetschgenwasser, Verzehr in Kantinen, Mensen, a.n.g.";"1112 900"
"Zwetschgenwasser, Verzehr in Kantinen, Mensen von Hochschulen";"1112 100"
"Zwetschgenwasser, Verzehr in Restaurants, Cafés, Bars, mit umfassender Bedienungsleistung";"1111 141"
"Zwetschgenwasser";"0211 040"
"Zwieback";"0111 363"
"Zwiebackmehl";"0111 319"
"Zwiebelbrötchen";"0111 320"
"Zwiebelgemüse, frisch oder gekühlt";"0117 401"
"Zwiebelkuchen, tiefgekühlt";"0119 140"
"Zwiebeln, frisch oder gekühlt";"0117 401"
"Zwiebeln, geröstet";"0117 929"
"Zwiebeln, von Blumen und Zierpflanzen, Vermehrungsgut";"0931 227"
"Zwiebelpulver";"0119 402"
"Zwiebelwurst, Rohwurst";"0112 310"
"Zwirne";"0313 205"
"Zwischenkredite, Aufnahme bei Bausparkassen";"0081 200"
"Zwischenkredite, Tilgung bei Bausparkassen";"1651 200"
"Zwischenkredite, Verzinsung bei Bausparkassen";"1651 400"
"Zwischenwände für die Wohnungsinstandsetzung, auf Kosten der Eigentümerinnen und Eigentümer";"1675 100"
"Zwischenwände für die Wohnungsinstandsetzung, auf Kosten der Mieterinnen und der Mieter";"0431 108"
